Loan ID,Customer ID,Loan Status,Current Loan Amount,Term,Credit Score,Annual Income,Years in current job,Home Ownership,Purpose,Monthly Debt,Years of Credit History,Months since last delinquent,Number of Open Accounts,Number of Credit Problems,Current Credit Balance,Maximum Open Credit,Bankruptcies,Tax Liens,Loan_Approved
14dd8831-6af5-400b-83ec-68e61888a048,981165ec-3274-42f5-a3b4-d104041a9ca9,Fully Paid,445412,Short Term,709,1167493,8 years,Home Mortgage,Home Improvements,5214.74,17.2,33,6,1,228190,416746,1,0,Y
4771cc26-131a-45db-b5aa-537ea4ba5342,2de017a3-2e01-49cb-a581-08169e83be29,Fully Paid,262328,Short Term,723,1168129.5,10+ years,Home Mortgage,Debt Consolidation,33295.98,21.1,8,35,0,229976,850784,0,0,N
4eed4e6a-aa2f-4c91-8651-ce984ee8fb26,5efb2b2b-bf11-4dfd-a572-3761a2694725,Fully Paid,266871,Short Term,741,2231892,8 years,Own Home,Debt Consolidation,29200.53,14.9,29,18,1,297996,750090,0,0,Y
77598f7b-32e7-4e3b-a6e5-06ba0d98fe8a,e777faab-98ae-45af-9a86-7ce5b33b1011,Fully Paid,347666,Long Term,721,806949,3 years,Own Home,Debt Consolidation,8741.9,12,33,9,0,256329,386958,0,0,Y
d4062e70-befa-4995-8643-a0de73938182,81536ad9-5ccf-4eb8-befb-47a4d608658e,Fully Paid,176220,Short Term,723,1168129.5,5 years,Rent,Debt Consolidation,20639.7,6.1,33,15,0,253460,427174,0,0,N
89d8cb0c-e5c2-4f54-b056-48a645c543dd,4ffe99d3-7f2a-44db-afc1-40943f1f9750,Charged Off,206602,Short Term,729,896857,10+ years,Home Mortgage,Debt Consolidation,16367.74,17.3,33,6,0,215308,272448,0,0,Y
273581de-85d8-4332-81a5-19b04ce68666,90a75dde-34d5-419c-90dc-1e58b04b3e35,Fully Paid,217646,Short Term,730,1184194,< 1 year,Home Mortgage,Debt Consolidation,10855.08,19.6,10,13,1,122170,272052,1,0,Y
db0dc6e1-77ee-4826-acca-772f9039e1c7,018973c9-e316-4956-b363-67e134fb0931,Charged Off,648714,Long Term,723,1168129.5,< 1 year,Home Mortgage,Buy House,14806.13,8.2,8,15,0,193306,864204,0,0,Y
8af915d9-9e91-44a0-b5a2-564a45c12089,af534dea-d27e-4fd6-9de8-efaa52a78ec0,Fully Paid,548746,Short Term,678,2559110,2 years,Rent,Debt Consolidation,18660.28,22.6,33,4,0,437171,555038,0,0,Y
0b1c4e3d-bd97-45ce-9622-22732fcdc9a0,235c4a43-dadf-483d-aa44-9d6d77ae4583,Fully Paid,215952,Short Term,739,1454735,< 1 year,Rent,Debt Consolidation,39277.75,13.9,33,20,0,669560,1021460,0,0,Y
32c2e48f-1ba8-45e0-a530-9a6622c18d9c,0de7bcdb-ebf4-4608-ba39-05f083f855b6,Fully Paid,266871,Short Term,728,714628,3 years,Rent,Debt Consolidation,11851.06,16,76,16,0,203965,289784,0,0,N
fa096848-6143-4907-b2cf-852a0b06171c,aa0a6a22-a95e-48e0-ba4f-b83456d424e4,Fully Paid,541970,Short Term,723,1168129.5,10+ years,Home Mortgage,Home Improvements,23568.55,23.2,33,23,0,60705,1634468,0,0,Y
403d7235-0284-4bb6-919a-09402fecbf7b,11581f68-de3c-49d8-80d9-22268ebb323b,Fully Paid,266871,Short Term,740,776188,< 1 year,Own Home,Debt Consolidation,11578.22,8.5,25,6,0,134083,220220,0,0,Y
01d878ae-efa2-41e2-8159-6c834ff09f47,900c9191-2c20-4688-af7e-07c59b5d5a24,Fully Paid,266871,Short Term,743,1560907,4 years,Rent,Debt Consolidation,17560.37,13.3,33,10,1,225549,496474,1,0,N
2e841c8f-3dc1-464d-91c1-3d3d51e64c38,2ac05980-7848-4692-89ae-9321afe650f8,Fully Paid,234124,Short Term,727,693234,10+ years,Rent,Debt Consolidation,14211.24,24.7,46,10,1,28291,107052,1,0,N
7cbaa3fa-16fd-4343-9bcb-e90b34a1072f,3ec886e7-f15d-4c35-83d0-bdec4817ae4b,Fully Paid,449020,Long Term,723,1168129.5,9 years,Own Home,Debt Consolidation,18904.81,19.4,33,8,0,334533,428956,0,0,Y
c9a16a9d-8801-4430-b445-dbf9cf845e31,abb4c446-08ea-49ff-aeb8-5e1e9da673e7,Charged Off,653004,Long Term,723,1168129.5,7 years,Home Mortgage,Debt Consolidation,14537.09,20.5,33,9,0,302309,413754,0,0,Y
24e8c8bd-d10b-4dac-8b81-1da470ff5ecb,967e8733-7189-49b7-a3ab-6a1d0e1abdac,Fully Paid,666204,Long Term,723,1821967,10+ years,Home Mortgage,Debt Consolidation,17612.24,22,34,15,0,813694,2004618,0,0,Y
c6be21f0-80b1-46b3-8019-16646fd2137d,c67b2cb5-9f91-4bcb-9a03-03d1589c6c1a,Fully Paid,66396,Short Term,723,1168129.5,10+ years,Rent,Debt Consolidation,9898.81,27.1,33,23,1,9728,402380,1,0,N
41f7dd8d-bfdd-43de-859a-2ce215aa4c07,422f9b72-5041-407c-8ac4-982213deacd1,Fully Paid,390390,Short Term,747,1791738,8 years,Home Mortgage,Home Improvements,2478.55,22.7,33,6,0,121182,801812,0,0,Y
150ebbad-ebed-441e-b70d-2f350ad7dca6,40f729c9-54c7-4768-9fb5-2fa41d074c48,Charged Off,317108,Long Term,687,1133274,8 years,Rent,Debt Consolidation,9632.81,17.4,53,4,0,60287,126940,0,0,Y
31ae42f6-7e92-46bf-97e9-fa25499162ba,016c5139-4da2-44ba-a0a6-7b23597526a8,Fully Paid,128238,Short Term,750,1354073,< 1 year,Rent,Debt Consolidation,13202.15,11.9,33,7,0,131936,458788,0,0,Y
c7e2b784-016b-4fc4-8fde-623f09126557,5b53e176-8fc7-48bf-9d78-ceb5aa284f36,Charged Off,153252,Short Term,714,1890690,2 years,Rent,Debt Consolidation,21900.35,15.7,33,12,0,891594,1081014,0,0,Y
14c61ec2-6349-4d01-ba85-2daebfbf85d6,eb166545-76e5-43ae-8c64-3fe5ebb9c729,Fully Paid,91894,Short Term,724,850383,10+ years,Home Mortgage,Debt Consolidation,5860.74,17.5,33,7,0,95608,230626,0,0,N
7aa649ff-b73b-4556-a4c3-a4d35762809a,54f57722-2473-4dd8-b69b-82b5b0c1c9f9,Fully Paid,244926,Long Term,704,1249953,4 years,Home Mortgage,Debt Consolidation,6812.26,14.4,33,6,1,143051,245014,0,1,N
578c8e10-3214-4491-bdbc-b1695ef8ff87,cbe53e22-ba67-4eaf-a4fb-c5acdd12ec66,Fully Paid,465410,Long Term,688,1722654,3 years,Rent,Buy House,15647.45,22.3,30,7,0,107559,488356,0,0,Y
0c14cb77-29a3-4964-9198-0c43f5f982b0,9baf6d5d-f744-4332-abb0-e939b75cde40,Fully Paid,266871,Short Term,724,1029857,1 year,Rent,Debt Consolidation,13817.18,12,33,6,0,138339,221232,0,0,N
18a7a019-6594-478c-b070-fb3b1c695587,2bdc133d-cbbf-46c1-a902-488924082993,Fully Paid,443960,Short Term,749,1432391,2 years,Home Mortgage,Debt Consolidation,25186.21,14,33,15,0,342475,905344,0,0,Y
ccc6dadf-7530-4ca6-a679-a228ae478b5d,689da294-ff83-4d49-986a-c61887f6d4e2,Fully Paid,266871,Short Term,746,1749748,10+ years,Home Mortgage,Debt Consolidation,19247.19,20,32,17,0,224390,295240,0,0,Y
dcf093ca-d26b-4853-9679-aa0c7ebe05a7,5129cffc-68a1-4dd9-8bfe-035f3478d6dd,Fully Paid,107404,Short Term,723,1168129.5,10+ years,Home Mortgage,other,19238.07,43.7,33,5,0,28956,58014,0,0,Y
b762002d-4f8b-4eb0-a1c7-b1a9874fd997,f4226232-1c33-4d69-ada0-c88245fe345f,Fully Paid,266871,Short Term,737,1501912,6 years,Rent,Business Loan,31039.54,18,33,8,0,229349,469172,0,0,N
99826faa-9c45-438e-9ee5-0d7523cffc12,247c59e9-cf6b-40a7-ae35-d102b69991cc,Fully Paid,334620,Short Term,729,1348620,2 years,Rent,Debt Consolidation,16913.99,20,33,16,0,313177,539616,0,0,Y
feee8a68-5ddc-41a6-9d10-d5e3f2e4f7c6,1c9b6b3e-060d-4a70-8b08-522a7f589e89,Charged Off,130174,Short Term,733,524609,< 1 year,Rent,Debt Consolidation,9311.71,15.4,33,7,1,130701,268818,1,0,N
af76ed30-e663-4125-8749-3ff5e509cb37,61a4f1ed-e2c3-401e-aec8-9b0d7178f5ff,Fully Paid,333564,Long Term,725,1248338,10+ years,Home Mortgage,Debt Consolidation,18205.04,14.6,33,18,0,300979,515526,0,0,N
83ad0662-ef2d-4732-99ff-e9cdab4eb276,2d53b50a-30a2-488e-a287-3780b26e62ba,Fully Paid,109318,Long Term,723,1168129.5,10+ years,Home Mortgage,Buy a Car,15524.9,22.7,33,9,0,77121,920524,0,0,Y
677c8cd8-efef-402a-8464-268f1d86fc5a,b91032a8-107c-4c0f-9ef8-c517e696f497,Fully Paid,125796,Short Term,745,1261068,5 years,Home Mortgage,Debt Consolidation,20597.33,24.5,33,13,0,684817,997414,0,0,Y
01258b9b-bcac-4935-8fd5-cff308b65943,86b8d158-c6f7-4ff0-8aaf-4eb96a3e6adc,Fully Paid,266871,Short Term,743,752039,4 years,Home Mortgage,Debt Consolidation,17046.23,14.1,33,10,0,213484,478126,0,0,Y
d6946f18-5e64-41e6-ba92-ebff21fc5cee,d1d8497b-90bf-48ea-a8b1-40c909ab1f97,Fully Paid,161172,Short Term,720,796499,8 years,Home Mortgage,Debt Consolidation,3404.99,22.6,33,6,1,114095,170038,0,0,N
03e3a77a-fa93-489c-b7b3-c06196ba3bce,dedbd71d-dabd-4c64-a38f-bb5886e7f8b6,Charged Off,259842,Short Term,723,1168129.5,8 years,Home Mortgage,Debt Consolidation,11792.73,20.6,34,9,0,401584,708818,0,0,N
f7db4043-3607-46fe-a421-edf3281eed7c,f7581a72-d073-48a3-934f-14bdfae93691,Fully Paid,449108,Short Term,718,1454507,8 years,Home Mortgage,Debt Consolidation,13090.43,28.8,21,14,0,193990,458414,0,0,Y
21d019a9-dc53-40e9-9c88-1ec3378283fe,64560eb4-f50d-4f14-8a86-b46c0381bef2,Charged Off,688468,Long Term,682,1494616,< 1 year,Rent,Debt Consolidation,14697.07,16.6,50,8,0,343995,843854,0,0,Y
38025238-198c-425e-b6c2-1e3f38b4e46d,33ca84d6-61ab-4e1c-9312-77228201e7dd,Fully Paid,210166,Short Term,723,1168129.5,2 years,Rent,Debt Consolidation,13084.54,14,20,10,0,314336,483362,0,0,Y
dc17c812-a350-459f-84dd-906fd42a5ab2,847e2dfa-a44c-4ec1-b05f-5d4a33e66885,Fully Paid,327008,Long Term,723,1168129.5,4 years,Home Mortgage,Debt Consolidation,15419.45,16.7,24,13,0,268090,529738,0,0,Y
0c84b81a-e5a9-4a92-8dc8-fb179add03a4,628b0914-b1d7-4028-b590-b50f5da53d06,Charged Off,288948,Short Term,712,537472,10+ years,Rent,Debt Consolidation,5777.9,14.8,33,4,0,132468,164406,0,0,N
93d2f093-833c-42a3-8879-05ab3bd73951,c5a714bb-75c6-4264-a807-8a35bb12ce7d,Fully Paid,311762,Long Term,680,2211657,4 years,Home Mortgage,Debt Consolidation,44601.74,14.5,15,11,0,213921,509652,0,0,N
f1586bd6-bda7-442c-af83-aabc8d079bba,64a23638-0025-41de-b41d-85c01eee6f1a,Fully Paid,266112,Short Term,750,919296,1 year,Rent,Debt Consolidation,12946.79,21.6,33,9,0,266266,485518,0,0,Y
2e30d6ea-3157-4537-99d9-f580eeaae1d5,5d71bb9d-ce8b-499d-91bf-3df92426430d,Fully Paid,129712,Short Term,723,1465698,10+ years,Own Home,Debt Consolidation,18199.15,19.4,6,34,1,45106,163218,0,0,Y
f6f70cfd-5100-4e63-b3c5-fa602ed29e95,24f6b0cb-17bd-4931-8cc9-b957f20efea5,Fully Paid,287980,Short Term,737,1013954,< 1 year,Home Mortgage,Debt Consolidation,16138.6,18.6,13,11,0,223117,489302,0,0,Y
17d0f2ec-c03f-4885-91a8-aa90830372b5,6cfb0765-7cd8-4ef5-aa6e-f935caf57cf0,Fully Paid,439428,Short Term,710,1518024,8 years,Rent,Debt Consolidation,20923.56,17.8,33,11,0,209304,265716,0,0,Y
1ee5e9de-290c-45f0-8ef2-445c98afc6f6,1ee733fd-fda7-4666-bbcb-059103773627,Charged Off,456808,Long Term,598,1096167,10+ years,Own Home,Debt Consolidation,14341.39,14.1,33,8,0,161861,278058,0,0,N
56171b60-824e-46cf-8e39-3304427e84f4,86d02184-ce07-4f47-9f68-45743fa29ced,Fully Paid,518012,Long Term,719,1193010,10+ years,Own Home,Debt Consolidation,22667.38,20.9,33,11,0,452770,1080926,0,0,Y
0daecc08-0354-4753-b282-52124b2420df,2884d362-391a-4941-af69-c825cae18002,Charged Off,219692,Long Term,661,527839,10+ years,Rent,Debt Consolidation,14207.63,17,48,9,0,254277,379918,0,0,N
b41e7075-f499-4311-8dfb-cbf23b045150,06d6c4a1-7a06-41c5-aeb1-fe0d7e5c895e,Charged Off,214874,Short Term,723,1168129.5,2 years,Rent,Debt Consolidation,20322.78,15.6,69,8,0,285589,402776,0,0,N
4ead58f0-0383-441a-b93d-a00c6baa74aa,41988ec9-7368-42a3-bc2f-9882fb3779f6,Charged Off,374176,Long Term,652,1239199,10+ years,Home Mortgage,other,5163.25,36.6,42,10,0,126350,415602,0,0,Y
72322924-6242-4503-871f-501870761c91,82b6502d-b24e-43d7-baf5-5624e566bfe3,Fully Paid,266871,Long Term,730,2509520,10+ years,Home Mortgage,Debt Consolidation,34714.9,40.8,35,12,0,733324,1035496,0,0,Y
a4b4920d-48a4-424f-8386-1959f2f9ae86,48e551b4-6a6f-4450-bf3c-f0ee9bcb266e,Charged Off,176198,Short Term,736,1902090,10+ years,Home Mortgage,Debt Consolidation,28372.89,15.4,7,9,0,206872,620554,0,0,Y
a5ada080-a058-4ad2-8953-002b7ec1ae31,9966e08c-04a6-41ab-86d0-e4062c64bd41,Charged Off,78012,Short Term,738,728726,4 years,Rent,major_purchase,10135.36,11.4,33,8,0,104633,199936,0,0,N
f8dcf551-d7b6-4378-8a29-caa1b0a42e75,b6f9e737-6609-45fd-8d6c-37b1b64c45df,Fully Paid,669372,Short Term,725,2158210,7 years,Home Mortgage,Debt Consolidation,34711.29,9.2,33,17,0,496052,638176,0,0,Y
4bcf4e06-60c7-4849-8c70-ada382fef5bb,0b25e0aa-3fe1-4540-8e6d-f6e579dfc84a,Fully Paid,130922,Short Term,747,2261304,2 years,Rent,Debt Consolidation,9761.25,16.1,30,6,0,110428,235488,0,0,Y
7e2870c0-998d-4d35-ab8f-df77d30a0b8a,cdb9037a-a7e4-49e5-ace2-61cb3df0e1e0,Fully Paid,174548,Short Term,721,1620681,6 years,Rent,Take a Trip,30522.74,15,27,7,0,40489,128832,0,0,Y
965909d3-09a6-410f-a30f-f25123010b3e,e947abb6-87fa-4e75-b381-d487bc4dd0bf,Charged Off,290224,Long Term,644,837045,7 years,Home Mortgage,Debt Consolidation,8230.99,18.3,10,11,0,176624,370480,0,0,N
de86c495-4052-43e9-b773-0b6597c41347,2b8d9ed7-d6d4-491e-82f9-f5bee3bd9408,Fully Paid,718784,Long Term,672,1648915,10+ years,Home Mortgage,Debt Consolidation,15664.74,12,5,10,0,252016,489610,0,0,Y
6aca03a8-c5b2-4010-a236-50cb785cc64c,1902ebd8-4ffa-4182-90dd-89a9eb14a9a0,Fully Paid,152548,Short Term,723,1168129.5,7 years,Home Mortgage,Debt Consolidation,19164.54,12.1,26,22,0,120916,946000,0,0,N
a80790da-0712-4c82-ab49-753c7878c5a0,c5e8d25e-4417-4e67-ac03-9d5cf3f903ca,Fully Paid,602008,Long Term,741,2896721,2 years,Own Home,Debt Consolidation,48278.62,19.6,32,17,0,5246261,11887678,0,0,Y
277db7a2-1644-460b-aa8b-36951e5514f2,8e49b9f9-b15f-4d76-a1f8-2bc90dfdb07f,Fully Paid,171248,Short Term,747,3035725,10+ years,Home Mortgage,Debt Consolidation,42500.15,31.5,17,11,0,25460,151140,0,0,Y
1704367e-1d71-4551-8d33-49aa15cab4b1,88f97adf-070a-47b1-9657-38276eef7d19,Charged Off,523908,Long Term,737,1028774,6 years,Home Mortgage,Debt Consolidation,22632.99,19.3,33,5,0,474658,742720,0,0,Y
426da1a8-2d65-4033-a00b-9dc40729ebda,0c0f26c2-c4c9-4f63-ae6c-1895438c6966,Fully Paid,323466,Long Term,699,2048618,6 years,Home Mortgage,Debt Consolidation,27997.64,14,72,19,1,389994,743952,1,0,N
8196d772-1651-4a42-85a1-f92b51c415bb,fef3362a-2732-4520-ab83-4ce52074aa4e,Charged Off,751520,Long Term,723,1168129.5,6 years,Home Mortgage,Debt Consolidation,27204.01,20.5,48,19,0,483968,594880,0,0,Y
71e2f337-7a44-43cd-9a26-36e74c0cc040,6ae17645-6b2a-4088-bb0c-1ca8424fedd7,Fully Paid,289388,Short Term,723,1168129.5,7 years,Home Mortgage,Debt Consolidation,9758.4,16,33,12,0,439033,1735030,0,0,Y
3e58847f-ecdf-4945-b7b7-d4141c35ab52,570f58b9-c502-4c7d-b1a8-9df512e9daf5,Fully Paid,144562,Short Term,751,1060922,9 years,Home Mortgage,Debt Consolidation,19750.88,21.8,33,7,0,314773,1035408,0,0,Y
5463544a-4d55-402e-bdde-48a27644dfb2,c2fe5a7f-9826-48ad-ae02-b2c31cae3463,Fully Paid,211222,Short Term,694,947625,4 years,Rent,Debt Consolidation,8923.35,18,65,9,1,93081,397694,1,0,N
67d1e3af-f5f1-41a0-8051-ebe452c3502b,e978f6d8-912e-418e-8649-1b970583f4c8,Fully Paid,162360,Short Term,720,486875,10+ years,Rent,Debt Consolidation,8560.83,15.1,46,16,0,129504,434654,0,0,Y
ce3eb521-f562-4183-b307-276cd39f65f7,decb6753-c45f-4f8a-ae0d-e8b26d246998,Fully Paid,266871,Short Term,699,2770162,5 years,Home Mortgage,Debt Consolidation,48708.4,25.6,25,13,0,348802,449262,0,0,Y
fd50c3d1-8d6d-410e-ba58-d3f1bcae6409,a17de546-6b7f-4abf-9af4-99047eeda08a,Fully Paid,311058,Long Term,675,1343167,10+ years,Home Mortgage,Debt Consolidation,21378.8,31.4,17,11,0,247912,541596,0,0,Y
3924da4c-a6f7-4852-8fa4-c0ed8a6e903d,8980b1b1-7f07-49c7-a4f7-4268a61210f5,Fully Paid,767536,Long Term,724,6628720,10+ years,Home Mortgage,Debt Consolidation,53747.96,29.5,33,13,0,1426425,2510112,0,0,Y
f41d9a21-d501-46d2-93c7-3c5b3b6bd3b5,6e8df64b-1404-4c95-8c79-954a601ba585,Charged Off,133034,Short Term,723,1168129.5,5 years,Own Home,other,30520.46,13.8,33,23,0,113278,1561406,0,0,Y
38c7f29b-fc9d-4674-be19-e0a4f1a9afc6,55012e48-1a72-4609-b289-cd25b03f1aea,Fully Paid,389884,Short Term,657,4776125,1 year,Home Mortgage,Debt Consolidation,42985.22,21.5,4,14,1,237500,562386,1,0,Y
11653c24-aa0a-4435-9ec7-4720d2bf4da8,d377d2ea-5cf8-4ee2-b7ba-f5be4dbb1b11,Fully Paid,163966,Short Term,678,719910,9 years,Home Mortgage,Home Improvements,12778.26,6.4,33,9,1,66025,138248,0,1,N
333ea452-cc2d-41a5-9970-a011ea10d148,47e5d0b1-228e-4fae-a0a5-22f4b9f8ad7d,Fully Paid,433312,Short Term,736,1010401,7 years,Home Mortgage,Debt Consolidation,22228.86,16.1,11,19,0,201780,613228,0,0,Y
9d2b2b18-c11e-4c01-9608-542d87f200d3,42374c5d-1275-4b47-b0d6-e1c33d02b811,Fully Paid,266871,Short Term,737,2015159,6 years,Home Mortgage,Debt Consolidation,21494.89,10.5,54,16,0,321214,478060,0,0,Y
0e4489e9-f9c0-4a8b-9e1b-818fcdfa5956,2bafd352-5fbb-4435-8316-fa2e7bc6950f,Fully Paid,266871,Short Term,748,1875680,5 years,Rent,other,9393.98,13,33,14,0,232674,1353858,0,0,Y
b97f1dad-69b8-4971-ae26-0a4e774239a8,3c75455c-6827-49fc-b91d-3001a1a5c9ba,Fully Paid,89320,Short Term,748,1832075,< 1 year,Home Mortgage,Other,13312.92,19,33,6,0,127946,216260,0,0,Y
5bc5f041-9d56-4ed0-af6a-37d12daa5c49,ac460fac-928b-4149-b919-69ea4eb9750f,Fully Paid,392282,Long Term,688,974662,8 years,Home Mortgage,Debt Consolidation,10396.42,12,10,11,0,35663,242946,0,0,Y
747a1799-0cee-4e91-9b8c-1fcfe1d23906,d80034d4-37b2-4380-9546-3bc3c9025077,Fully Paid,444620,Short Term,723,1168129.5,2 years,Home Mortgage,Home Improvements,15292.34,11.8,33,9,0,373350,522742,0,0,Y
37b7adb4-8f90-4ddf-813c-813e34dda68a,034ce7a6-999c-4ffa-a1d2-610f88a29606,Fully Paid,262988,Short Term,743,1340279,10+ years,Rent,Debt Consolidation,9348.38,28.2,35,9,0,499548,681296,0,0,Y
1e59ad24-1924-46bb-ab5f-d507d795fa5d,0f9f9ea4-6122-4fc6-99fd-6c6c38a32138,Fully Paid,498586,Long Term,666,1351679,3 years,Rent,Other,32214.88,12.2,33,15,0,205637,433686,0,0,N
8873a073-d23d-49a9-9b44-381e04fb118b,f55d6d2b-646b-4d5d-996e-85f78f6fe3f2,Fully Paid,378334,Short Term,714,2120514,2 years,Rent,Debt Consolidation,35695.3,17,24,12,0,75335,413402,0,0,Y
cf95346d-6bc9-4b10-8383-b42342da886c,e5e051b3-545f-45c7-a975-360b732f7c97,Fully Paid,266871,Short Term,734,1355802,3 years,Rent,Debt Consolidation,15365.68,44.5,31,8,0,25441,1841796,0,0,Y
df9ae7ca-d33b-4abc-b2ec-c6455f7a5cc6,377a2055-0d25-4dd0-a7c9-28cb61f68259,Charged Off,194942,Short Term,742,1212238,1 year,Rent,Debt Consolidation,25254.99,27.4,19,13,1,176396,339834,1,0,N
25dc64d4-1fbb-4f93-9f2b-6d60fb75eea3,46dce277-4cdd-4b47-83f8-97078cb41bc0,Fully Paid,731566,Short Term,705,1377443,10+ years,Home Mortgage,Debt Consolidation,13429.96,20.4,65,18,0,563008,1070432,0,0,Y
374bba0a-c0fe-46bf-a93f-b7aa70333d92,64f770d8-dec2-42e7-8955-6149ce7efd5f,Fully Paid,479358,Short Term,723,1168129.5,10+ years,Rent,Debt Consolidation,22659.59,22.4,41,13,0,807462,1391302,0,0,Y
bbde2bed-dc43-409a-a4e9-06e3cfd3e2cd,4da78dcb-83c2-4338-9a5b-72bd01053f5c,Fully Paid,336908,Short Term,723,1168129.5,10+ years,Rent,Debt Consolidation,6652.47,29.1,33,8,0,277419,1119250,0,0,Y
97a3b948-4883-442e-a362-1a0751bf6d9e,4cc38eb2-c463-493a-82e9-1571bacc69a9,Fully Paid,270116,Short Term,723,1168129.5,2 years,Home Mortgage,Debt Consolidation,15649.92,31.3,33,22,0,648850,3996322,0,0,Y
9270a0f9-c873-4cff-b8d6-63b5377a0340,f4a63c54-c7b6-4132-a5c1-160b09c0a1cf,Fully Paid,156772,Short Term,748,1411966,6 years,Home Mortgage,Home Improvements,22591.38,18,73,10,0,38456,251548,0,0,Y
268d33e0-76cc-42b4-9e18-8c3e9f9a34c6,40deeacb-f472-4241-9861-56ce8bfe3151,Fully Paid,306548,Short Term,723,1168129.5,6 years,Rent,Debt Consolidation,11157.37,17.5,33,10,0,200127,387508,0,0,Y
ed6b4f20-6897-44b9-b36c-834f5f371853,bc653e0d-ccac-4114-b998-f53c9f2dffc8,Fully Paid,432080,Short Term,723,1168129.5,10+ years,Rent,Debt Consolidation,35360.14,17.9,24,22,0,160550,685982,0,0,N
4cfa482a-57c2-4856-ab26-a8af32adaa3f,403bdb3c-e326-4172-9f81-4e6b992cc349,Fully Paid,158818,Short Term,731,315666,10+ years,Own Home,Debt Consolidation,8522.83,31.3,60,13,2,260072,756646,0,2,N
87260afa-a95d-4507-9db0-c8eeb5db5aef,168cc347-945f-43d4-827b-1c06c7a80722,Charged Off,78738,Short Term,624,536370,2 years,Rent,other,14034.92,10.5,15,14,0,138586,266112,0,0,N
10da47ac-d3ce-461c-bf95-1b9d0cac176f,d110ff2c-c936-487a-8e4f-8a192bad9cd8,Fully Paid,453464,Short Term,712,895147,3 years,Rent,Debt Consolidation,17007.85,14.2,77,12,1,137845,222926,1,0,N
65eff4d6-e64b-405f-abe9-b8e0c273397c,e298cbfc-074f-4441-9faf-d452aba7487f,Fully Paid,595672,Short Term,685,1305927,10+ years,Rent,Debt Consolidation,13603.43,25.9,33,8,0,108148,129624,0,0,N
9239bc63-b054-475a-bb83-b631e62685b4,4b8c3426-83b6-4e7a-bd22-ab5695587508,Fully Paid,166672,Short Term,705,1048667,10+ years,Home Mortgage,Debt Consolidation,16166.91,16,18,10,0,167656,267014,0,0,N
29cf8611-c24d-4ad2-a3b5-2dadd9b7850f,5df79973-ce71-49e2-a6a2-a52221cd1b1a,Fully Paid,132792,Short Term,751,668990,4 years,Rent,other,6132.25,14.7,33,5,0,61199,214742,0,0,Y
e67fc85b-55e8-4961-9199-8ae4610b2e24,fc5cff9c-c6b5-4616-a83f-c6866e7ce032,Charged Off,119504,Short Term,745,938315,2 years,Home Mortgage,Buy House,11807.17,13,9,11,0,32300,104170,0,0,Y
5cfed06e-4876-4098-b368-984806f1cee1,ba4f8d7d-4907-4870-a1b1-e79f7055e13d,Fully Paid,33022,Short Term,723,1673007,7 years,Rent,Debt Consolidation,25234.47,23.3,80,13,0,125609,323928,0,0,Y
9041f59a-e02d-40e1-a6ef-60dce86ca5c9,4bdc5535-cbfe-4f08-9852-0d2a690a4644,Fully Paid,448976,Short Term,742,4071396,10+ years,Home Mortgage,Debt Consolidation,10348.16,19.7,33,7,0,486001,1253340,0,0,Y
9cca9017-f068-40d9-bc1f-b3628215b25c,f0d6b352-bcf0-4114-9180-3e25878ddf69,Fully Paid,280588,Short Term,717,671080,3 years,Rent,Debt Consolidation,17447.89,10,70,10,1,168169,470360,1,0,N
15d95766-83b9-4218-aea1-b7d8bb023d43,151e8706-cbcc-4d7f-bff0-a13ef9f5807a,Charged Off,556336,Long Term,714,1402960,10+ years,Home Mortgage,Debt Consolidation,19524.4,19.5,38,5,0,317338,389246,0,0,Y
9c4fc474-8aa1-4a3b-9d18-818bb81c6b0c,455d606b-6b1e-4222-9b90-987c55d001e6,Fully Paid,541310,Short Term,722,1682982,1 year,Home Mortgage,Debt Consolidation,52733.36,17.9,35,13,0,356288,619432,0,0,Y
206c7b26-db44-4c00-a637-3fcb931b3138,8823b7a8-9c0b-4f2d-a1dc-ffcb37ee4efb,Fully Paid,311872,Long Term,680,1063810,6 years,Home Mortgage,Debt Consolidation,28191.06,12.2,33,10,0,391723,591338,0,0,N
76fa89b9-e6a8-49af-afa1-8151315aba8e,9d42ab3f-ccf7-4b8e-9dc0-54caaae9c343,Fully Paid,340604,Long Term,618,928701,10+ years,Home Mortgage,Debt Consolidation,21205.52,14.4,33,5,0,291137,368808,0,0,N
296ccd77-325c-4c02-a2ce-d7aff95ff7a5,3fcb95d2-9f4f-4877-b959-a02948af9de4,Charged Off,765160,Long Term,719,2643242,7 years,Home Mortgage,Debt Consolidation,34582.47,20.5,47,19,0,249755,489302,0,0,Y
856c1ab9-2294-43a2-8121-efae82cd595c,3edb6bb1-2045-4746-bd78-cdd4a7683b8d,Charged Off,109802,Short Term,745,474069,< 1 year,Rent,Debt Consolidation,1497.39,11,33,2,0,91048,186604,0,0,Y
fbeb20b4-19e7-407c-8bb7-a6cb41cca2cb,030a28e3-11ef-4d3f-9601-0479039ac27c,Charged Off,349756,Long Term,737,2491945,3 years,Rent,Debt Consolidation,23258.28,21.5,33,7,0,270332,660396,0,0,Y
cce5ecac-8760-4a74-a326-e11b56611bac,90303eb6-110d-4aed-98e9-5bdb1ce8bb10,Fully Paid,545886,Short Term,718,1565182,7 years,Rent,Debt Consolidation,41477,15,6,16,0,80465,296714,0,0,Y
7668e8bf-63f4-4d29-b548-0ca9a78d888c,d7ba72fa-b67b-46e7-8f1b-aa68520b89c8,Fully Paid,266871,Short Term,750,2435667,7 years,Rent,Debt Consolidation,31257.66,12.3,33,10,0,72276,1073028,0,0,Y
279abc8f-8495-48ec-8ec3-4aa931eb4990,dccb0b43-a54d-47ae-b01b-382d193b475b,Fully Paid,354046,Long Term,676,1815469,10+ years,Home Mortgage,Home Improvements,5522.16,13,6,6,0,20976,70840,0,0,Y
f2b96316-4901-44ad-b4af-904ce5c2c03a,44c5392a-dab7-4747-a2c7-da56763c6a5e,Fully Paid,472098,Long Term,692,2316575,10+ years,Rent,Debt Consolidation,24517.22,28.2,33,9,0,454176,968506,0,0,Y
a7e3baae-3dd8-46f4-a34c-c3e3971cdba3,3ecdcd82-6b30-4518-bdf9-92de5833caee,Charged Off,86174,Short Term,721,837311,1 year,Home Mortgage,Debt Consolidation,10884.91,13.6,82,15,0,360867,671770,0,0,N
a20abdda-6a28-444d-a731-ac37cdad12ca,4bf2f68f-20e5-44ce-b073-a31953b2f646,Charged Off,509586,Long Term,678,1816001,2 years,Rent,Debt Consolidation,26180.67,13.9,74,32,1,115672,319638,1,0,N
1bbbdaa8-a43d-4371-ad48-8f341a267fa0,942d2eb9-a841-4b19-96c3-a9aaa73b0dcf,Fully Paid,266871,Short Term,709,1806083,10+ years,Home Mortgage,Debt Consolidation,29348.92,16.1,25,22,0,492556,724680,0,0,Y
59d28b2c-d66d-4cef-b04a-4de6c8d8a8b8,7a826762-3889-4043-9425-363df5f6101d,Fully Paid,218988,Short Term,740,775409,4 years,Home Mortgage,Debt Consolidation,8141.88,14.9,9,5,0,100206,186230,0,0,Y
d855c373-2755-4def-8fd5-740b49b4987b,5bdd1ffb-85eb-4072-941e-226eaecebb1f,Fully Paid,176462,Short Term,723,1168129.5,10+ years,Home Mortgage,Home Improvements,14223.59,26.5,33,7,0,171703,1080552,0,0,Y
7f7cc7f8-dfd8-4503-beb7-88fd323f18a8,4e5b7ae7-5341-4435-8da8-fa5ed89b6905,Fully Paid,328262,Short Term,746,1133958,1 year,Rent,Debt Consolidation,20411.32,10.2,33,10,0,229463,472758,0,0,Y
98aac514-3050-423d-b1c5-ec325413c441,453062fa-f96e-42e4-add5-d15c812fc141,Charged Off,663168,Long Term,732,1527296,2 years,Home Mortgage,Debt Consolidation,22145.83,17,32,8,0,331075,543774,0,0,Y
14720be4-cc51-4482-a3b3-4489f53b64b8,e1ca1603-7399-4ae4-a7cd-d5015c433e8c,Fully Paid,338030,Short Term,723,1168129.5,8 years,Rent,Debt Consolidation,12144.04,16.9,33,9,0,321157,419232,0,0,Y
6bba193a-7546-4996-ac3c-6e6ae565326d,044bdda9-adf7-4025-b77d-0160e4e834c2,Charged Off,446094,Short Term,723,1168129.5,3 years,Home Mortgage,Debt Consolidation,30975.51,7,0,9,0,76,85998,0,0,Y
0b23f73f-0b61-4188-b468-55c24da09b9d,eb9b4903-d0df-4a68-bec9-00583ed78f33,Fully Paid,133078,Short Term,709,804460,< 1 year,Rent,Debt Consolidation,9117.34,12.5,33,10,0,111568,243760,0,0,N
38bbc4dd-07e6-42d2-8345-aa561397b9f7,0c687ecc-cabf-48dd-83cd-b6fa50e11fcb,Fully Paid,278058,Short Term,723,1168129.5,7 years,Home Mortgage,Debt Consolidation,18706.64,15.9,33,10,0,207423,1171566,0,0,Y
be270567-d3c1-44b1-b2f8-24c39b6ff821,8ded7e5a-b0e0-4d18-a3cf-5ad8cd5fea52,Fully Paid,266871,Short Term,742,1359792,< 1 year,Rent,Debt Consolidation,17224.07,10.7,33,8,0,57000,150678,0,0,Y
462748a7-7b3e-4e65-aae4-cedddfc95fa8,f99cee77-ac7d-4d8b-936e-93ada7836e1b,Fully Paid,752290,Long Term,649,2320375,3 years,Rent,Debt Consolidation,39252.86,13.4,16,13,0,431053,513502,0,0,N
475d953a-a252-436e-b712-9ac4c8ee930a,c8b825f5-3188-4c38-a4cd-8dd1952d3e20,Fully Paid,266871,Short Term,734,622991,6 years,Own Home,Debt Consolidation,8046.88,10.7,75,15,0,69179,238370,0,0,N
7c8b5dda-a3a8-45dd-afa3-aca1d0dead2f,1ccbd292-a4e3-4ac4-bf08-565e66f30fe6,Fully Paid,105556,Short Term,723,1168129.5,10+ years,Home Mortgage,Debt Consolidation,18234.11,20.7,7,13,0,220894,846890,0,0,Y
f47489b5-9dca-4900-acac-9bece0d675fd,c9e10069-780c-4853-aa6f-092a425f2663,Fully Paid,262724,Long Term,695,1229072,4 years,Rent,Debt Consolidation,21508.76,21.8,33,5,0,337725,394218,0,0,N
8cc6d0be-d411-4b8f-bdc2-c26e113515a9,36096b3d-97e7-4b1e-89bd-660289a7a62d,Fully Paid,54076,Short Term,744,485697,1 year,Rent,Debt Consolidation,2655.06,9,33,6,0,19988,282260,0,0,Y
8d6b5050-fb2d-4241-bdba-9e7d531cb197,9fa0a981-d220-4f8a-99c2-5321c42f070f,Charged Off,552882,Long Term,686,1262151,10+ years,Rent,Debt Consolidation,23770.71,23.4,48,13,0,299706,694056,0,0,N
7d2c9004-734a-4b03-985f-1506f19ba2e7,1e8705ea-cf91-464b-bba9-035a4c9a6da7,Fully Paid,257400,Short Term,723,1168129.5,7 years,Home Mortgage,Debt Consolidation,13740.99,15.7,33,11,0,191159,274626,0,0,Y
d19a1ef3-a7aa-47b6-aa9a-a55513a2027b,dba85a94-371c-4d9f-a0b4-d56def6659fa,Fully Paid,462088,Short Term,723,1168129.5,7 years,Home Mortgage,Debt Consolidation,17759.3,14.8,33,13,0,627418,1603712,0,0,Y
ff1bdcef-f148-49e5-9cdf-f6c77f4d8a67,1ad6919e-0fe1-4628-94a6-69bbd7cb8edc,Fully Paid,460152,Short Term,723,1168129.5,10+ years,Own Home,Debt Consolidation,21330.92,20.5,6,13,0,1220978,5396072,0,0,Y
a834178f-be4b-4fe0-8441-46e5e7b5a31e,1d77b9af-c36c-4683-81e2-54bfb01f00d6,Charged Off,402534,Short Term,741,3090160,9 years,Rent,Debt Consolidation,23639.8,19.6,6,15,0,691467,1332188,0,0,Y
406bf765-35d3-4d3e-aa80-215fd22fa307,ec83df40-a37c-4c6f-89c4-e2dbe965026e,Fully Paid,129844,Short Term,723,1168129.5,< 1 year,Rent,Debt Consolidation,16120.17,14.2,33,10,0,110618,212058,0,0,N
26732d68-bf40-4041-a7fc-32893ba51a5c,735e7283-7724-484c-b113-d50e04e92c63,Charged Off,232716,Short Term,637,1049427,5 years,Rent,Home Improvements,12942.99,9.5,61,20,0,226442,389026,0,0,N
aa8fd231-a19c-4b3c-8abe-75f364f7aa26,e6b4ef94-b40d-451e-b0f7-a164ca3831fc,Fully Paid,286462,Long Term,719,1380426,10+ years,Home Mortgage,Debt Consolidation,27378.62,15.7,75,10,0,177916,335522,0,0,Y
7fe7e42f-37dd-4a13-b371-3d35a012f178,cf4d223b-958a-4a31-8b82-09ae3996fd0c,Fully Paid,223256,Short Term,740,804916,7 years,Home Mortgage,Debt Consolidation,6774.64,34.4,7,13,0,308142,587818,0,0,Y
01b645c9-7eaa-4403-ae13-18563bfce3ed,5e02406a-3cd6-49f7-bdc7-0f90ec0bb030,Fully Paid,348832,Long Term,704,497306,< 1 year,Rent,Debt Consolidation,3257.36,13,33,4,0,90022,167860,0,0,Y
181ba1f9-5dc9-4d76-bffd-0b103fca6297,b0d26cc8-cf23-4eb3-aa53-8074353532ce,Fully Paid,537878,Short Term,743,1296807,1 year,Home Mortgage,Debt Consolidation,24963.53,18.4,70,12,0,249223,515306,0,0,Y
cb0b882b-cac7-455c-bc35-24f2ef0775d7,0d165460-bb88-4a53-b8aa-cdbf8c3f342c,Fully Paid,196460,Short Term,746,942590,2 years,Home Mortgage,Debt Consolidation,15160.1,23.5,33,8,0,138700,410718,0,0,Y
e8283bff-046a-4655-a90a-8ed060e8df8e,6ecfe8c1-8b24-472b-9efa-0fd181df38e9,Fully Paid,214786,Short Term,723,883329,9 years,Home Mortgage,Debt Consolidation,11924.97,14.3,79,5,0,154755,193314,0,0,N
5c2cc96f-159d-42ce-8ca0-f6cf1995119f,01246538-e5a4-46e1-9db5-082889444846,Fully Paid,109538,Short Term,697,567606,7 years,Home Mortgage,Debt Consolidation,5770.68,14.3,62,10,0,86716,151206,0,0,N
eb23bdf8-b4b2-4636-905f-9fa6d53bcf15,d56c6737-bab6-49fc-9363-b7937e489e3a,Fully Paid,259116,Short Term,723,1168129.5,6 years,Home Mortgage,Other,21678.81,31.4,33,9,0,254030,720918,0,0,Y
6ceefb17-6949-441f-86fa-ac63be965855,6adde19f-937f-4369-a6ad-cfe94b41d6dc,Fully Paid,117986,Short Term,694,1886890,5 years,Rent,Debt Consolidation,3207.77,12,19,7,0,80408,351296,0,0,Y
6b68fc88-02db-442a-b5a1-c1d47e345c16,ba0dcc40-2355-4934-a4f8-1dc189964279,Fully Paid,133804,Short Term,725,1386734,4 years,Home Mortgage,Business Loan,16756.48,13.6,33,11,0,105450,260898,0,0,Y
1e963723-3b87-4175-b50b-39f5bee8c9a5,37c41379-e56c-4455-a94b-2b810d80a058,Fully Paid,87846,Short Term,736,625879,4 years,Own Home,Debt Consolidation,6988.96,50.1,56,16,0,96330,714978,0,0,Y
a2b7e7bc-59fa-4428-bd62-7eda96f5e749,45f8e491-a49a-478d-8ec0-68d6fbd10c90,Charged Off,332684,Long Term,722,881087,10+ years,Home Mortgage,Debt Consolidation,12702.26,14.5,33,9,0,472226,640266,0,0,Y
932aa46f-27ae-4cf9-9e5f-ce44b09e8e20,12be2338-32c8-459d-8201-e85308164a9b,Fully Paid,190498,Short Term,706,892164,1 year,Rent,Debt Consolidation,8996.12,13.2,64,6,0,88160,117744,0,0,Y
5b0a29a8-1a48-46d2-809d-28f6e4f91fba,a18c315b-1918-4c8c-bf77-15886243427f,Fully Paid,448822,Short Term,741,1027444,1 year,Home Mortgage,Debt Consolidation,21576.4,33.1,33,8,0,669028,981838,0,0,Y
9846d9f5-8d8f-49cb-bf77-33d3d0f56160,886e3ac5-357d-42ab-81cd-aaee8d28c706,Fully Paid,229086,Short Term,715,787626,8 years,Rent,Debt Consolidation,6543.79,23.9,36,7,1,71231,152460,1,0,N
108c8c56-4e1a-41b1-bd30-a44123d92dc8,f922a1c3-98e7-4870-ade3-dd9a9b2fa5ee,Charged Off,393558,Long Term,678,2317392,2 years,Own Home,Debt Consolidation,22015.3,14.7,27,8,0,124184,145552,0,0,Y
580b6472-e12f-4a9f-9217-3da6a3fb1f2a,68b77d5b-94b9-46b3-a979-d9ae507df0e2,Fully Paid,151954,Short Term,707,562419,7 years,Rent,Debt Consolidation,14341.77,12.5,33,9,1,107692,219142,0,1,N
57500f65-6c77-445a-9ef3-4c571927c3d4,90fdf7b8-8547-4d7d-b7c1-a1a93117fcee,Fully Paid,266871,Short Term,726,1153851,< 1 year,Rent,Debt Consolidation,7125,13.5,39,7,0,165984,286440,0,0,N
9c76d145-55e7-4d3b-8a69-f65b5f0add31,7e1c0a75-f49e-4a18-aa19-260ff92b57df,Fully Paid,254562,Short Term,738,669123,6 years,Rent,Debt Consolidation,13549.66,17.5,33,13,0,261383,743600,0,0,Y
4d80c73f-7337-4fef-b1b1-d3caefda27ea,f20cccab-9676-4fba-a5c2-7e6d52d07bba,Charged Off,87912,Short Term,750,960184,10+ years,Rent,Debt Consolidation,3432.73,43.3,42,9,0,86051,301026,0,0,Y
dfe25a0c-4a59-45a8-be6b-02848b0fa24f,f36792bd-e4e8-432a-95b6-49c8965cf1d9,Charged Off,156178,Short Term,716,1124040,3 years,Rent,Other,8617.64,12,33,9,5,6194,108790,0,0,N
bf331ed5-dcb7-4428-968d-9d328717f7b2,0af8fb87-4963-408f-824d-63c51cfb7f92,Fully Paid,645018,Long Term,737,2692471,10+ years,Home Mortgage,Debt Consolidation,40386.97,24,33,21,0,640376,1468302,0,0,Y
6d1968cd-f851-4b1f-8e38-dca77e9f815d,c202ba1a-d4a2-42d7-a2f1-d0093fc4509b,Fully Paid,605726,Short Term,748,3609145,10+ years,Home Mortgage,Debt Consolidation,43610.7,23,59,10,0,378423,475772,0,0,Y
14adbdff-27ca-43e2-9087-aab565be712e,8aad10e5-1d3b-4014-8652-861f974b5dc4,Fully Paid,266871,Short Term,741,1288523,2 years,Home Mortgage,Debt Consolidation,9041.34,16.2,33,4,0,95855,116468,0,0,Y
cf253a51-88a0-46bd-8d82-5348d151dab5,fc950ca6-8f85-425c-a800-85a71a4e0870,Charged Off,168300,Long Term,702,688522,2 years,Rent,other,11762.14,17,30,9,0,128041,273042,0,0,N
145b0f38-135f-4938-9d0b-bb078710fc46,fd4ca23b-1ad4-404e-97c4-f1834094d9d8,Fully Paid,174460,Short Term,723,1318429,3 years,Own Home,Other,10547.47,15,55,14,0,55176,443586,0,0,Y
c1c3cba8-0875-41eb-8211-d43f534e6ffc,ab77813a-d625-4f19-9772-f17d6654656c,Fully Paid,768394,Long Term,651,1651252,2 years,Home Mortgage,Debt Consolidation,19264.67,29.2,30,6,0,421420,559592,0,0,Y
8d6b94ba-d605-4336-b8af-773d83fac618,50b9be84-4a19-4005-b50a-016352734f4d,Fully Paid,314226,Long Term,723,2638454,1 year,Home Mortgage,other,34959.43,18.2,54,10,0,662815,969034,0,0,Y
f002c1ad-994f-41bd-88ae-e2d68cb9878d,47fdd7c4-e629-4826-a847-d2438cf2f445,Fully Paid,64966,Short Term,723,1224968,10+ years,Home Mortgage,other,23172.21,44,48,16,0,858154,1344574,0,0,Y
d92b33df-3c9d-4e44-be6d-936efa6a1784,a32475a6-e244-4386-98a7-b02c1c78e2c1,Fully Paid,300366,Short Term,730,833188,10+ years,Home Mortgage,Debt Consolidation,13400.32,17.9,37,7,0,179721,338932,0,0,N
0c072ad8-d748-4a03-8fad-c532ddeb062f,ee43e681-9eca-4f0a-9b37-0c7a242b7963,Fully Paid,263648,Short Term,736,1138518,9 years,Rent,Debt Consolidation,12808.28,15,33,6,1,61788,202092,1,0,N
eafd6d30-8050-4721-b1ba-349cf8e69566,76c63206-8f06-45f1-9973-be2cda8dc4fa,Fully Paid,266871,Short Term,725,1048363,10+ years,Rent,Debt Consolidation,14152.91,21,33,11,1,210045,299156,1,0,N
0b074d25-97a5-4a2f-9df1-a0efe04f597c,a2dc4e54-eaa7-4bbc-b103-8d06d05a3f54,Fully Paid,716958,Short Term,718,1934960,9 years,Home Mortgage,Home Improvements,31765.72,10,24,9,0,168815,228624,0,0,Y
8ad7af46-bdda-45b0-9366-30b6974392e0,860862ac-4148-48de-88df-fff9e7f4d784,Charged Off,459602,Long Term,712,982870,6 years,Home Mortgage,Debt Consolidation,12859.01,15.6,33,6,0,390621,468204,0,0,Y
ad5e29dd-d26e-43cc-b179-4a73451322f4,1eefc01a-2551-44c9-8305-0fd083e770ac,Fully Paid,405856,Long Term,708,1155751,10+ years,Rent,Debt Consolidation,32264.85,22.7,33,13,0,338181,594198,0,0,Y
88781660-03f8-4818-982e-c2851abd6063,133bad47-5555-49f6-9885-70756e18ad74,Charged Off,547580,Short Term,710,1125978,< 1 year,Rent,Debt Consolidation,9758.4,13.8,58,6,0,435328,790064,0,0,Y
6f0b1259-612a-4e5e-ac9f-61474c30067c,3d444fd0-12df-4671-a439-e6933570da1b,Fully Paid,175428,Short Term,698,1136238,2 years,Rent,Buy a Car,2594.45,30.5,68,4,0,70832,96470,0,0,Y
61d505d7-41da-4c0d-88c5-846fbce8a320,c56cdb33-b1fd-4d8b-9b63-db54333910a8,Fully Paid,216370,Short Term,723,1168129.5,2 years,Rent,Debt Consolidation,6446.89,8.2,33,10,0,239970,551320,0,0,Y
837d165d-071c-4a7a-a441-8e36da8ae8ac,7391b4e2-f7fe-41dd-bb58-eddcce0ea92d,Fully Paid,266871,Short Term,743,756352,10+ years,Home Mortgage,Home Improvements,11849.54,18.4,33,9,1,46341,496870,1,0,Y
32200a7e-c65e-4e5e-9878-1161d256bcfe,64dcd3aa-3c82-4c70-929a-a83d249d894a,Fully Paid,234806,Long Term,689,866799,9 years,Home Mortgage,Debt Consolidation,3676.69,14.1,7,4,2,86051,167750,2,0,N
0eaa9af5-5beb-44e5-9394-5c065cd5452e,51fcba2d-c634-4e05-ba0f-9d1b3e2e70a5,Charged Off,25806,Short Term,685,742976,8 years,Rent,other,6377.16,7.1,35,5,0,8189,47432,0,0,N
ade640a2-1a8c-4356-b1c3-40f13503bfd9,62c2c24e-d73e-424b-b344-173ff9c1ab34,Fully Paid,332706,Short Term,735,957790,10+ years,Home Mortgage,Debt Consolidation,10855.08,6.6,33,9,0,220571,498828,0,0,Y
77b43783-6615-427f-af53-17181b93e413,7d09ca08-2cdd-4da0-8419-56efa1742725,Fully Paid,333124,Short Term,703,1300246,10+ years,Home Mortgage,Debt Consolidation,13110.76,14.6,22,10,0,173128,384032,0,0,Y
903c956b-f650-4131-b23c-76163325e5ac,bc0556e1-ef0d-4ad8-a579-83fffe860d50,Fully Paid,441276,Short Term,747,2305669,10+ years,Home Mortgage,Debt Consolidation,24017.52,17.8,33,14,0,678851,2245848,0,0,Y
7710a197-0a4f-4f8a-ad29-dd26022b1efd,2cfaebac-5ad2-44c3-804f-8cee5fd8ea96,Fully Paid,327756,Short Term,707,830319,5 years,Rent,Debt Consolidation,9271.81,15.8,33,6,0,245727,292732,0,0,Y
7ceac9be-dd62-4956-9bbc-ac93cef8bd63,b5c327ed-2316-4b1e-98e4-5e0a31943bef,Fully Paid,266871,Short Term,736,1111367,1 year,Rent,Other,16577.88,13.5,77,8,0,378746,594242,0,0,Y
8837c173-975a-4b66-9fa5-701b59c96066,e3c54e03-73c7-418d-9672-f3eda66c4f4f,Fully Paid,476586,Short Term,707,1403207,7 years,Rent,Debt Consolidation,18241.52,13.4,11,6,0,91580,214654,0,0,Y
b7503644-4068-44e6-9123-ba68f895b02e,9a378a11-d17c-486f-bdc8-2ce117215d6b,Fully Paid,263450,Short Term,723,1168129.5,10+ years,Home Mortgage,Home Improvements,7319.18,16.9,33,17,1,169100,621610,1,0,N
c208ec02-ccca-4d1a-bf13-83c02994a166,b48dacc4-9a81-4817-9efc-62f4678f632b,Fully Paid,261800,Short Term,738,1488536,4 years,Rent,Debt Consolidation,21087.72,16.5,45,8,0,178220,274780,0,0,N
e383c2ff-52d2-436e-8876-e0a3e1b4604b,bcb7a8a2-54b9-4d2e-907d-066d7db1332f,Charged Off,433136,Long Term,682,1178323,9 years,Home Mortgage,Debt Consolidation,17969.44,17.6,33,16,0,355471,426514,0,0,N
08f5cc50-2771-459b-af95-d75536cc109f,3569687c-9c83-4902-8499-07554a9de12b,Charged Off,322124,Long Term,716,1020034,9 years,Home Mortgage,Debt Consolidation,16915.32,17.8,33,10,0,205865,341506,0,0,Y
eb97be3b-084f-4fb9-992c-d4d3bfe20ee1,477346c7-4293-4c1b-a712-89be53157e28,Charged Off,107536,Short Term,723,1168129.5,< 1 year,Rent,Debt Consolidation,22176.61,13.5,33,7,0,107483,197868,0,0,Y
870660fa-6773-435c-99e2-5391966adae8,0c83cac3-592e-4d36-a601-b4e50af8e96e,Fully Paid,355410,Short Term,723,1168129.5,10+ years,Home Mortgage,Debt Consolidation,13237.11,13.7,33,6,1,297293,397518,1,0,N
c94c6cdf-2aaf-4f85-b996-9a3ce3a87716,67d9a806-c23d-45fc-8c49-aec86224c66f,Fully Paid,437668,Short Term,749,2683693,5 years,Home Mortgage,Debt Consolidation,5993.55,21.5,33,7,0,326496,562584,0,0,Y
cc6b2922-1193-457a-9eaf-1f0c5c007aaa,36a90e1f-25bb-4666-b78a-62b17ecc427d,Fully Paid,377322,Short Term,740,1288162,< 1 year,Rent,Debt Consolidation,17068.08,36.3,16,8,0,358549,494824,0,0,Y
208b0950-c64d-4cd2-9487-2329e62727e6,86ea6dde-87de-443a-98a8-1ddb8c454811,Fully Paid,606122,Long Term,693,1395911,10+ years,Home Mortgage,Debt Consolidation,24079.46,22.5,33,8,1,168378,332156,1,0,N
9e77cddc-0b2b-4533-941e-c5ff5e772143,f0d0fb77-c03c-4e41-86ce-421999997be0,Fully Paid,520982,Long Term,724,1031111,10+ years,Rent,Debt Consolidation,17013.17,15,33,12,0,267976,475178,0,0,Y
7e89d0d0-312b-4c35-904f-5ee58542fcd9,c68e4653-01eb-4e55-88c3-80b151fa9c90,Charged Off,304590,Short Term,746,1202510,1 year,Rent,Debt Consolidation,28960.18,19.7,33,9,0,314830,619982,0,0,Y
6ba3bceb-8feb-497a-892a-abf042f8c881,142ac1e6-9f6b-4656-b1c5-a3aeca3b3736,Charged Off,472362,Short Term,732,1075058,5 years,Home Mortgage,Debt Consolidation,22218.03,16.1,33,13,0,392369,542146,0,0,N
d458127e-9b19-4123-98ef-ef8da4035e33,91a2224e-3024-4b3c-848b-3ecf24503d71,Charged Off,322872,Long Term,708,985245,10+ years,Home Mortgage,Home Improvements,10895.17,17.5,33,7,0,106894,357698,0,0,Y
6de8fb74-ee53-472b-a722-cde92d548118,51e76175-9403-4871-a6e4-c5b5ea7a1412,Fully Paid,149402,Short Term,727,841491,1 year,Rent,Debt Consolidation,18723.17,8.6,33,14,0,163571,539572,0,0,Y
d8e2bdc1-9ef1-46fd-970b-e21c5841a304,546408e9-0300-401e-a111-446b87b78fa2,Fully Paid,150458,Short Term,737,1330513,5 years,Home Mortgage,Debt Consolidation,4446.19,13.9,33,13,0,129827,316492,0,0,Y
1ba71ce8-e117-43c3-b2cd-c99d1f485763,77c02bb2-717c-459d-8828-7cfce08b4a0b,Fully Paid,268268,Short Term,723,1168129.5,5 years,Rent,Debt Consolidation,6896.62,16,33,10,0,207860,429044,0,0,Y
191a92bd-67d1-4998-b680-08489937390d,0e0fa488-b6cb-444e-b3cf-c2021a74cad8,Fully Paid,341352,Long Term,712,751108,< 1 year,Home Mortgage,Debt Consolidation,10327.83,13.3,33,11,0,81377,110858,0,0,N
5aea3670-db43-406c-9a24-44cf5cd9051c,2bac8213-2ea9-4aa7-9112-8cc72cbb616e,Charged Off,432256,Short Term,737,2053216,10+ years,Home Mortgage,Debt Consolidation,16305.8,17.4,33,11,0,316331,638088,0,0,Y
4ada45a7-1323-4961-a8b4-45bf1c473bab,117496d1-3c6e-4299-a8f6-0e4668b6bef9,Fully Paid,301114,Long Term,645,825246,< 1 year,Rent,Debt Consolidation,5948.71,9,33,10,1,59888,372746,1,0,N
22a8fdec-4fee-4731-b77e-11cfb1a43c71,289b5992-ceed-469a-9c30-9a8c5567a1ee,Fully Paid,79398,Short Term,718,761824,2 years,Rent,Debt Consolidation,13459.03,15.5,33,13,0,159315,317526,0,0,Y
b86d02cc-c6e1-4b34-9a4c-e29884dfe199,50d18312-05f4-44c6-8b25-5afe86526d33,Fully Paid,171842,Short Term,724,612199,2 years,Rent,Debt Consolidation,6734.17,11.8,33,12,0,330714,558228,0,0,Y
6fb401bb-a11a-46d0-ab47-b488584c584f,8156ed23-5700-4450-a981-dcff4cf322ce,Fully Paid,329120,Long Term,715,1515896,5 years,Home Mortgage,Debt Consolidation,21601.48,13,33,19,0,332576,683980,0,0,Y
9c9d3c13-7745-4f65-bab3-800fa5c44c0c,fa3af482-4fd5-4b0c-8d75-d3292a195463,Fully Paid,486288,Long Term,707,1654577,3 years,Home Mortgage,Debt Consolidation,22612.47,14.9,14,18,0,407835,821282,0,0,Y
794277df-bb2a-4a2e-9586-a686ac0b8b49,9af01efe-ca83-4a69-bae2-a2d80b18e467,Fully Paid,104368,Short Term,691,853974,1 year,Rent,Debt Consolidation,22559.08,20,32,10,1,116223,195580,1,0,N
806e056c-cab1-482c-9db8-c728fde99b36,660e1e64-6904-4904-acd7-6c7dc096bbfc,Fully Paid,205854,Short Term,717,1898860,10+ years,Home Mortgage,Debt Consolidation,31647.73,22.3,15,6,0,195738,251284,0,0,Y
f9cf3c24-f9b1-41a9-add8-95edd63f2627,1eff98c5-6382-4c2b-8241-1193ea885216,Charged Off,96690,Short Term,673,280136,10+ years,Home Mortgage,Debt Consolidation,4598.76,17.8,51,4,0,179037,329582,0,0,N
df153e6a-bc79-467e-a3d6-0835d99c0702,580287c4-97f3-4e12-b815-4a57be8fc372,Fully Paid,111408,Short Term,733,1154592,10+ years,Rent,Debt Consolidation,18762.12,20.4,47,9,0,283936,465674,0,0,Y
335f8757-c4f1-4b37-baab-5329668808c4,b0e36332-8a35-45a8-94bb-a2ccdbb43f93,Fully Paid,284152,Short Term,700,1054519,10+ years,Home Mortgage,Debt Consolidation,15202.66,14,36,12,0,182780,366146,0,0,Y
116cceb0-28b7-440d-bb40-286444dd3cd6,f2679b6f-e5c8-4af8-8027-b2933a535741,Charged Off,269170,Short Term,714,1259206,10+ years,Home Mortgage,Debt Consolidation,15110.51,10.2,33,9,1,392730,639584,1,0,N
75ef09fa-fb1d-4ab6-bf18-382007ca1326,3ee8dea0-7560-4a54-8cf2-18a196f68618,Fully Paid,149116,Short Term,700,1380160,7 years,Home Mortgage,Home Improvements,18171.98,10.8,33,5,0,95171,112574,0,0,Y
616d9974-6ee9-4cf5-b7df-7a505417273d,e74223bc-f0d9-4ae5-8616-229c49df7902,Fully Paid,396792,Long Term,731,745997,10+ years,Own Home,Debt Consolidation,7522.29,18.7,33,11,0,295944,835802,0,0,Y
8b60728e-4245-4911-b0dd-8390f5b91c58,7fa3a146-1ab1-48bf-8917-41022a07383a,Fully Paid,128832,Short Term,719,1483520,10+ years,Rent,Debt Consolidation,8381.85,30.9,38,4,0,36708,64372,0,0,Y
f657d195-0fbd-4c84-8dfa-9a39431b8b93,0ce26174-19c8-48b5-8a4d-226aca78367e,Fully Paid,152790,Short Term,743,678661,10+ years,Rent,Debt Consolidation,4450.94,14,8,5,1,119510,229086,0,0,Y
8742366d-dbbd-4e24-b0ff-8cdc4a493ba4,9f9bb0ba-9afd-4b10-b489-28cd65bbf75c,Charged Off,152966,Short Term,708,1334902,4 years,Home Mortgage,Debt Consolidation,10845.96,17.1,41,13,0,82593,302654,0,0,N
af030a3c-f806-40b4-b8bf-d28e2afcbe62,529f45cf-801d-4844-994d-8b3b2db40bd9,Charged Off,292292,Short Term,741,666805,2 years,Rent,Business Loan,6223.45,15,33,7,0,81016,198352,0,0,Y
885c3675-9bfb-4b89-b8b7-de4bdbd66322,4c328ed4-c746-4ae6-92cc-8c648dd8c366,Fully Paid,449460,Long Term,658,1057768,3 years,Rent,Debt Consolidation,19039.71,16.3,33,8,0,367992,510290,0,0,N
7c328801-5886-45a2-92a7-c095005c4974,248d929d-28d2-437b-a3ab-912346b03513,Fully Paid,86724,Short Term,716,580469,4 years,Home Mortgage,Debt Consolidation,7352.62,4.9,33,6,0,109687,182226,0,0,N
6ad8a5b4-610c-4eb1-9023-78ee4fd84428,9bf42874-90b7-44b2-8567-0b26b2ce7f77,Fully Paid,67166,Long Term,723,1168129.5,6 years,Rent,Debt Consolidation,42060.68,27.4,33,11,0,679725,927014,0,0,Y
40310fe2-c8a0-41ae-a449-9cb72016fc5f,48cdef94-bd16-4df1-98fc-50fc3efae88e,Charged Off,223850,Short Term,723,1168129.5,1 year,Rent,Debt Consolidation,7684.74,17.3,33,8,0,87609,301928,0,0,Y
f5a072b1-d913-43cb-9b5c-2128eb7386f6,bdc8384b-c937-4c0b-b2a5-8e3d755c8d7b,Fully Paid,763840,Short Term,742,1639776,10+ years,Home Mortgage,Debt Consolidation,23640.18,21.4,33,9,0,606461,1141800,0,0,Y
42caf3ac-8de9-4cb4-a41f-807c10eef70a,c746e142-7048-4f4d-b3ff-294bc3673b3c,Charged Off,83864,Short Term,699,564414,< 1 year,Rent,Debt Consolidation,11711.6,11.9,53,12,0,18639,107932,0,0,N
8a4b9286-5a22-4856-a8f0-ce361c150760,9f11cce9-12a9-48ff-a776-62aa7f6beebf,Fully Paid,266871,Short Term,724,687420,4 years,Rent,other,6530.49,11.1,49,4,0,18715,37620,0,0,Y
1e91a6fd-f11d-4250-a257-c98b4e78e24c,2f026faa-1ea6-47b1-8be0-c69631b988f6,Charged Off,142846,Short Term,750,654227,10+ years,Home Mortgage,Debt Consolidation,16246.71,17.2,16,9,0,53694,112662,0,0,N
d95f409e-7441-40c4-8bf0-968278633530,7b2a256c-be3f-4f98-b797-f9f38f075a66,Charged Off,551980,Long Term,720,1906840,3 years,Own Home,small_business,33528.54,22.6,33,6,0,334780,441518,0,0,Y
c7015cb7-6952-475d-ad69-f016f6c84a47,a02537d3-16b1-4a7a-a8a0-e7cf0ff98e6c,Fully Paid,504658,Short Term,685,3874100,10+ years,Rent,Debt Consolidation,4100.2,16,1,7,0,167827,397408,0,0,Y
347de296-ef00-4ce1-afec-29cf0a661962,3e28b8e1-eec6-4c4a-8b1b-d718535bc995,Fully Paid,266871,Short Term,699,656849,3 years,Rent,Debt Consolidation,3848.07,11.7,60,10,0,30552,198682,0,0,N
6190c851-03a3-48c0-af6d-9f7bbcf5cfa4,c8d35d40-d82a-4eed-9768-c09e61f8fe68,Charged Off,177628,Long Term,709,843771,5 years,Rent,Debt Consolidation,5027.59,10.3,33,8,0,94221,172062,0,0,Y
20a0fcd6-de0f-453b-8dbf-bc5dfcf03aad,eef2c01f-7676-48e3-96d2-5d965f7efbd7,Fully Paid,266871,Short Term,739,1004321,2 years,Rent,other,30547.82,13.8,33,13,0,137997,504086,0,0,Y
25884f1e-83bd-4970-8e28-e1685d35ddc0,7a4ecabe-6d54-4609-a0f0-17b20b1622a9,Fully Paid,398464,Long Term,715,975004,10+ years,Home Mortgage,Debt Consolidation,15356.37,20.5,33,13,0,326857,650276,0,0,N
69e11dbb-dfbe-447b-92d8-c0b9bfac3d6a,4a38f197-1e4a-49f9-bc02-7563c7663f69,Fully Paid,732028,Short Term,737,1724193,10+ years,Home Mortgage,Debt Consolidation,32041.22,18.5,21,14,0,628425,1017698,0,0,Y
966f3062-aa22-4f18-b5e7-0e8017b05be5,ee5f9ebe-0bc7-4be2-ba09-07329fb9f0f9,Fully Paid,660132,Long Term,722,1634323,10+ years,Home Mortgage,Debt Consolidation,18931.03,16.7,33,17,1,452713,927762,0,1,N
69dca294-57be-4ab8-989b-761a1359e6a4,70e8b7c3-5c89-43d9-91b2-54c5f82e6aeb,Fully Paid,25894,Short Term,748,1024727,8 years,Rent,Debt Consolidation,12723.73,10.2,33,12,0,30590,492008,0,0,Y
74d4f56d-aa1b-4af8-a18c-24e0811f5ac5,b2e263f2-7ca6-4def-ae66-425aca9a44ce,Fully Paid,553366,Short Term,723,1168129.5,< 1 year,Home Mortgage,Home Improvements,35698.91,21.5,47,17,0,305349,657184,0,0,N
e26f3217-9077-4443-9495-9ce8d2c1bd61,1c9b370f-8dce-4135-af08-8fdea9fcc3fa,Fully Paid,77132,Short Term,657,2093762,5 years,Rent,Medical Bills,47284.16,15.9,81,13,0,588449,703142,0,0,N
12e0bad0-ca5a-4c2d-8b7d-1e06db0f55e7,fe12ac96-f1c9-4ee1-8564-7b9c407be684,Fully Paid,128634,Short Term,695,463657,4 years,Home Mortgage,other,9891.4,8.7,16,9,0,76133,134178,0,0,N
37d4fb0d-df4c-4344-a208-576ebffa919e,016cec7a-d077-4efa-8ce1-01cb0c3f14ce,Fully Paid,429264,Short Term,735,1816571,8 years,Own Home,Debt Consolidation,34060.73,11.1,37,20,0,387353,1520398,0,0,Y
21f08e86-53b1-4cd4-ba9e-5600ff241ccf,6d3ed03d-9b0f-4730-857f-2c31484bcb0c,Fully Paid,131032,Short Term,723,1168129.5,8 years,Home Mortgage,Debt Consolidation,2696.86,9.9,31,8,0,77520,255684,0,0,Y
2e285c35-f248-48be-b741-b4aaba97b64d,d05982f1-bfcd-418f-add8-afcdd79c1e02,Charged Off,427988,Long Term,729,1624082,10+ years,Rent,Debt Consolidation,3640.78,19.2,33,5,0,132088,378576,0,0,Y
9bec1773-e298-4fec-bafc-5d133428eb06,597d860d-c890-4f31-b476-f8996bb8fdc4,Fully Paid,204248,Short Term,737,779893,5 years,Home Mortgage,Debt Consolidation,10788.39,23,33,10,0,225663,588522,0,0,Y
b2f32956-190b-41f9-8c1d-e53ac9073871,ce0e117f-d104-4681-82cb-4bbe32ca48dd,Fully Paid,653334,Short Term,722,2068891,10+ years,Own Home,Debt Consolidation,29309.21,21.3,53,9,0,294291,548724,0,0,Y
e9657aac-9b76-4c77-93b5-209e29fee27c,19542fc0-6f7e-4e88-8d98-bb678d68ea30,Fully Paid,226336,Short Term,724,1409610,6 years,Rent,Debt Consolidation,6331.56,17,33,5,4,79192,230428,0,4,N
8647fa47-1961-4d92-808c-657c4992f48d,fedd8518-ead5-4392-ba6a-78707a75a5c6,Fully Paid,266871,Short Term,735,1520608,8 years,Home Mortgage,Debt Consolidation,20376.17,17.8,33,4,0,12084,19800,0,0,Y
2200603f-27ca-45dd-a67f-1f9bb76f74d7,6841d292-bf4d-4f08-bdef-b851643cee7f,Charged Off,216612,Short Term,722,897959,7 years,Own Home,Debt Consolidation,19006.65,10.7,33,14,0,321670,955042,0,0,N
619184c2-461f-4c60-903a-08c917c16f63,f4a4857d-fdac-4f25-8886-607574527864,Charged Off,218130,Short Term,728,602832,5 years,Home Mortgage,Debt Consolidation,9142.8,17.6,26,10,0,202616,239888,0,0,Y
1baeda9a-69c4-4155-98aa-90fabbb9dcae,ffe02306-8102-4c69-a514-72ef531ce7e1,Fully Paid,449768,Long Term,723,1168129.5,2 years,Home Mortgage,Debt Consolidation,31269.06,22.2,33,10,0,403028,1515118,0,0,Y
a9f65c85-2554-453d-9450-6ac90cb7acf7,07838ed8-d984-456f-bd10-308126ab9774,Fully Paid,431288,Short Term,738,1378165,10+ years,Home Mortgage,Debt Consolidation,33879.85,28.8,33,15,1,280687,409838,1,0,Y
1a1f6573-da9d-474e-895d-9d2684637462,ee5e2ea2-6641-428d-9770-455672dfdd17,Fully Paid,541794,Long Term,674,1538145,8 years,Home Mortgage,other,12766.67,33.7,64,9,0,300029,557634,0,0,N
7866b585-fb14-4413-9561-37fe175c9efc,2d1f095e-2db8-4c97-a8aa-557615b67804,Charged Off,448404,Short Term,746,1166220,10+ years,Home Mortgage,Debt Consolidation,19339.72,14.9,20,17,0,306907,504064,0,0,Y
3213b287-a95b-4254-baf6-5c0f979a0b06,70f10338-c42a-442b-8d27-fd47fe3f6d39,Fully Paid,117854,Short Term,709,848958,10+ years,Home Mortgage,Debt Consolidation,15069.09,15.4,33,10,0,404073,609994,0,0,Y
8cb912c3-3bcd-4cd8-b96c-7691763ea3d8,e460bc99-b5fc-4b3b-979e-1e7c5be6c81d,Fully Paid,537196,Long Term,654,2551643,10+ years,Home Mortgage,Debt Consolidation,55072.83,27,33,16,0,734597,1466542,0,0,N
603542ec-c336-49de-90d9-58f8fab3754e,63796095-b7b6-4f04-b17c-e77f3c799fa5,Fully Paid,196108,Short Term,715,865602,10+ years,Home Mortgage,Debt Consolidation,11397.34,18.8,29,11,1,185478,259402,1,0,N
54c518b3-cd8f-477d-aa17-8536dcff019b,6883114b-f6c5-4eec-8048-91be2a5068a7,Fully Paid,337656,Short Term,744,1205322,10+ years,Home Mortgage,Debt Consolidation,12254.05,11.4,33,6,0,41876,119416,0,0,Y
e51ef8f3-3372-4246-8945-2a90fc82312c,5ddd0f20-e1b7-490a-a3dd-dd36d0380664,Charged Off,441628,Short Term,723,1168129.5,< 1 year,Rent,Debt Consolidation,34469.61,16,46,5,0,58482,90530,0,0,N
ab15c740-d24e-4459-8de5-ad30cbf3c30c,f7f8e132-37ed-4cc7-a5f9-5d5dea766cdb,Fully Paid,448272,Long Term,716,1045285,10+ years,Home Mortgage,Debt Consolidation,16289.08,23,24,7,0,115558,157432,0,0,Y
325ed087-17b2-4f90-8158-83c44b16a877,01af6fa9-b03b-4271-ad41-68144af5174c,Charged Off,581592,Long Term,723,1168129.5,10+ years,Home Mortgage,Debt Consolidation,20455.02,17.5,33,13,0,363983,629970,0,0,N
6d0453b0-ee88-4327-972f-b51d56b96693,f36aa067-20f8-4fc1-a4b3-ee8583e1771e,Charged Off,63140,Short Term,733,233681,< 1 year,Rent,Debt Consolidation,2122.49,14.9,33,3,0,58463,119592,0,0,N
5483b285-a4ce-4a3a-9be4-c0aeb270da7c,a8cd0882-f4ae-44ed-bdba-b0fa88032f8d,Fully Paid,223344,Short Term,719,1157328,7 years,Rent,Debt Consolidation,24111,17.4,33,8,0,100624,236830,0,0,N
39cd0661-ebda-4856-aff2-6256a68bb338,f5b57b23-e214-427a-8d8f-79e3120cc3f5,Fully Paid,436172,Long Term,744,1054747,4 years,Home Mortgage,Home Improvements,13623.76,22.2,33,19,0,387315,2156110,0,0,Y
5fe42313-e549-4a26-9f3c-3ac4aaae1f27,1b7eb5be-f3f3-4fbd-9ea9-f5375ded5692,Fully Paid,157146,Short Term,735,678566,6 years,Own Home,Debt Consolidation,12610.11,16.5,33,7,0,116793,426602,0,0,Y
fb499270-8e2c-47cf-a42f-ccf38e5075a8,2ea0bc45-2e41-4932-af65-e4ed6e8554cf,Fully Paid,178046,Short Term,716,2815781,10+ years,Home Mortgage,Debt Consolidation,18537.35,22.5,33,9,0,486248,578666,0,0,Y
ea0e3c8d-0a6b-4b03-a766-c310c5a22cd6,e25e2a25-19db-4100-97fc-18282b8c98a0,Fully Paid,266871,Short Term,721,805733,10+ years,Home Mortgage,Debt Consolidation,12757.55,15.9,45,9,0,93347,195448,0,0,Y
adb3d3a1-2086-466d-a942-c8f9a872650c,6c23d05e-c604-4b43-a6cb-7a0e44bad670,Fully Paid,266871,Short Term,746,456646,10+ years,Home Mortgage,wedding,2481.02,18.8,56,5,0,0,0,0,0,Y
c909f871-77cf-4490-b398-ad44a0a0e3b6,8cd8a9f1-ee07-4ba2-a0f8-87aa31435c90,Fully Paid,216194,Short Term,720,1077528,10+ years,Home Mortgage,Debt Consolidation,8081.46,13.7,14,5,1,96463,174240,1,0,Y
443f300e-5148-4c3e-a30f-afdaab26464c,baba73db-8398-4d46-be16-3344448fc21f,Fully Paid,430100,Short Term,739,1448655,10+ years,Home Mortgage,Debt Consolidation,23782.11,15.4,33,13,0,400178,716188,0,0,N
cd4ef0f0-6b7c-41cc-8a12-4050e36ffbfe,22702252-ce3f-49f3-b62b-92022bf4c7fb,Fully Paid,562760,Short Term,738,1263652,3 years,Rent,Debt Consolidation,12426,13.1,33,8,0,478021,684178,0,0,Y
9b8d5df8-9c17-4d39-89c1-0ac70b118a86,dabfeeab-b80c-41ab-90ae-8d3549d3c72b,Fully Paid,215006,Short Term,723,1168129.5,10+ years,Home Mortgage,Debt Consolidation,22042.47,29.1,33,10,0,387714,464266,0,0,Y
bb64cb91-b8c1-4d55-9de0-42ec5ef38462,df9f570e-c620-4065-a045-1fdb1441d8ca,Fully Paid,325622,Short Term,723,1168129.5,3 years,Rent,Debt Consolidation,8831.01,15.2,48,25,0,144172,415250,0,0,N
c0c9b71b-162e-4f8e-a2ee-26de21651243,efb8142e-318b-4c95-ab8a-0debf34bea04,Fully Paid,118998,Short Term,686,576327,10+ years,Home Mortgage,Debt Consolidation,10037.7,11.1,33,11,0,320834,518144,0,0,N
e244fbd7-81d5-40e0-8ad4-4000439fd077,7d58405b-a575-43df-882d-3053fef20637,Charged Off,334356,Short Term,749,1636318,2 years,Own Home,Home Improvements,25635.75,11.7,33,15,0,271928,1363098,0,0,Y
df4b82bb-96a1-45e7-aa9a-74cdcd223bcf,db57077a-6e13-425c-8e82-211c0e2f79c0,Fully Paid,266926,Long Term,725,1632936,10+ years,Home Mortgage,Debt Consolidation,20139.43,16,33,10,1,119586,422180,1,0,N
95c49c97-c5d5-4800-931d-0f8fc88977ef,191d6883-713d-4380-96d6-417a9cc0830d,Charged Off,224796,Short Term,681,573819,1 year,Own Home,Business Loan,4925.37,11.4,20,6,0,115862,296780,0,0,Y
f7a05f1b-25c1-4d97-b56f-ebd162471bdd,26fa597c-e2b9-4873-8894-f3574e95503b,Fully Paid,401852,Long Term,725,1263785,10+ years,Home Mortgage,Debt Consolidation,15059.97,15.3,39,6,1,58482,101376,1,0,N
d60a23d1-23a2-4015-8ae1-d84d77d3c340,d75c5d50-9703-4571-85e9-37c19de411c5,Fully Paid,309540,Short Term,723,1168129.5,9 years,Home Mortgage,Debt Consolidation,26895.83,16.5,33,12,0,79686,262108,0,0,Y
15da1048-5668-4a1d-a3cc-86f30cf044fe,87630839-daf3-4eab-9d2a-f53837fbb87a,Fully Paid,273482,Long Term,693,1115699,10+ years,Home Mortgage,Debt Consolidation,13667.27,15.9,51,6,0,65683,109758,0,0,Y
4fdfe36c-68ae-4f28-8851-6722ee8b867a,9d6258bf-f326-4fa5-8d51-c61c4e09ea84,Fully Paid,323708,Short Term,723,1640061,3 years,Rent,Debt Consolidation,21047.44,21.2,31,14,0,546782,924242,0,0,Y
b7d53538-1d97-42cf-8a22-59713874f314,ceb55b24-7481-4290-a522-f9455d6f051c,Charged Off,88528,Short Term,696,993833,2 years,Rent,Debt Consolidation,2550.94,20.8,35,11,0,38532,241142,0,0,N
6f02554f-775f-46e4-91d7-445e272a94d3,30e80eb8-22e8-43b1-a927-6c98e5d1ff3c,Fully Paid,249568,Short Term,723,1168129.5,3 years,Home Mortgage,Debt Consolidation,12209.21,14.1,33,17,0,300048,569536,0,0,Y
b63b9da4-9c38-4aa9-9e4b-2013fb0112de,561f4e5e-1c14-48f6-a973-f88429fdc265,Fully Paid,266871,Short Term,713,606290,7 years,Rent,Debt Consolidation,9145.08,14.7,33,11,1,39026,122144,1,0,N
c0241114-8f87-4056-87a4-96213f9b975e,e18f7cf9-0093-4946-a878-e239f14f2db7,Fully Paid,416834,Short Term,723,1168129.5,8 years,Own Home,Debt Consolidation,17525.79,9.7,33,13,0,219849,587884,0,0,Y
afaa4d8a-47e0-4e6f-9663-33d8395b2a8d,735ddd4f-0c4a-41b8-ba3b-f52b98fa8e2e,Fully Paid,110902,Short Term,697,2202917,5 years,Rent,Debt Consolidation,30290.18,11.5,33,20,0,104291,377366,0,0,Y
feae86f5-6c35-406a-b1ce-65c3f70d7ab8,0abf8e06-2433-4009-8ad5-adf64ddc80c8,Fully Paid,132022,Short Term,727,855095,7 years,Rent,Debt Consolidation,14180.08,17.6,55,10,0,130131,251108,0,0,Y
412394d9-b450-42dc-9b2f-3956948df8b6,1dc24b5e-f322-469b-a154-a15fea750baf,Fully Paid,277948,Short Term,707,1118948,10+ years,Rent,Debt Consolidation,29465.58,15.7,63,11,1,66994,129294,1,0,N
93894e00-dd76-48ef-b4ac-1f81dcabd653,33bf0df2-a905-4963-9d22-7375ee815b3d,Fully Paid,219186,Short Term,748,2233697,3 years,Home Mortgage,Debt Consolidation,14779.72,20.6,37,11,0,281618,939708,0,0,Y
2bd7d9d7-8737-460a-8586-ef01949f0ed6,662a169b-55a7-49ff-be87-861f0fdbb357,Fully Paid,178684,Short Term,739,1176727,2 years,Rent,Debt Consolidation,19514.14,20.7,45,11,0,192337,281534,0,0,Y
a05f653c-454b-4e70-b663-b310503fe2e3,9a9e3ed2-d6b2-47e3-b87a-312a5da73343,Fully Paid,108526,Short Term,743,1312045,7 years,Home Mortgage,Other,7380.17,19,56,10,1,71953,108504,0,0,Y
c699da07-dea2-46e7-9dfc-d01f0b0959a2,bcd9849c-6b3a-4967-a7d2-fd071e621e77,Fully Paid,222156,Short Term,723,1168129.5,10+ years,Home Mortgage,Home Improvements,16960.54,15.9,33,7,0,170563,339922,0,0,Y
9c4d9da0-4169-4027-8f61-24aa1ec2369a,e50769c7-d01a-43af-b66d-9a13dc014f36,Fully Paid,205524,Short Term,676,1167132,10+ years,Home Mortgage,Debt Consolidation,18479.59,22.5,41,19,0,592249,864754,0,0,Y
6a171f24-fdee-4bc6-97db-1fb4d1ac04de,a3e68c54-ec6c-4f27-861b-d60025f36cde,Charged Off,134618,Short Term,746,968905,< 1 year,Rent,Debt Consolidation,16196.74,17,33,17,0,202540,1061170,0,0,N
b0326c0f-13d0-4199-9527-699f7a6c4420,f83594ba-4d1d-45e2-ba80-5cf51e8c35f1,Fully Paid,94974,Short Term,694,301093,1 year,Rent,Debt Consolidation,4842.53,9.3,33,7,0,162564,341000,0,0,N
b964ddac-6520-4da9-8227-d9c044bb7e42,9281ecfc-e6e4-42cf-97d9-bd7911ed4dae,Fully Paid,523248,Long Term,668,1468662,8 years,Own Home,Debt Consolidation,39286.68,14.8,33,9,0,621585,906466,0,0,N
07c95227-607e-42de-92ae-06a432689fbe,847a26f1-a423-49df-ae24-9b604609ad92,Fully Paid,588544,Long Term,687,1491158,5 years,Home Mortgage,Debt Consolidation,15284.36,16.3,71,17,0,428963,1118722,0,0,Y
57efe65e-f96b-45ab-82c7-101e400fe6ec,09c6f224-cf1f-4c50-b3ac-30c93dc5ff28,Fully Paid,266871,Short Term,725,2229137,< 1 year,Rent,Debt Consolidation,14656.6,19.9,8,6,0,125742,224334,0,0,Y
5037aa78-7fe5-4b4e-9602-32b07d16cdc0,ca4f90bc-7222-4792-9061-6b30772818bf,Fully Paid,319330,Short Term,723,1168129.5,10+ years,Home Mortgage,Debt Consolidation,35750.4,42.4,69,17,2,381995,785598,0,2,N
8e4e0c65-36c8-47de-abef-0e1255353063,073e047d-fe1a-4d74-87e8-27fc569a9052,Fully Paid,391468,Short Term,742,629850,< 1 year,Rent,Debt Consolidation,10025.16,17.8,14,8,0,57570,169620,0,0,N
92b90212-4a50-48b1-932b-627eef184c79,f2c78905-f5de-4b37-97db-2b169ffb76a7,Fully Paid,266871,Short Term,737,1054937,10+ years,Own Home,Debt Consolidation,15472.27,22.8,53,11,0,480434,881606,0,0,Y
23d0b8f0-c6fe-4d2a-866f-b5e054a3727f,c793367c-0942-4d2b-b453-df38f94d345d,Charged Off,432168,Short Term,736,1343642,10+ years,Rent,Debt Consolidation,21386.4,35,33,16,0,351329,799216,0,0,Y
85a94b7f-24ea-47db-94bc-a6181812ae11,d959a0ee-3b70-4344-a4ec-faecafd20145,Fully Paid,628474,Long Term,676,1235741,10+ years,Home Mortgage,Debt Consolidation,26568.46,26.5,7,12,0,252871,603702,0,0,N
4b310b6b-e773-4d5b-9bec-fcc0177cc345,a54d79f2-4314-4964-9c88-d1b2f0450a41,Charged Off,513524,Long Term,659,1115718,4 years,Rent,Debt Consolidation,28543.7,12.5,33,11,0,469604,849618,0,0,N
9e4d48c6-3244-45d3-a5a2-9b598a01fd4d,a2a44277-fd9b-45ff-a28c-9a4c3678c41a,Charged Off,765006,Long Term,736,6606775,7 years,Own Home,Debt Consolidation,5780.94,24.1,43,11,0,369170,1978966,0,0,Y
8438a115-3c00-4c7a-ad58-88ebf9685b36,597b6a21-89f4-4c78-83a4-ab24a7725c52,Charged Off,141636,Short Term,716,1051175,1 year,Home Mortgage,Debt Consolidation,13227.04,12.5,18,12,0,151791,201322,0,0,Y
1fc5da2f-ed2d-4198-a200-89eb08f98fc1,df888b2a-d3e8-4351-93b6-acf3ab7e17c6,Fully Paid,266871,Short Term,750,931095,4 years,Rent,other,2498.5,15.5,33,5,0,71459,220044,0,0,Y
b664bc81-2149-4260-af25-c2f5cb28caaa,1ccd46bb-adc7-4676-a406-f3eeb3dbb284,Fully Paid,130328,Short Term,740,1707207,2 years,Rent,Buy a Car,12647.73,23,33,12,0,445721,757834,0,0,Y
b90a7ede-df96-417e-9a71-2915e634175f,9f4ebd2a-621d-44c3-b4cc-02952d3227e6,Fully Paid,268664,Long Term,718,1160178,< 1 year,Rent,Debt Consolidation,16049.11,13.3,33,9,0,318839,818576,0,0,Y
17fe4532-e1a7-4fc5-a218-e7911bd2918e,642ec47d-8e65-4bbe-908b-a440ad279979,Fully Paid,753368,Short Term,723,1168129.5,7 years,Home Mortgage,Other,75878.02,43.3,33,19,0,834784,1378872,0,0,N
c5a1a3e9-da4a-4c9e-8d29-2907c613b82f,a239a831-642f-4cf8-926c-beac6ee5f36d,Fully Paid,448712,Long Term,696,1264602,10+ years,Home Mortgage,Debt Consolidation,33722.91,16.7,22,28,2,328054,895906,0,2,N
c4f5b500-b72f-4460-b401-95f5e1af4c94,a5590971-4224-4f70-bfc1-a561c65e01ec,Fully Paid,334686,Short Term,742,963490,10+ years,Home Mortgage,Debt Consolidation,12284.45,20.5,58,15,0,406220,863060,0,0,Y
f783ec1d-8691-4044-b281-cc7c4e4e41c7,b80882aa-56b6-4e07-9897-c33e506ec24e,Fully Paid,125004,Short Term,723,1168129.5,5 years,Rent,Other,27041.75,19.5,31,18,1,247342,667568,1,0,N
aaa927f5-d819-4226-a23f-2f363c0b36e2,7e53c8ce-62b4-4587-89f0-76b039b0ea1a,Fully Paid,266871,Short Term,728,311372,< 1 year,Rent,Debt Consolidation,1873.4,10.5,33,3,0,92378,122958,0,0,Y
34dfd022-0224-4d8f-aef8-42c35f69d249,58fe46dc-0b80-43db-8df9-80b7fb75924d,Charged Off,242616,Short Term,723,1168129.5,4 years,Home Mortgage,Debt Consolidation,41396.25,18,33,9,0,522690,745338,0,0,Y
d5414400-dc97-4cfb-9a26-88b9e5f723fd,aed4c830-c921-4cd4-8fc8-f2622828d3e9,Fully Paid,175076,Short Term,742,748486,8 years,Rent,other,7983.8,36.4,33,7,0,184490,240856,0,0,Y
856dcc54-b0d4-4e77-ad0d-8f313b65c62c,2b0b8447-335c-408d-9226-919788601a79,Charged Off,107712,Short Term,744,576688,10+ years,Rent,Debt Consolidation,7256.67,13.5,33,15,0,263321,671572,0,0,Y
d4508018-a6d0-4b6f-88ca-36002d4df521,78d34582-bfa9-4905-87f6-e2388392350e,Fully Paid,155210,Short Term,744,1053265,6 years,Home Mortgage,Debt Consolidation,17466.51,13.3,33,8,0,492841,640464,0,0,Y
b9522810-5692-491c-b57a-fda4a145e32e,8980f73f-9444-476b-9f9d-a03b7cbca798,Fully Paid,266871,Short Term,747,914432,8 years,Home Mortgage,Debt Consolidation,15088.09,16.6,33,8,0,202084,403458,0,0,Y
9027982e-1069-426a-b2fa-b6f9c60a5a6e,a4daa4ec-bafe-4c1b-960e-905b5b2644f0,Fully Paid,712404,Long Term,618,6283072,2 years,Rent,Other,20262.93,14.7,45,10,1,135641,358556,1,0,Y
6ec15fe6-483a-4fc4-bba3-6f49c3357cd9,b183e74e-c2f5-44ca-82bb-edfb87dca58c,Fully Paid,753610,Long Term,676,2212835,10+ years,Home Mortgage,Debt Consolidation,35221.06,17.2,33,17,0,579158,1086866,0,0,N
14d6e94c-e9d7-4317-a34e-2c1687fd8b84,cc8b7adc-f294-45d6-9348-240f1899f6cf,Fully Paid,154748,Short Term,748,1603657,8 years,Home Mortgage,other,8539.55,29.2,33,11,0,9842,1425820,0,0,Y
bb2a0990-243e-4e68-bea4-b13e00f4fde9,dcc6ab9d-f70d-4b50-975e-4c165c09b9af,Charged Off,251416,Short Term,720,1057293,6 years,Home Mortgage,Buy a Car,13480.5,9,33,12,0,138377,222838,0,0,N
c9eeb38d-03fc-4a5f-bcf8-753dd041ec71,445a6146-6b1f-47c1-8550-cf396f30d24b,Fully Paid,764390,Long Term,705,1603220,2 years,Home Mortgage,Debt Consolidation,34869.75,30.6,50,15,0,425448,1089902,0,0,N
1da877ab-2fa5-4fcf-a4bb-900d09e85958,d1eeca26-b38a-4b30-8687-9572e214c88f,Charged Off,215006,Short Term,723,1168129.5,2 years,Rent,Debt Consolidation,20639.13,11.9,74,9,0,76551,284130,0,0,Y
1461827a-0a27-4c8d-8e1a-dae45cb4c757,a516d48a-155e-4cbb-8710-43bddd55b655,Fully Paid,616902,Long Term,647,1405772,< 1 year,Own Home,Debt Consolidation,18626.27,17.9,64,4,0,317338,433818,0,0,Y
a145decf-d736-44dd-9da0-44d87cfeb59e,6e74edf5-0498-4171-9123-f7f637520240,Fully Paid,266871,Short Term,716,2848575,< 1 year,Home Mortgage,Home Improvements,23263.41,31.5,10,14,0,371051,1053052,0,0,Y
f94a3e2f-088a-480f-a303-7ebf96ffafe6,f4e50dd6-fd48-4d7d-8f4c-c4da73af8194,Fully Paid,266871,Short Term,743,773300,10+ years,Own Home,Debt Consolidation,16174.89,14.1,33,19,0,450908,1549284,0,0,Y
7cc402ac-27ef-4b61-b331-0ba0db642ed5,87c44b01-2054-49f0-872d-cd0f4e503385,Fully Paid,447788,Short Term,723,1168129.5,2 years,Home Mortgage,Debt Consolidation,6497.05,21.2,8,5,0,806379,2074886,0,0,Y
cd5c69da-8a2a-4164-ad42-69658fee2f22,58e605ce-de2a-4851-9126-022c7591fc2f,Fully Paid,170962,Short Term,710,598082,6 years,Rent,Debt Consolidation,7426.15,12.8,5,14,0,117211,622534,0,0,N
bd2af0e3-28aa-4a82-b7e0-acca63d29f13,ffbd01e5-5886-47fa-82e7-0c29cb14f30f,Fully Paid,266871,Short Term,704,1160862,6 years,Home Mortgage,Debt Consolidation,25442.14,14.8,13,9,0,607202,730092,0,0,Y
0cdd5b37-145f-42df-b75c-d22b8aaeea33,5f88aa1b-7526-47b4-99cf-51671f27817c,Charged Off,340362,Short Term,723,1168129.5,10+ years,Rent,Debt Consolidation,22936.8,23.3,35,19,0,427025,1242340,0,0,N
de0d812e-79f5-42ff-8b3b-5b121d5cb887,7d0315cd-ebd7-4580-b1fd-5396d5719556,Fully Paid,332222,Short Term,746,891119,3 years,Rent,Debt Consolidation,11733.07,23.8,42,9,0,293683,717420,0,0,Y
9b268bcb-a8e6-48bc-9b03-20a13145a2ea,6885de95-8a49-4ddb-a8da-b4d3bbb88190,Fully Paid,266871,Short Term,733,1803936,2 years,Home Mortgage,Debt Consolidation,10988.84,24.5,33,13,0,418133,1315666,0,0,Y
34c8aa29-3169-4d34-beb0-2b90dff490fa,f17b80fe-d2b7-4015-944a-b61b9ec5f13a,Fully Paid,266871,Short Term,743,1496193,2 years,Home Mortgage,Debt Consolidation,17081.57,20.7,33,11,0,176567,276298,0,0,Y
a9115594-5859-41dd-a067-c295f173e3ea,6f0fb886-cacf-4e15-82cb-d125472a0c7b,Fully Paid,440132,Long Term,676,1292380,6 years,Home Mortgage,Debt Consolidation,4157.2,15.6,69,3,0,150822,219956,0,0,Y
9611e0bb-b99c-4054-9476-3c015ca7be36,2ee68db3-8790-494b-b328-c308a1234cd1,Charged Off,403414,Long Term,723,1168129.5,6 years,Home Mortgage,Debt Consolidation,14597.13,20.7,51,11,0,71212,91916,0,0,Y
ecfe1204-c6fc-467b-bca8-98de2559bc77,0c4d94c3-2e19-4e78-a4f2-bc6e3b40d5cb,Fully Paid,112574,Short Term,729,1555416,10+ years,HaveMortgage,Take a Trip,10706.5,13.7,40,13,0,86507,770440,0,0,Y
a8ef62a1-843c-4858-8ad5-30f421106d67,b594bff7-3030-4318-933e-427e57129cb7,Fully Paid,88198,Short Term,741,825968,< 1 year,Home Mortgage,Debt Consolidation,3407.08,14.2,33,9,0,112727,725098,0,0,Y
75881204-9300-4bfe-ae76-524e48b636e0,865bd443-5b86-4b07-9218-8dffe43209fc,Fully Paid,764544,Long Term,703,1697859,6 years,Home Mortgage,Home Improvements,17685.96,25.5,31,10,1,300789,657118,1,0,N
fb357e99-ef8e-4433-a9f6-90706220f01a,3ba73ec7-aa01-49b2-beb0-53eaab294c0a,Fully Paid,224642,Short Term,741,1056039,2 years,Rent,Debt Consolidation,14080.33,38.5,33,7,0,252320,1047200,0,0,Y
510aab2c-f7f9-4369-acc6-38c821fc1e0a,f06b759a-06f2-4061-b10a-b09e05b04d82,Fully Paid,446336,Long Term,683,1117865,7 years,Home Mortgage,Debt Consolidation,7573.59,15.9,36,4,1,148960,238898,1,0,N
fb70a112-7685-4558-b432-398ddd1cc2d8,ef3ea28c-01b1-478a-aa98-4ea0b3398a15,Charged Off,447656,Short Term,732,1585113,10+ years,Home Mortgage,Debt Consolidation,20342.16,17.4,33,8,0,309054,503316,0,0,Y
c1e5cefb-1476-4440-ada7-c8ecb6c03280,271886d9-a9f9-4d48-b335-c6386e852408,Charged Off,261910,Short Term,675,1438509,6 years,Own Home,other,24334.82,15.6,33,9,1,74214,767272,1,0,N
25abb2db-777a-4bad-b11b-62e68b15362b,4eab7a13-91ce-450a-8d34-e85e2c11570a,Fully Paid,746372,Long Term,715,2302116,10+ years,Home Mortgage,Debt Consolidation,40670.64,24.4,33,14,0,620996,1461482,0,0,N
9319940e-c671-4ac8-961e-4ef321352acc,b2f2d7d2-e4c6-4f63-8dc0-e6ef40555d4a,Fully Paid,146982,Short Term,670,981578,10+ years,Rent,Debt Consolidation,25030.22,22.5,76,19,0,532589,828872,0,0,N
7f15dcd4-0148-4082-ae15-50798c38d908,c98e31fb-7471-4a58-9cb7-a04c8104abd8,Fully Paid,533698,Long Term,699,1853298,1 year,Rent,Debt Consolidation,30270.61,21.6,72,18,0,342209,589644,0,0,N
229b2af2-d06d-43aa-acb1-b7788cfdf705,78975426-c4c4-4fe8-87d9-2f067a3130cf,Fully Paid,316514,Short Term,723,1168129.5,< 1 year,Rent,Debt Consolidation,12437.59,16.9,33,13,0,413060,582560,0,0,Y
f3217133-1dbe-49f5-a66d-d3bb434891d0,535b4968-b8f8-45a0-8840-796cc7ec0098,Charged Off,563068,Long Term,623,2094807,< 1 year,Rent,Debt Consolidation,35960.92,12.1,33,17,0,580203,917774,0,0,N
0bd219a1-d1bf-4e13-9819-3e9aef1ea6fa,f104bb8f-a70d-4e89-8dae-81db356d8452,Fully Paid,163482,Short Term,711,564756,10+ years,Rent,Buy a Car,6447.65,12.4,33,9,0,216809,318186,0,0,Y
a111a0b5-f2a2-4ef6-8eed-a2f0394d8d4a,8b3823d4-d69f-48cc-b829-a97174e1d5fa,Fully Paid,173316,Short Term,744,954275,2 years,Home Mortgage,Debt Consolidation,6457.15,13.2,33,5,0,327541,780384,0,0,Y
9e3fe95c-0305-4314-bd81-aee93ea6d07e,fc22174a-fbb3-4cc5-bbbe-37846690c20a,Charged Off,133936,Short Term,639,347035,1 year,Home Mortgage,Home Improvements,6969.39,15.4,22,10,0,68742,151910,0,0,N
48b0843c-72d0-45ba-8b63-0d2810a79087,ca3da155-a63a-4d39-b8b4-898b0e6c28f6,Fully Paid,64526,Short Term,747,185782,< 1 year,Rent,Debt Consolidation,4799.4,10.1,33,8,0,72257,172128,0,0,N
b10c53c4-8588-4e10-a312-6bdcbc509e3b,decba3f3-c30b-4116-821f-b26898388a7e,Charged Off,47806,Short Term,671,835620,2 years,Rent,Other,3070.97,12.8,12,10,0,48051,60764,0,0,N
3f6ee5ea-bf37-469b-bfab-42cc687bdca2,cf3d93fb-6762-4a14-afa9-05b252698f34,Fully Paid,131934,Short Term,723,1168129.5,10+ years,Rent,Debt Consolidation,10640.95,16.7,47,7,0,136154,248270,0,0,Y
e303a41f-b400-40b0-a445-4fa9465eb6e9,03709adc-3272-4711-9845-70f4cb09550a,Charged Off,147576,Short Term,748,463429,2 years,Rent,Debt Consolidation,8573.56,12.9,36,20,0,88939,357588,0,0,N
0252b476-d412-46f3-91bb-baa6efcdcfeb,edfb58ce-4aaa-4ab9-a448-caba8034a937,Fully Paid,545160,Long Term,699,3954888,10+ years,Home Mortgage,Debt Consolidation,27881.93,18.1,39,15,0,163020,215974,0,0,Y
bb9a3d0e-e77b-4c2f-bdb6-fb17504690cb,de7e5f8e-bdf9-4eaa-8266-9e16da5be3c2,Fully Paid,657294,Short Term,691,2270652,4 years,Rent,Debt Consolidation,24031.01,11.3,40,12,0,405327,811998,0,0,N
79da00c8-ecfe-4973-9630-6c7b0a9c1885,884afe37-a98f-4454-ac38-512e49de8002,Fully Paid,780406,Short Term,715,3369897,10+ years,Home Mortgage,Debt Consolidation,35945.53,9.2,33,6,0,457710,1130008,0,0,Y
4fc76e01-636a-4034-81db-875906605015,5f8d13d9-fc42-491d-beb7-6872bb2e8b8e,Fully Paid,266871,Short Term,743,2688462,1 year,Rent,Debt Consolidation,32037.42,20.5,34,14,0,198094,749606,0,0,Y
a1047919-67d1-4e44-868a-9219d8f4db91,f48c2e72-a017-483f-8bd2-c260d081cbee,Fully Paid,43318,Short Term,708,897769,4 years,Rent,other,7391.57,17.9,33,2,0,3382,4334,0,0,Y
3b2fe122-ee7e-4555-b1ae-961966bf383a,42790d99-2adc-4eee-9c18-1937c3b43424,Fully Paid,44792,Short Term,723,502892,7 years,Rent,other,7794.75,7.5,33,9,1,193781,358446,0,1,N
8fff5d52-99dd-4917-b391-f48a6fa35000,bf7c49ea-940b-4958-8f60-55f45c3d57c8,Fully Paid,266871,Short Term,738,992256,7 years,Rent,Debt Consolidation,15793.37,18.2,14,11,0,348878,738496,0,0,Y
46338993-3ad3-4a50-8261-70105523161f,b4e257bc-1da0-4273-9272-0f93d9b26e3a,Charged Off,772772,Long Term,699,3336970,9 years,Home Mortgage,Debt Consolidation,41434.06,14.6,33,8,0,91979,132484,0,0,Y
0aaf989a-3830-4ff1-951a-46101d7c1f50,5d39e9c4-d45d-4f24-a767-8e96ee964643,Fully Paid,268004,Short Term,750,867996,10+ years,Rent,Debt Consolidation,21410.53,23,75,15,0,309776,1203664,0,0,Y
a7b9a7fc-350a-4252-b98a-8758c7f64e0e,4ae48a91-7be2-40b1-a66d-6f7d5b6b5e7f,Fully Paid,776864,Short Term,687,1629383,10+ years,Home Mortgage,Debt Consolidation,34895.78,19.6,63,24,1,481783,950334,1,0,N
1f58b5e2-70f1-44f0-966e-c83a5750b62e,cadc3a31-59f7-4e44-86d5-1244409aa0a3,Fully Paid,273856,Long Term,614,821826,10+ years,Rent,Debt Consolidation,8766.22,16.4,33,4,0,146262,234586,0,0,N
2fc4e87c-eb83-4dd2-9d7e-b09b85c2e812,315c2ccc-48c7-4f48-bf39-ab34f49a8c31,Fully Paid,33154,Short Term,713,572793,10+ years,Rent,vacation,13412.86,11.8,33,10,2,49153,178948,2,0,N
e3a7ca7b-630b-4d4d-a66d-11920b01bd2e,09c612b9-a6f2-4a03-9901-160dbc03b4a9,Fully Paid,450384,Short Term,746,1166904,10+ years,Home Mortgage,Home Improvements,31506.37,20.2,33,12,0,332918,687126,0,0,Y
927942e3-e42a-458c-ba9b-a5f705841951,17f9fb19-deb1-4746-a388-491b55556cc3,Fully Paid,662310,Short Term,699,1258389,10+ years,Home Mortgage,Debt Consolidation,13213.17,17.5,64,8,1,302309,562782,1,0,N
ff3989d5-9c9e-4773-9d4e-0f7edc06369f,0cdf50b9-efc7-4577-8bf6-6ff6ffdf86c1,Fully Paid,353232,Short Term,712,823707,10+ years,Home Mortgage,Debt Consolidation,13659.67,9.8,41,9,0,117496,242968,0,0,Y
6ed05949-8a9c-4533-adc9-d52295349208,55ee39ef-0a44-4b79-8154-a512c22bdb97,Fully Paid,266871,Short Term,734,950399,3 years,Home Mortgage,Debt Consolidation,17344.72,14.2,33,11,0,139897,217448,0,0,Y
408e8e7c-acca-46b4-aab8-746e87884729,bb433d07-83ce-45b4-95aa-88f6da823bbe,Fully Paid,221056,Short Term,741,954560,10+ years,Rent,Debt Consolidation,9386.57,12,13,19,0,117420,229658,0,0,Y
785c06ea-24a5-4207-bc98-640229c3a297,1a5685b7-450d-44c6-9390-2e16387f7cd8,Fully Paid,76340,Short Term,723,1168129.5,10+ years,Rent,major_purchase,472.15,23.6,33,6,1,15333,322806,1,0,N
9631d486-9ee3-4dc0-8892-1da1bafb95b0,a7a06859-14a2-4e5b-ab74-92fe625a229c,Fully Paid,469678,Long Term,667,2250246,6 years,Home Mortgage,Debt Consolidation,51380.56,14.6,33,43,0,979526,1543102,0,0,Y
937b262f-ed76-4d27-ab0e-18d415b9e481,0363c6d8-3b43-4266-92cf-113e1fca7d5c,Fully Paid,266871,Short Term,739,3095632,3 years,Home Mortgage,Debt Consolidation,41017.2,21,19,15,0,288002,508354,0,0,Y
5c9f4cf1-0e54-4b80-936d-76e104f14f26,4eb7b183-8053-4d35-b012-7ff377223980,Fully Paid,266871,Short Term,726,2311236,9 years,Home Mortgage,Home Improvements,35438.99,23.9,18,18,0,3528718,10189234,0,0,Y
1aa92a2f-8cd2-4882-973c-570ec33e69d4,35831535-e42c-4109-b006-4685c874a6b2,Fully Paid,266871,Short Term,734,652099,10+ years,Rent,Debt Consolidation,15922,13,33,15,1,99788,687786,0,0,N
3cf169d4-3cd0-4828-83f0-2c0933d9c52e,0a0ed036-ce6b-41a9-b0ee-8db814a85425,Fully Paid,319726,Short Term,749,952185,2 years,Home Mortgage,Debt Consolidation,17059.91,21.2,33,8,0,299725,778140,0,0,Y
67dc4943-5d45-45dd-b8ec-18a77e13b23d,3c6f7594-ac3f-4a3b-8546-61137ee93213,Fully Paid,460350,Short Term,736,888041,5 years,Own Home,Debt Consolidation,18796.89,27.2,33,9,0,547504,816948,0,0,Y
fab8f54b-6e9a-47cb-8de6-0b537136f5dc,1818da89-2018-4750-b7e4-70ba4d13e86a,Fully Paid,133606,Short Term,701,2538343,10+ years,Home Mortgage,Buy House,18297.19,32.9,12,21,0,198911,342738,0,0,N
cec41098-db3c-4be5-9fef-8209b66cf780,96014749-34d9-4449-9a6d-874b6b762986,Charged Off,79948,Short Term,741,230147,10+ years,Rent,Debt Consolidation,4372.66,8.9,33,11,0,110086,242792,0,0,N
37263d4a-911f-410e-910c-d6c225738a29,8d3fe0d8-97d9-4e39-9d69-a030e72ba161,Fully Paid,67298,Short Term,723,1168129.5,10+ years,Home Mortgage,Debt Consolidation,20289.53,22.5,34,9,1,170601,302962,1,0,N
ac24bc56-d99f-4f73-8412-8fbede7bbfde,160993af-7836-4e58-9f0c-1c894dc1b764,Charged Off,767690,Short Term,731,1629098,10+ years,Home Mortgage,Debt Consolidation,14118.71,16.8,33,6,0,167371,250074,0,0,Y
b5a9af5a-4242-4092-a261-c7a9f1d8733f,faa524e8-2e89-414e-9a18-3042d1ef9166,Fully Paid,328350,Short Term,745,1343243,10+ years,Home Mortgage,Debt Consolidation,11529.39,19.4,33,7,0,373958,600578,0,0,Y
62554497-ca41-4e12-9796-80aec68e7ae5,77cc7b59-b2db-4c65-bfb6-d878b1a228fa,Fully Paid,380622,Long Term,657,969665,3 years,Rent,Debt Consolidation,26665.74,10.6,33,5,0,305482,377102,0,0,N
f3118845-1c31-4fe7-a087-4d432707f291,7352605a-a1fc-4f3a-804d-bb7df0dbf646,Fully Paid,281710,Short Term,728,831953,2 years,Home Mortgage,Debt Consolidation,12964.46,18,52,12,0,461415,907104,0,0,Y
1505e7a1-949b-43b8-91b7-abe1d96bb0de,6e1f347c-42e6-46e5-9af0-e982346990c1,Charged Off,418572,Long Term,704,1201788,4 years,Home Mortgage,Debt Consolidation,23935.63,16.6,33,18,1,232522,333608,1,0,N
c2fdb0fb-fc48-41ed-9453-1f02ef4b7ca0,f4f1de27-a30b-41c6-9357-79a73a23ed12,Fully Paid,332552,Long Term,723,1168129.5,10+ years,Home Mortgage,Debt Consolidation,18093.32,26.9,33,9,0,324539,650122,0,0,Y
9c74ba6d-9cce-4967-b9eb-4bd371cec161,6d385ad8-34ab-4eb7-8364-97a516c00e3a,Fully Paid,161656,Short Term,749,874874,9 years,Home Mortgage,Debt Consolidation,12226.5,16.1,19,10,0,159676,394218,0,0,Y
84b167d8-d537-472c-b083-423caacf738a,37e59c53-92cc-4abb-a7d4-918188a8c485,Fully Paid,266871,Short Term,731,1307124,3 years,Rent,Debt Consolidation,13724.84,11.2,33,7,0,273182,266024,0,0,N
03758e64-f3a7-485d-8d99-3795447f7986,d0a8be34-eef9-4005-beb5-cfb5b0468222,Fully Paid,87274,Short Term,719,753692,10+ years,Rent,Debt Consolidation,4013.37,8.2,33,8,0,101042,259424,0,0,Y
1aef2f39-8791-4fe4-b551-f711e770d352,86b76475-e158-42ee-a94b-ac9f7916ebf3,Charged Off,456126,Short Term,723,1168129.5,10+ years,Rent,Debt Consolidation,23213.82,18.6,33,8,0,333640,519244,0,0,Y
a02e612b-0dd2-4841-b85c-ad283a8b7f5c,6c301164-4828-4de3-9a2c-767bf95e9c23,Fully Paid,294580,Short Term,744,1734624,10+ years,Rent,Debt Consolidation,8051.63,17.8,6,12,0,229007,433290,0,0,Y
abeaa23b-2eaa-47e3-9919-6a5d8d331843,a7802168-2b18-49ef-b6a5-a88de894c9b1,Fully Paid,266871,Short Term,747,1025487,10+ years,Home Mortgage,Other,16066.02,40.3,33,24,0,536199,4166844,0,0,N
c27ad3c4-b178-4767-ba59-64ea729be90d,e8ddad09-0042-42d4-93aa-b45dd89fbddd,Fully Paid,526196,Short Term,723,1168129.5,10+ years,Home Mortgage,Debt Consolidation,24808.49,20.1,12,12,0,443840,1072918,0,0,Y
62319446-dde3-4791-a345-443570316a7f,a7f14ec6-d7f1-41c1-8a88-69fd6a5d807b,Fully Paid,39138,Short Term,731,751336,4 years,Home Mortgage,Home Improvements,10894.41,10.6,27,11,0,77539,302302,0,0,Y
dba56eac-0531-4d21-90f5-2881cd64ed78,efe184e6-8ff3-437b-9990-9cd1870cadf3,Fully Paid,516978,Long Term,712,1261809,< 1 year,Home Mortgage,Debt Consolidation,15457.07,11,33,15,0,179208,256190,0,0,Y
e85cc13c-aefb-4c81-a9f3-896c60c5386e,c89321f5-ed4f-47b7-a45b-198cf02fedd8,Fully Paid,178882,Short Term,723,1168129.5,7 years,Rent,Debt Consolidation,8535.75,8,33,20,0,129637,498696,0,0,N
c296bb7f-2ad0-4f2e-94a2-0506510eea09,2a01b536-ed56-49a8-b2b6-b07f131cb7dd,Charged Off,327404,Short Term,723,1168129.5,10+ years,Own Home,Debt Consolidation,26012.9,17,33,12,0,246525,406032,0,0,Y
50a1a5a4-3f08-454c-9d00-52e875964b10,3d31b81f-ea84-4e18-8b0d-2027e26a4ca4,Fully Paid,90112,Short Term,723,1168129.5,6 years,Rent,Other,13879.88,13.1,11,3,1,304,32780,0,0,N
2b05ac45-e1f4-4624-aa86-594437bbe0ab,d532715b-a0ea-4ceb-8b35-71f5a626815e,Fully Paid,449724,Short Term,720,925946,4 years,Home Mortgage,Home Improvements,6643.54,9.2,33,10,2,170069,449570,1,1,N
75792bfe-72fd-4043-afc6-c843ed09251c,023fa202-c60a-4d28-9961-3fe45d280800,Fully Paid,260436,Long Term,734,1244272,10+ years,Home Mortgage,Debt Consolidation,11924.21,28.4,26,12,0,189696,625812,0,0,Y
efa0fa0c-e2d6-4f8d-9dd0-353cca40ef09,121f643b-6e0c-47c6-87b6-b9a924207efa,Fully Paid,260810,Short Term,723,1168129.5,2 years,Home Mortgage,Debt Consolidation,13076.56,19,33,11,1,180329,258742,1,0,Y
e43903e2-f55e-4586-829e-24c881d70a40,314a1015-c9e0-4fd1-bc2f-f210436d1a62,Charged Off,539176,Long Term,712,1154801,10+ years,Home Mortgage,Home Improvements,14338.54,13.9,33,7,0,256025,726594,0,0,N
f2055170-96ef-4bc8-a4ce-a3d5780c3d83,eb62bb6a-89db-4c1e-81ee-219ca7dff471,Fully Paid,756844,Short Term,723,1168129.5,4 years,Rent,Debt Consolidation,25198.94,26.9,33,10,0,876147,1147586,0,0,N
f6ef66e9-d414-4258-a8c5-787aef91e236,f51f824d-fb8a-4ab6-b211-4db6d706b00c,Fully Paid,264396,Short Term,737,1712565,10+ years,Rent,Debt Consolidation,19980.02,21.9,49,13,0,380665,1075052,0,0,Y
05be23dc-8630-42ad-83ec-91ac92df7a88,847a95e9-1543-4b45-8b42-3b93b5acc8c0,Charged Off,242264,Short Term,744,584345,5 years,Home Mortgage,Debt Consolidation,12417.45,21.7,33,10,0,212306,836154,0,0,Y
a1582c01-7488-4ea3-9ca6-e008e3270f2c,1a7fbc55-d351-48ef-b7eb-d1680fb416cd,Charged Off,444752,Long Term,706,1920520,5 years,Rent,Debt Consolidation,43371.68,16.1,72,22,0,353362,611578,0,0,Y
941e0553-5b2f-4425-b455-4ae4b8f04836,cb675274-6c28-4bf7-a075-5cc990cf5c51,Fully Paid,251196,Short Term,740,1051536,10+ years,Home Mortgage,Debt Consolidation,23133.83,48.7,20,16,0,300295,452716,0,0,Y
a651e757-9f48-4731-aed7-fb327ab73c9f,0ec4572c-0882-4245-b2a1-7015771148b7,Charged Off,224312,Short Term,700,678034,3 years,Rent,Debt Consolidation,13052.24,12.8,64,13,0,240863,639650,0,0,N
bc9296eb-eefd-4ca9-afc4-411541701a74,ba68a268-8b71-4107-950a-8c5f17a76950,Fully Paid,222728,Long Term,615,905160,1 year,Rent,small_business,18706.64,16.2,49,9,0,64676,135432,0,0,N
fe0b00bf-d2fb-41c2-b2ec-f2812a5f42c5,a7f73a96-01e2-457e-846e-5c8d18d4221a,Fully Paid,266882,Short Term,723,1168129.5,10+ years,Home Mortgage,Debt Consolidation,20287.44,23.4,49,12,0,255018,853402,0,0,Y
4c92597f-fdfc-436e-8556-15d0d6be5e6f,8e3e3601-6f19-4818-8915-4c3e3f58c2fd,Fully Paid,450648,Short Term,737,1634627,10+ years,Rent,Debt Consolidation,10570.65,32.5,20,6,1,93252,151008,1,0,N
ac63582f-e299-4aa2-b9c5-f846cf7ea9d9,ceeff234-9aa8-494f-9935-e1a963b27960,Fully Paid,500302,Short Term,723,1168129.5,7 years,Rent,Debt Consolidation,13520.59,15,33,8,0,232142,732424,0,0,Y
9f7daac9-8a61-44e9-920d-bea452d02399,14caac2b-1ab5-4625-adce-733b26643f70,Fully Paid,407528,Long Term,711,928226,2 years,Rent,Debt Consolidation,18487.38,11.1,33,5,0,263093,333652,0,0,N
a1301a8a-e66e-4747-beb7-c2f243f2c689,ab46b1a7-f937-4ba9-ac98-270344120cf7,Fully Paid,152372,Short Term,697,845937,< 1 year,Rent,Debt Consolidation,2876.22,8.8,46,10,0,56943,215468,0,0,Y
54e1f2a4-0083-4357-b07c-a007ac9a716e,d3291318-0960-44db-beb2-cae8cf8029d4,Fully Paid,704946,Short Term,717,1352914,10+ years,Home Mortgage,Debt Consolidation,27960.21,30,33,16,0,792623,1456752,0,0,Y
a1301a8a-e66e-4747-beb7-c2f243f2c689,ab46b1a7-f937-4ba9-ac98-270344120cf7,Fully Paid,152372,Short Term,697,845937,< 1 year,Rent,Debt Consolidation,2876.22,8.8,46,10,0,56943,215468,0,0,Y
85cf1c3c-2ce0-4795-8db2-5ab5c52da64d,471802fa-e65d-4247-92d1-9a838d2b2080,Fully Paid,630234,Short Term,723,1168129.5,1 year,Home Mortgage,Debt Consolidation,32910.85,15.6,33,13,0,1060846,1305370,0,0,Y
6d53bc1f-1ade-40a2-a643-512a5fb17be4,9a0ed640-48ab-48c4-9948-5bbb27cd1fe5,Fully Paid,87472,Short Term,695,679896,4 years,Home Mortgage,Business Loan,6872.68,10.2,33,4,0,19912,133210,0,0,N
e6316044-4f8a-4b04-9329-d5006ee2a5ed,2a445931-cd27-44c7-838e-c9dede943278,Charged Off,178046,Short Term,723,1168129.5,< 1 year,Rent,Debt Consolidation,18759.08,23.3,33,11,0,119757,360184,0,0,Y
a73a3e2f-1971-4b1d-8b35-b39fcf0f87e4,4cb4da1d-b371-4208-8e1a-72d68d6a7334,Fully Paid,155738,Short Term,723,1168129.5,10+ years,Rent,Debt Consolidation,6654.75,19.4,10,7,1,125039,275748,1,0,N
dcc050a3-316d-4f16-a551-794809e6293d,9d65a472-7fdb-4eb8-8fcd-5597554a6082,Charged Off,234036,Short Term,703,665798,10+ years,Home Mortgage,Debt Consolidation,11263.01,17,39,13,0,242098,308396,0,0,Y
20cb7d7f-e1d9-484c-a4e4-340d06c85bcc,03f8cd85-1ce1-4754-a955-f32e17eaee60,Fully Paid,266871,Long Term,615,1282462,10+ years,Home Mortgage,Debt Consolidation,40611.36,22.9,33,21,0,1238287,1740046,0,0,N
5a1438cd-1512-42bc-8a52-307fc1290fff,4e3eee3d-4f66-4a08-8060-154c1cbc29fc,Fully Paid,223146,Short Term,719,573819,7 years,Home Mortgage,Debt Consolidation,10902.58,22.6,33,9,1,77159,192544,1,0,N
d65cc479-b07a-4a47-9903-df08f53ce9d8,21a58539-2489-4b5a-8606-b7a64e606fec,Fully Paid,649902,Long Term,695,1309651,10+ years,Own Home,Debt Consolidation,6810.17,26,74,7,0,300884,361768,0,0,Y
6b8d1d58-38ab-4b08-9c62-900d42645d0f,c6abf067-c8b9-44f9-be06-4271cb13e550,Fully Paid,214632,Short Term,722,1448237,9 years,Home Mortgage,Debt Consolidation,33188.63,15,10,25,0,485982,970200,0,0,N
2c1aad86-b113-4f77-9480-14376a2394d5,907ae5a2-9fe1-4093-9d47-94af6af76f0e,Fully Paid,266871,Long Term,710,1733788,1 year,Home Mortgage,Debt Consolidation,39443.43,35.6,69,23,0,761254,1620344,0,0,N
ba6e90bb-8430-4444-88bb-32d75998a6c2,b36af03c-aabf-4817-a356-cba3f9b80aa0,Charged Off,207636,Short Term,723,1168129.5,10+ years,Home Mortgage,Debt Consolidation,15330.53,19.7,8,9,0,184281,254936,0,0,N
94f8631c-494f-48bd-bc53-14e7dc089fae,44836e28-1f4b-428f-aea6-073ab6437c68,Fully Paid,266871,Long Term,693,1885959,10+ years,Home Mortgage,Debt Consolidation,8046.88,21.8,35,10,0,315932,923758,0,0,Y
d50ab790-9009-4a2e-b477-93b9db029927,7c5ef5d9-ff25-4006-a399-cee0e175e54a,Fully Paid,396286,Short Term,741,2528767,10+ years,Home Mortgage,Debt Consolidation,17111.4,28.9,4,11,0,174781,535414,0,0,Y
d4fe1ed6-0eff-444f-8163-d26ce1083927,3d6b26e0-e22a-4b63-8f4f-aecc83b723b9,Charged Off,268664,Short Term,727,899954,8 years,Home Mortgage,Debt Consolidation,17324.2,19.5,33,13,0,223725,460130,0,0,Y
5c5b490c-8d66-43df-872b-e50d4ee67bc7,35de5f47-b2b9-4e16-af6a-5455ade15f11,Fully Paid,405746,Short Term,742,1168044,5 years,Home Mortgage,Debt Consolidation,21511.42,13.8,33,9,1,286748,378598,1,0,N
4002c289-2746-48c4-b917-a8f55eb4ff52,23fbae3c-895e-43d9-bae9-077999282de3,Fully Paid,188166,Short Term,747,2408554,10+ years,Rent,Debt Consolidation,7587.08,16.5,33,7,1,85975,143440,1,0,Y
76f293ce-2c7e-4cc8-9541-69ff8e9547fe,3cec97a7-6e88-4d1c-8ce1-b635c7ffd354,Fully Paid,358578,Short Term,711,1509721,9 years,Home Mortgage,Debt Consolidation,3157.8,13.7,33,3,0,58862,91850,0,0,Y
2a5711a9-77e0-45cc-9c67-9ff1aaa87274,6c9bb30e-e5eb-4b42-a5af-936e5f86bf00,Fully Paid,94534,Short Term,718,777556,2 years,Rent,Debt Consolidation,12894.35,8.7,33,8,0,49286,72050,0,0,N
9534fd26-3e15-4d6f-b8b7-e81cc2721118,f8fe1ce7-dd1b-45e4-86d8-1446b353b817,Fully Paid,767624,Short Term,733,2083825,< 1 year,Home Mortgage,Debt Consolidation,22574.85,12.6,33,12,0,434910,1243396,0,0,Y
9f2bade2-bffa-43b0-b35f-1b6c11195fb3,67df0dd6-0eba-4a63-b3cd-e9333d9e8e79,Fully Paid,403964,Short Term,744,1763561,10+ years,Home Mortgage,Debt Consolidation,17929.35,18.4,33,11,0,389101,843678,0,0,Y
097c2bb5-5b7b-463e-8515-b1303825cc51,65fae922-65ac-42d8-910a-d43c187b0c07,Fully Paid,531168,Long Term,724,1834944,10+ years,Home Mortgage,Debt Consolidation,23242.7,38,75,16,0,534033,942612,0,0,Y
d1d2fe39-211d-419f-acae-e598b366d6ab,bd34e363-b56a-4c33-8c77-0a49d20728ac,Fully Paid,390896,Short Term,735,804460,7 years,Rent,Debt Consolidation,11932.95,26.3,33,14,1,335027,1251360,1,0,N
48d17ddd-9d0c-4ddb-ae87-5f28d3f1d120,3e6f9a14-595e-4c93-b16a-6b9e0691a39a,Fully Paid,134794,Short Term,736,927523,10+ years,Rent,Debt Consolidation,11439.33,16.8,49,7,1,72371,130306,1,0,N
8e9918a0-0c90-44f7-847a-110c0c7a278d,8059ca3a-ca55-4bea-8f6e-d5b353a19d4c,Fully Paid,266871,Short Term,741,1157328,1 year,Rent,Debt Consolidation,9007.9,13.7,33,10,3,159714,469348,1,2,N
045db674-1e91-49f1-85dd-d04e84ff35c1,35ff2d58-59e1-4455-af50-3438a78ed021,Fully Paid,134596,Short Term,723,1356201,1 year,Home Mortgage,Debt Consolidation,18308.78,21.5,10,19,0,286596,707586,0,0,Y
4a3aaa66-09f7-49d1-a338-a5acbff127af,e9402e8e-ca22-4834-a024-d89e674b5afb,Fully Paid,311850,Long Term,723,694564,10+ years,Own Home,Debt Consolidation,12270.77,18.8,33,6,0,167238,338536,0,0,Y
cb899501-f3a9-40ec-bce7-75761c57ff64,94c953bf-f551-43bd-9374-d41bc899e362,Fully Paid,266871,Short Term,722,1450441,10+ years,Home Mortgage,Debt Consolidation,15229.64,14,37,10,0,439812,816134,0,0,Y
1d3c3414-6a04-4592-9de0-21bcfb44229a,39b4e50e-b907-42c4-9741-322c29dbe476,Fully Paid,429000,Short Term,746,926250,10+ years,Home Mortgage,Debt Consolidation,27015.53,28.5,33,8,0,473708,746240,0,0,Y
fb8c86c5-7463-4635-b82b-021cac5f1b7e,277f0c8d-3100-4734-acde-eabfda554112,Charged Off,215446,Short Term,720,1308283,1 year,Rent,Debt Consolidation,11992.61,22,27,13,0,139479,192940,0,0,N
cb4338ab-40e6-4e5a-a2c1-76747f477da1,d52fe572-9db8-419c-91c9-33ec04025163,Fully Paid,375650,Short Term,724,768398,10+ years,Rent,Debt Consolidation,12857.68,19,33,10,0,254391,435072,0,0,Y
b5b13f71-0ff6-4da4-b7e3-9ddf539c90ec,ea4d01b3-bfe1-4759-b165-10a3043c7257,Fully Paid,762696,Long Term,656,6906766,3 years,Home Mortgage,Debt Consolidation,86334.48,31.2,33,13,0,1376474,1728650,0,0,Y
36b6eb0b-df14-4cd6-88e9-c47a6c9c6c29,b96bd37d-f920-4e89-8707-53349a8a3e6c,Fully Paid,267872,Long Term,723,1168129.5,10+ years,Own Home,Debt Consolidation,19439.85,20.5,33,10,0,673512,1687994,0,0,Y
dd9212fc-1435-4eba-a44b-7362e6b1903d,e15c3081-4cec-4988-ae46-073d7ef52a61,Charged Off,781022,Long Term,653,2004253,10+ years,Home Mortgage,Debt Consolidation,35993.22,26.4,48,17,0,622554,1115862,0,0,Y
369fe238-cb49-4007-b546-2a9f9731d926,279c0b13-4338-47e8-8387-5e2abd791216,Fully Paid,266871,Long Term,700,410020,< 1 year,Rent,other,1144.56,13.9,33,1,0,94202,173976,0,0,N
4e6be184-2044-413b-8363-ff2f07a237a2,9078506e-5fe4-461c-a420-66321502c708,Fully Paid,216832,Long Term,723,1168129.5,2 years,Rent,Debt Consolidation,25920.56,14,15,8,1,97052,197164,1,0,N
58d4e581-32c6-4eaa-af50-92f3e7889ab9,d7887c0c-decc-4fb2-adb2-f6f65c6d4f15,Fully Paid,266871,Long Term,707,1208324,3 years,Home Mortgage,Debt Consolidation,18527.66,12.8,45,17,0,631788,1213190,0,0,Y
c58fcbf7-7979-4a82-839c-d91d04024215,e7bbc5c3-bd7a-4803-a170-7eaa2d8de78a,Charged Off,131934,Short Term,717,531734,1 year,Rent,Debt Consolidation,16395.1,8.4,33,9,0,120612,160512,0,0,N
5921cd7a-cd1b-4004-ac3f-3c5df4970c32,4448c50f-658f-4897-89b0-8da53c60cbb5,Fully Paid,266871,Short Term,738,2081792,10+ years,Home Mortgage,Debt Consolidation,21511.99,25.6,27,10,0,163153,227612,0,0,Y
e9c1e76f-ab12-4786-93be-97f6b0cb7190,78bd8382-79d1-46fb-b73e-13549f184e9a,Fully Paid,266871,Short Term,745,665608,1 year,Rent,Debt Consolidation,14754.07,15.5,55,5,0,231553,376552,0,0,N
13f15020-d2cf-4ffe-a137-93f59af5daee,7b1a2716-7c87-4cb3-9524-214c04ab6312,Fully Paid,556996,Short Term,733,4521715,1 year,Rent,Buy House,44086.65,27,40,18,0,106001,1157904,0,0,Y
5e6034a5-3034-413f-8fbe-106ee8b379bf,62550808-4d89-4058-9a93-b8dec2606e71,Fully Paid,158026,Short Term,716,1091854,10+ years,Home Mortgage,Home Improvements,11009.55,14.3,7,7,0,87438,188540,0,0,Y
d290b499-ce31-4336-b5b8-50f6d9c01e95,83375a14-3b11-47e3-adcc-aba68b9aa3a4,Fully Paid,773388,Short Term,723,1168129.5,10+ years,Home Mortgage,Debt Consolidation,32008.73,29.2,33,8,0,1515592,2321308,0,0,N
92facbd3-96d8-4fba-b6f0-d489448d779f,a8cc187e-2d6d-4fda-867a-f4b527a5349f,Fully Paid,130746,Short Term,734,1018590,10+ years,Rent,Debt Consolidation,16891.57,22.8,29,7,1,41230,191686,1,0,N
3d1e6aa6-5a14-4229-9a94-0e6ec8b48bdb,87af014b-f368-4d7c-8f8d-8f59d5efc338,Fully Paid,208670,Short Term,703,566124,4 years,Home Mortgage,Debt Consolidation,3811.97,11.7,33,7,0,171779,264506,0,0,Y
94b3b51f-c9b9-4314-94b6-6049ae9b4a1a,fd04a9be-10df-4847-92f5-c647e16d40a5,Fully Paid,298166,Short Term,717,2247396,10+ years,Home Mortgage,Debt Consolidation,35583.77,19.5,33,22,1,50825,159060,1,0,N
b8af8840-8b77-46b9-a13e-fbb28a9e9570,b9254a96-7185-49bb-a1a9-ab93a4adbe24,Fully Paid,267784,Long Term,689,1638104,1 year,Own Home,Debt Consolidation,48050.62,12.2,20,10,0,60325,403722,0,0,Y
7108c8e4-0d4a-4390-9dfe-bdade30fe249,66db7b31-792a-493f-88fb-b576cd826198,Fully Paid,430012,Short Term,723,1392662,10+ years,Home Mortgage,Debt Consolidation,21470,16,33,21,1,597360,2034340,0,0,Y
5e43743f-3e95-474f-bf79-09926ee7b4a5,86c10392-9210-4d48-a02b-49ff0beff2de,Charged Off,44022,Short Term,666,910727,< 1 year,Home Mortgage,Other,19808.26,22.5,24,8,0,419748,514866,0,0,N
58c98d89-26cb-4737-b133-c9b4f79db5f1,9ac101a6-a72e-4ecb-ae9c-091200a88209,Charged Off,140888,Short Term,693,1166296,10+ years,Rent,major_purchase,7396.32,16.4,33,6,0,1254,145244,0,0,N
27c78626-0cb2-4308-a22c-32761b59dff2,834b3cbc-fdb2-4084-9dfc-9cdcae945acf,Fully Paid,260216,Long Term,664,1685547,10+ years,Home Mortgage,Home Improvements,17698.31,14.8,33,12,1,71041,301290,1,0,N
3af45d3a-676a-4c67-b5a7-ba1d7aeb97ed,eb069b14-27ec-4f73-ac76-ae19d18cef36,Fully Paid,151602,Short Term,739,1084805,3 years,Rent,Debt Consolidation,7204.99,10.7,61,6,0,69331,395472,0,0,N
080c1b62-9f1a-41ad-bbf3-614c263dbec4,93bfe4f9-4421-4add-8e13-0a84235cee68,Fully Paid,311608,Short Term,723,1168129.5,4 years,Rent,Debt Consolidation,19115.14,15.9,33,8,0,120460,255464,0,0,N
ca1a2928-8acc-4203-8aac-1f0cb1d5781d,636578ec-e081-49f7-9fec-638d65a36050,Fully Paid,266871,Short Term,737,1324452,1 year,Rent,Debt Consolidation,23619.47,12.8,25,30,0,108908,298100,0,0,Y
d40aff1b-9175-4976-87b0-cacb8aacfc2f,7e2225b8-85aa-45ea-a7e5-e36bbdd6b818,Charged Off,220770,Short Term,705,571995,9 years,Rent,Debt Consolidation,10915.5,21.3,33,6,0,93043,139018,0,0,Y
65bcad5f-35e4-440c-89c8-95933d119cc2,af9daf28-5add-454c-8a37-4ea08e5593dd,Fully Paid,176220,Short Term,717,1027235,10+ years,Own Home,Debt Consolidation,9330.71,25.5,33,7,1,99294,283888,1,0,N
8e0c978f-d5d0-433c-89cf-1e3e1fa03b17,25f9b079-a3b3-4f09-9611-dc0ea52c8d33,Fully Paid,266871,Short Term,700,730588,10+ years,Rent,other,6149.16,9.2,60,7,0,38437,202268,0,0,Y
7c994718-89ee-4a74-8503-c78f8fc607d7,bde40503-813e-4548-a1fe-ca854c725cf8,Fully Paid,130988,Short Term,723,1168129.5,5 years,Rent,Debt Consolidation,15955.25,14.5,33,11,0,231610,360448,0,0,Y
f98cef03-6d1c-41c6-bb2d-cc3f3c0737dc,6cd3f9d2-fa0c-4cf3-b0ce-de0d07daebc7,Fully Paid,266871,Short Term,723,898092,5 years,Rent,Debt Consolidation,22976.13,18.3,33,13,1,187777,396044,1,0,Y
1e50b362-3877-4502-858f-a09548c0f156,9cfde7db-c5d9-40cb-84e4-210f6b28204d,Fully Paid,324346,Short Term,742,954370,4 years,Rent,Debt Consolidation,17019.63,10,34,17,0,121448,404096,0,0,Y
ed8c72f2-6f89-42bf-9137-49a7e03dacf4,21fd514c-1391-4f7e-bdb0-40e42abffa38,Fully Paid,266871,Short Term,729,594301,10+ years,Own Home,Debt Consolidation,8468.87,35.9,20,12,3,220001,434698,0,3,N
5c2a2d4b-74ef-426f-a886-cb127c934986,a6f2c994-d1ca-4230-98de-8e7c0f77daf1,Fully Paid,259138,Short Term,751,2517804,10+ years,Home Mortgage,Debt Consolidation,14687.19,18.8,37,11,0,138491,1252878,0,0,Y
a273e504-4fed-41a0-89dc-684b8179216b,86c15f3a-1d5d-497c-8780-0d3935c0a927,Charged Off,32450,Short Term,711,653904,3 years,Rent,Home Improvements,11770.12,8.2,34,11,0,129656,231308,0,0,N
6dcc46f6-7c8a-4385-846d-7115b0408ac1,46918079-5f39-4ca0-b881-fe0e13db717d,Fully Paid,455906,Long Term,727,3562348,5 years,Home Mortgage,other,49576.13,19.4,33,14,1,974415,1399838,0,1,Y
ae2e82e6-929e-40e2-b5a8-f2ec08f616d3,35d100c3-3fac-42fa-8344-6d1c1e8a7e5c,Fully Paid,266871,Short Term,727,2299836,10+ years,Home Mortgage,Debt Consolidation,34305.83,12.5,60,11,1,30932,99770,0,1,N
8f1e1c9f-7816-450f-b51f-2832d58d63d5,8aacac3d-297b-4853-b81d-4d0a86cefa73,Charged Off,388168,Short Term,744,2234856,10+ years,Home Mortgage,Debt Consolidation,40041.17,21,18,9,0,681587,896852,0,0,Y
66f74f30-b524-45a9-8be2-ef1e40b1c4cc,df91f048-5e68-4921-877c-32f03638953f,Fully Paid,266871,Short Term,743,2278632,4 years,Rent,Debt Consolidation,32850.24,14.5,38,12,0,444315,1309066,0,0,Y
1e0a4796-8f1c-497a-9a98-d1b2cd8811f3,67fe8a0d-24d8-4d2c-a212-301c782b0bbb,Charged Off,261492,Short Term,732,463258,5 years,Rent,other,8724.61,9.9,33,9,0,134862,281358,0,0,N
b3e94ec6-8382-40f1-9645-421c1c8d8214,e758f401-7fae-409a-8a8f-54dc97a29e14,Fully Paid,171776,Short Term,747,1168272,1 year,Rent,Debt Consolidation,11293.22,11.4,33,4,0,82270,118030,0,0,Y
82bcbc81-7582-405d-a9fb-aa87281c8e49,917fae66-8e65-4cea-8888-c52996f6f7dd,Fully Paid,648516,Short Term,730,1400205,6 years,Home Mortgage,Debt Consolidation,21353.15,19,69,8,0,265905,332156,0,0,Y
47f00222-eef5-4375-8fa4-952e2c2fee94,e5bac7ba-ee32-48e5-a24c-4ed300c4996a,Fully Paid,214962,Short Term,745,540607,10+ years,Home Mortgage,Debt Consolidation,7703.74,19.4,33,7,0,114247,399652,0,0,Y
bbf87a87-22cd-4d10-bd9b-7a9cc1b6e59d,01d4703a-b407-4737-aa0b-21ae1f759cdc,Fully Paid,448932,Short Term,738,1473317,8 years,Own Home,Debt Consolidation,17557.14,14.7,25,10,0,160569,321112,0,0,Y
766268a5-53fa-49a5-9a3a-1bd847a18d55,1d1be6af-4f27-4ff9-b1b1-093cf6c292a0,Fully Paid,764918,Long Term,723,1168129.5,4 years,Home Mortgage,Debt Consolidation,17232.43,16.5,33,7,0,333735,1146706,0,0,Y
f303c00e-c4d2-40bb-92fd-eae44e551add,7090815a-263d-4b9d-9e35-06f8df9ddfd2,Fully Paid,266871,Short Term,748,902538,5 years,Rent,Buy House,14688.71,26.5,33,6,0,3173,244750,0,0,N
61d73e47-c63d-404e-8984-0bc39611a4df,994cadf0-0f3e-4ca1-9f65-171ab50b572b,Fully Paid,447524,Short Term,741,2705486,10+ years,Rent,Debt Consolidation,29985.8,29,33,9,0,485697,962984,0,0,Y
a9300dd2-ceec-4458-a17d-f077ff2b837d,b99a249c-a1e8-4322-b109-6ad4c085abd8,Charged Off,484968,Long Term,733,1523040,8 years,Rent,Debt Consolidation,30587.72,16.8,33,13,0,491359,1338656,0,0,Y
d834a7f9-f3f6-4eac-9e01-31f91c245804,0ea38510-e4fa-4271-ab0d-cf0a005da8ff,Charged Off,129756,Short Term,745,1270036,1 year,Home Mortgage,Home Improvements,25675.84,26.5,33,9,0,684893,858242,0,0,Y
c338654b-8abf-4146-bf73-7b468c6aaca9,90ae759f-f8c8-41b7-ba0c-e0d1a334f568,Charged Off,221320,Short Term,740,860130,10+ years,Home Mortgage,Debt Consolidation,5390.11,14,21,11,1,117952,378334,1,0,N
77cc3555-4d3f-4bba-815d-20e4a017eee2,93035ff7-abf6-4594-b4dd-311b27fdc293,Fully Paid,66572,Short Term,747,785707,2 years,Home Mortgage,other,13618.82,8.3,33,7,0,16302,132990,0,0,Y
a2600a62-3c82-407d-9d49-1c779dc81698,bf18ff24-a3f4-43a6-9681-2cc2c4aa383c,Fully Paid,462792,Short Term,749,2207743,10+ years,Home Mortgage,Debt Consolidation,19869.63,24.3,33,11,0,710334,1815682,0,0,Y
43278925-e973-434c-8e1c-272cedb85348,30f76659-bfdf-42a3-9468-7deab5c7628c,Fully Paid,222574,Short Term,723,1168129.5,3 years,Home Mortgage,Debt Consolidation,19798.95,25.7,33,11,0,81396,1847802,0,0,Y
3108def2-ecfb-488a-a88e-0eaa5c59845f,e912ddc2-7e6b-4bdb-9789-f018e98d545f,Charged Off,752004,Long Term,723,1168129.5,10+ years,Home Mortgage,Debt Consolidation,21714.15,20.1,3,11,0,572356,864028,0,0,Y
f19bf0bf-d4eb-431a-ac99-3db0bb4d9084,287ed51c-6930-4d09-8110-f2632691d379,Charged Off,445632,Long Term,680,877059,10+ years,Rent,Home Improvements,12205.6,33.5,12,9,0,344584,701206,0,0,N
91d8567b-2c76-452b-8ae5-ef9d6cfce868,be7854ab-8631-4c85-ae9d-988847bcc8bb,Charged Off,219054,Short Term,723,1067154,9 years,Home Mortgage,Debt Consolidation,24455.66,15.4,29,8,0,100814,130284,0,0,Y
a1c394ef-4242-406b-b0ee-a698261dcc1e,d3957d15-9fc0-40c6-ae93-a81dccb30018,Fully Paid,266871,Short Term,735,799292,6 years,Rent,Debt Consolidation,15253.01,11.2,33,6,0,195149,269984,0,0,N
e3f4f2eb-99c3-402d-85e6-e8df02b2464b,c0b14676-6848-4f87-b8e1-d18ebf229a98,Fully Paid,132616,Short Term,743,1527144,10+ years,Home Mortgage,Debt Consolidation,40342.32,22.4,25,16,0,159030,814770,0,0,Y
e6c37da5-e138-4a7f-8624-a41f8ace0c66,c62a4a9f-659c-44bb-a0a8-ab18d2caa2e7,Fully Paid,590986,Long Term,613,1156511,3 years,Rent,Debt Consolidation,22060.52,14.1,33,11,0,268926,331254,0,0,N
2b672154-43a1-499f-81d3-39606b5bd1f7,97c74279-0e75-4470-b870-c2549bafe481,Fully Paid,96800,Short Term,712,371564,3 years,Rent,Debt Consolidation,6874.01,14.1,65,14,0,177688,340054,0,0,N
a3566d3a-bdc8-4c23-973c-feefd226b294,80ac7202-710e-4b07-a850-dda14db27dd5,Fully Paid,43054,Short Term,747,490713,2 years,Rent,Debt Consolidation,8346.32,21.7,81,10,0,75962,240988,0,0,Y
51963909-82ea-41eb-8d42-1eca761bf401,b2432894-f244-4e24-a344-651609be1420,Charged Off,321420,Short Term,745,1542192,3 years,Home Mortgage,Debt Consolidation,12106.23,21.4,39,4,0,121657,145068,0,0,Y
2f26f3ce-b4f4-467a-ba8b-5dea90552e36,c5396ed9-5ba7-4839-87e4-ba89d333f9e0,Fully Paid,88374,Short Term,723,1168129.5,2 years,Rent,Debt Consolidation,18904.81,15.8,4,14,1,50996,260128,1,0,N
79e51282-2ee9-4960-abf0-bed3bbcd75cd,0bfa5f34-ee9c-4366-b656-08f4540b198f,Fully Paid,483098,Long Term,698,1467978,3 years,Home Mortgage,Debt Consolidation,33396.3,16.3,33,43,0,719283,1091552,0,0,Y
6b516851-231f-4eda-8378-8c48208621dd,529ae1a0-365c-4f30-96c9-217b8128b4e0,Charged Off,244398,Short Term,723,1168129.5,4 years,Home Mortgage,Other,4844.24,13.3,33,7,0,190456,371250,0,0,Y
ecd1fd54-09c8-4e04-9787-3349f955e882,0089b9a3-1e98-40dd-9f2e-85aae2a6cb4a,Charged Off,423676,Short Term,723,1168129.5,4 years,Home Mortgage,Debt Consolidation,97671.02,19.7,33,22,0,676951,917840,0,0,N
ede7ae07-1cdc-43c7-8a6d-bb7d3e8abb6a,c48261ff-f75b-4e0d-acc8-d0b379f82043,Fully Paid,266871,Short Term,747,4995328,2 years,Home Mortgage,Debt Consolidation,30471.44,14.3,33,11,0,1046672,1702162,0,0,Y
cd07e95c-886d-430a-944c-13dcc45b5eed,514e1564-cf7a-4b14-993e-f3a92c28975b,Fully Paid,215138,Short Term,723,1168129.5,10+ years,Home Mortgage,Debt Consolidation,11380.24,18.1,66,9,1,289199,350636,1,0,Y
7b7a2525-e8e6-4f3b-87d6-c9b69c8dcbce,0c525c1d-15ec-499e-858d-4b32a5fa8a97,Fully Paid,782408,Short Term,723,1168129.5,2 years,Home Mortgage,Debt Consolidation,69227.64,33.4,33,12,0,246658,531828,0,0,N
f4ecb301-6f2c-4c65-a108-30b49f1450da,33fe01b7-03a2-4b28-a52a-5614a33e5cd6,Fully Paid,257554,Short Term,732,885096,8 years,Rent,Debt Consolidation,11211.14,21.6,33,4,0,197239,302478,0,0,N
06ef1b35-a659-4253-bdc3-76e1094dd488,13e096cd-097c-4b51-8c32-c57776e6d263,Fully Paid,268752,Short Term,747,812364,3 years,Home Mortgage,Debt Consolidation,6654.56,15.3,33,9,0,278103,615692,0,0,Y
cb0da559-b34f-41d6-b888-79ea8aeb40e9,f07498c8-c9ae-463f-8c8a-2736112aff77,Fully Paid,147400,Short Term,745,2314428,4 years,Rent,Debt Consolidation,20058.3,19.8,33,8,0,40603,528198,0,0,Y
692048b7-ceb3-48c1-9bb5-0af960587739,7da65710-9929-40ab-b7f5-d2c2db06adb0,Fully Paid,263428,Short Term,723,1168129.5,7 years,Home Mortgage,Debt Consolidation,12417.64,13.6,52,5,1,82023,412984,1,0,N
37f29cc0-3614-44dd-a70f-1ecda4bad33d,294d2722-9e0f-45ee-a1fd-cb60925fcc3e,Fully Paid,444400,Short Term,723,1168129.5,1 year,Rent,Debt Consolidation,1367.24,9,33,7,0,57494,443806,0,0,Y
0cf89a9c-bf21-42bb-9d1d-1142a289ae5e,80a8c004-596d-42b3-8356-f5ce225b11dc,Fully Paid,387288,Short Term,740,2489988,1 year,Rent,Debt Consolidation,18571.17,11.1,33,12,0,167276,430408,0,0,Y
396fa57c-f2ae-4fed-a42d-83ec528e3ff8,986a9a6c-4577-46b4-8efc-79ea23c2fec5,Fully Paid,682858,Short Term,723,1168129.5,10+ years,Rent,Debt Consolidation,33470.4,29.5,35,7,0,482771,746306,0,0,Y
b7979e92-3d7d-4f19-b085-2be0fc7151cf,f4786c56-1c62-41e7-9946-d9edf07d8491,Fully Paid,234762,Short Term,731,784833,2 years,Rent,Debt Consolidation,5958.21,14.1,33,4,1,88122,123398,1,0,N
33ef4606-11f3-442b-9f8a-4c0757453320,a901260f-8913-4d1d-b9ae-6ac4c8ae2fda,Fully Paid,107844,Short Term,723,1168129.5,8 years,Home Mortgage,Debt Consolidation,16912.47,31.3,33,12,0,239058,423896,0,0,N
da83d00b-2a85-4765-99c6-7cab89e8a60c,489b3039-0965-4d77-ada1-93f19f9e5e94,Charged Off,259754,Long Term,723,1168129.5,10+ years,Rent,Debt Consolidation,21872.04,13.1,11,13,0,209551,441144,0,0,N
c4468f47-b657-4786-9035-f8003dd098f7,c0144ec8-abb0-447e-8637-063a93f1a6dd,Fully Paid,264836,Long Term,703,1277066,9 years,Home Mortgage,Medical Bills,14473.44,17.2,33,7,0,40280,249370,0,0,Y
03b85437-a68d-4007-81e0-d9fe0700a0ad,488ad40c-c9e3-4c56-8cdc-ebb49305ce25,Fully Paid,223102,Short Term,724,1965322,4 years,Rent,Debt Consolidation,20799.68,31,33,4,0,233472,299046,0,0,Y
98ba0dce-2107-4176-b0d1-e09776bce3bc,4f8a034b-1384-48ec-a86d-2c0a2cfe390e,Fully Paid,748154,Short Term,668,7669160,5 years,Rent,other,12078.87,20.9,33,7,2,46721,314556,1,1,N
4834089a-4824-4e2f-ab19-84bd86ac4918,359270ce-98da-4061-b44d-f0d8badb452e,Fully Paid,434896,Long Term,723,1032878,8 years,Rent,Debt Consolidation,20657.56,18.6,33,12,1,313595,459052,1,0,N
6208c67e-46c8-4ec9-907d-83013f819922,1e8b7f7b-2457-4e41-a98a-81331aa0584f,Fully Paid,156552,Short Term,720,1840397,10+ years,Home Mortgage,Debt Consolidation,31440.25,19.1,45,10,0,258400,406538,0,0,N
0421e124-364f-4f48-9d69-71e0261c5e59,9ce42db6-b72e-47f5-a49c-74014a4a7bde,Fully Paid,132000,Short Term,713,440895,4 years,Home Mortgage,Debt Consolidation,6797.06,11.9,33,11,0,207347,301246,0,0,Y
dae8d93a-9fb9-46f2-b242-b915c6550df3,7a0a192b-0424-44e3-bc72-d29cda2084b6,Fully Paid,358116,Long Term,721,1507783,3 years,HaveMortgage,Take a Trip,34679.18,19,33,7,0,760399,928774,0,0,N
1777c5a0-bb40-49aa-91e5-c09d119b4d46,45dcf323-b32c-4162-85c3-acaa3f2319c4,Fully Paid,224598,Short Term,723,1168129.5,5 years,Home Mortgage,Other,16325.94,30.5,7,22,1,107616,2009788,0,1,N
92774789-77e7-4725-9e4e-aeb69b8a1cf6,c3c81bcd-a37d-4b94-850b-ea17e0fc173b,Charged Off,108130,Long Term,730,672372,2 years,Rent,major_purchase,7883.48,13.4,53,6,0,216068,674366,0,0,Y
59802954-8d05-4c44-bbb1-2ad69e59ebc6,01c3faa5-4779-415f-99a1-2fc4e18b1ef0,Charged Off,526460,Long Term,688,1041979,3 years,Home Mortgage,Debt Consolidation,28306.96,30.8,33,20,0,157434,197494,0,0,N
c548ad40-8269-48b7-beba-c44a8956acf1,8b7a6700-768d-46a2-929e-3b0053404c36,Fully Paid,608014,Short Term,709,1067686,6 years,Home Mortgage,Business Loan,16460.08,18.1,13,7,0,88084,352946,0,0,Y
3074d7c0-e304-482b-a7a5-498ec97de3fd,3ca9889c-d8c7-4e4d-a0d0-943eddeca023,Charged Off,435864,Long Term,723,1168129.5,9 years,Rent,Debt Consolidation,15429.9,17.3,34,19,0,338485,928730,0,0,Y
8739a93f-6daa-435a-b46e-5df6fc04ae0b,3219b489-52ab-4f25-81e7-cbd0fb6b1191,Fully Paid,436524,Long Term,723,1168129.5,10+ years,Home Mortgage,Debt Consolidation,11100.18,20,7,17,0,364192,2652232,0,0,Y
67a142cd-d9fe-4478-8ab1-c728a15d3af9,88e65c1a-6017-4b90-b665-cab74ecc5111,Charged Off,288354,Long Term,618,2298696,10+ years,Home Mortgage,other,33331.13,15.5,33,18,0,657913,1429230,0,0,Y
ac9119ac-564c-4885-a361-a4ff1898e44e,3c8fc36b-be7a-4ba3-87ed-41bb85d9c82e,Fully Paid,132462,Short Term,691,781736,10+ years,Home Mortgage,Debt Consolidation,4156.06,15.6,33,4,1,82517,203302,1,0,N
1141410f-22cb-40ce-a56c-b23b0da1e6af,b5a178d9-ec6d-4135-9350-55627eabd014,Fully Paid,266871,Short Term,747,805030,2 years,Rent,Debt Consolidation,7781.83,18.2,53,19,0,152969,487938,0,0,Y
9bf13bba-0790-46e2-bf9c-1fe09fd293a2,f39d6f83-07b3-4776-a3b4-5a4534f41ae9,Fully Paid,266871,Short Term,716,2197901,5 years,Home Mortgage,Home Improvements,21429.53,27.7,33,8,1,40945,49390,1,0,Y
02bdba08-7816-4c8b-9ecf-492ef8f89b3d,fd1688de-094b-43e1-a37c-94c0f457636d,Fully Paid,306482,Short Term,740,1134414,10+ years,Rent,Debt Consolidation,22688.28,19.6,41,12,0,194389,389400,0,0,N
f122a8e3-6504-4808-84f7-6dd5115dceb1,91378b9c-ca3a-4c12-a0dc-1394d30be104,Fully Paid,246620,Long Term,723,1168129.5,10+ years,Rent,Debt Consolidation,12994.86,32.2,33,9,0,202559,264110,0,0,Y
8058567c-da63-4cca-b5c3-960e04e0895a,5c206a5b-58d6-45b2-b04c-afc78fd2e626,Fully Paid,327866,Short Term,726,1359108,8 years,Own Home,Debt Consolidation,5742.18,16.2,70,11,0,164958,427306,0,0,Y
56e5d2cb-6580-41c9-a780-6a6ab5a282d1,3b4bdfd5-04df-44b5-b4bc-a18f23d9f543,Fully Paid,266871,Short Term,739,1029439,10+ years,Rent,Debt Consolidation,12696.18,14.5,20,13,0,76760,305426,0,0,Y
b6b0f2b4-044f-42a0-9f36-65ebe3eb6c54,982182e0-0b3e-4129-ad3c-6fc16f4783aa,Fully Paid,266871,Long Term,719,1090543,10+ years,Rent,Debt Consolidation,26718.18,20.9,33,15,0,264461,407176,0,0,Y
ca949bb3-db83-470a-b5ca-c0246ee26395,a19d9e8c-59ba-4947-b93c-d8a2fd69aa6e,Fully Paid,110044,Short Term,729,1478637,5 years,Rent,Debt Consolidation,27601.49,17,33,16,0,364933,523600,0,0,N
d8c7dae6-5f81-4552-ba87-8431d48313db,81b04d9b-7d6e-40ec-b92a-263e41bd8239,Fully Paid,266871,Short Term,748,758556,5 years,Home Mortgage,Debt Consolidation,9165.79,15.3,33,7,1,154299,271920,1,0,N
5b0d7cca-1170-41c9-bc42-71894127b937,a02041a6-5e86-419c-b310-81dbc197a429,Fully Paid,131560,Short Term,740,1488479,4 years,Own Home,Buy a Car,36467.65,21.9,33,25,0,295317,697818,0,0,Y
3f44737a-dac7-41a3-b544-9b3d6a019ea5,05be333d-e498-4135-86bd-71f66f22046e,Fully Paid,757768,Long Term,739,4674475,9 years,Rent,Debt Consolidation,71285.72,16,3,12,0,475133,883058,0,0,Y
f903ad65-49cc-4a87-9708-f20dc6434531,e2ff8f23-4dfe-4e67-91d6-0576fdf3d3fe,Fully Paid,109714,Short Term,744,1629744,4 years,Own Home,Debt Consolidation,4875.59,14.5,33,6,0,188423,571142,0,0,Y
ec81be74-9ccc-46bf-a620-81bbdeadfa73,bcfc5daa-1875-4b43-9959-326bf1f020f1,Fully Paid,111980,Short Term,722,1160520,10+ years,Home Mortgage,other,28916.29,22.5,33,9,0,320131,685168,0,0,Y
d88ec94a-661d-492d-9eb9-ce0d44db0401,42853f5a-caf5-4ddf-aac7-756d76c3455c,Charged Off,248402,Short Term,723,1168129.5,3 years,Home Mortgage,Debt Consolidation,7943.52,9.5,33,11,0,261991,369512,0,0,Y
4ebce8bf-7118-4b54-91f8-5f3c150a73b8,f28fdba7-d8f7-4dfa-ad9b-d0dc72626e0d,Fully Paid,774246,Short Term,736,2838543,7 years,Home Mortgage,Debt Consolidation,40685.84,20.1,33,15,0,752590,1158784,0,0,Y
652de026-a445-45ef-a82a-b6da05c384b2,95b045a4-d135-42c7-b8f5-c5e681fedfdd,Fully Paid,130152,Short Term,723,1168129.5,4 years,Home Mortgage,Home Improvements,9727.62,21.3,33,6,0,109972,436084,0,0,Y
cde058d5-8bee-4b66-b613-1f360e900594,5956b460-87f2-466a-8d49-338fdd1c313a,Charged Off,337436,Short Term,730,687971,10+ years,Own Home,Debt Consolidation,12326.06,17.9,14,13,0,385890,1008612,0,0,Y
cb16ec08-63a2-419f-b423-d58556437706,86eb3c64-6f2e-4d6d-a60b-38b395d17aaa,Fully Paid,351714,Short Term,740,837235,8 years,Home Mortgage,Debt Consolidation,6551.2,9.5,33,6,0,204858,422092,0,0,Y
90e75e3e-5646-4c2a-8a8e-79690ac54886,09ee63a5-6cb1-4932-af98-24c383ed9ce5,Fully Paid,110462,Short Term,738,1526384,5 years,Rent,Debt Consolidation,5075.28,23.4,69,6,0,175864,245344,0,0,Y
0028ef62-fcf0-428c-aa60-07f90290f1a0,005c1c39-6a07-45e1-8765-4371ab87ebed,Fully Paid,266926,Short Term,749,922127,6 years,Home Mortgage,Debt Consolidation,10066.58,38.3,70,17,0,234346,673332,0,0,Y
62871b65-0c04-417b-8534-1b23633c1c2d,9163d180-dd9a-4000-898b-8048b51b9888,Charged Off,48884,Short Term,723,1168129.5,9 years,Rent,other,7996.72,13.8,24,11,0,157472,224554,0,0,Y
8952572f-5e0c-4c99-8e31-0cb58f7db6f6,3b667742-8ffe-490d-98c8-36a4a320be23,Charged Off,560956,Short Term,664,1637059,5 years,Rent,Debt Consolidation,44746.33,17.6,8,13,0,380779,567446,0,0,N
d0046cf8-4b8c-491d-a402-0ca294dbac76,70753e1d-62a0-4b15-af37-0b714db50afe,Fully Paid,266871,Short Term,700,1489771,6 years,Home Mortgage,Debt Consolidation,23141.24,14,1,11,0,65626,926706,0,0,Y
e3463ee3-1a67-4a2f-b18f-867bcd9ee86a,7c56471d-9264-446c-aea9-bcc97aef3912,Fully Paid,337150,Long Term,721,1119936,6 years,Rent,Debt Consolidation,15959.05,12.5,15,9,0,166573,484594,0,0,N
bee35108-6ecc-4c76-a02b-fe33601724fa,06bf7420-6e3a-46c5-ae3d-0886083db6e6,Charged Off,225082,Short Term,723,1168129.5,8 years,Own Home,Debt Consolidation,26566.56,32.4,25,18,0,130568,1511884,0,0,N
6316558c-6089-4932-8c18-e03f8dd384cf,e222d43d-f599-4d55-a2b4-b2cd9fd30e69,Fully Paid,447172,Short Term,723,1168129.5,8 years,Own Home,Debt Consolidation,21546.38,16.5,33,12,0,673512,1830642,0,0,N
4c2be772-8568-47e8-9542-8deb78c3f25c,1fc91e0a-c35a-4042-b5fb-b7e89f60146d,Fully Paid,156090,Short Term,706,1872260,10+ years,Rent,Debt Consolidation,25275.51,18.5,12,8,0,541386,698060,0,0,N
c779f94b-7208-4898-a667-db867b2d84f4,7fcad6e2-0549-426b-be7c-ffe7f31bdbc1,Fully Paid,172040,Short Term,748,670985,10+ years,Home Mortgage,Buy House,10847.48,14.7,33,6,0,12901,164186,0,0,Y
ba4d00fa-5718-41f0-a5ce-c1f004699de6,2ef213c3-9919-4851-be10-8ccacecb9a4f,Fully Paid,150788,Short Term,739,2009326,1 year,Rent,Buy House,11787.98,31,33,4,0,51338,540320,0,0,Y
dfe474b6-7e66-4058-ae25-916a199e92c6,a8b43ee6-0155-4e11-9a00-f19f832930ba,Charged Off,225192,Short Term,723,1168129.5,2 years,Rent,Business Loan,24796.71,19.7,33,8,0,113487,238898,0,0,Y
e4bd929f-2ef7-4c94-a208-567515d0761c,a1c84742-4e01-4a1a-ada3-029775d773a7,Charged Off,214698,Short Term,723,1168129.5,4 years,Own Home,Debt Consolidation,10241.19,29.9,33,9,0,297540,648824,0,0,Y
56dd4734-1ea7-4a3c-b5b3-034acc7b353a,acce851e-641d-4ebb-affc-45346df60602,Fully Paid,263318,Short Term,738,707085,1 year,Rent,Debt Consolidation,12962.94,14.8,18,10,0,232940,451770,0,0,N
3a32805a-5368-4f51-b6db-b8a6cae09c8c,7b0966e6-231c-4443-a446-cd378b51ddd6,Fully Paid,177584,Short Term,723,1168129.5,3 years,Home Mortgage,Debt Consolidation,19631.18,14.5,33,12,1,270104,415316,1,0,N
74b9f0b3-ddee-49ef-a761-c5ccca2f7374,c0342d1a-fe13-4ccd-85ef-47eecf2d352a,Fully Paid,552750,Long Term,723,954750,10+ years,Home Mortgage,Debt Consolidation,3389.41,29.2,33,12,1,169404,797390,0,1,N
13fc4176-70a2-4081-a283-18bffab15e86,97ecbf72-0752-41c3-8b1e-c1502f1df5d4,Fully Paid,266871,Long Term,727,1857060,10+ years,Home Mortgage,Debt Consolidation,33427.08,15.3,33,13,0,443954,580844,0,0,Y
2974a8ed-7024-44cd-b3ae-8bb51bd253b9,525a4cbf-87dc-4623-ae8e-1641af410590,Fully Paid,762454,Short Term,695,1467484,10+ years,Home Mortgage,Home Improvements,10199.01,17.4,54,6,0,129884,674454,0,0,Y
28d5133b-6488-4c9d-a414-cc3ca2cb7265,3878d3e2-a8d8-400d-8ae2-5b460d609913,Fully Paid,304062,Long Term,636,2344600,< 1 year,Rent,Debt Consolidation,9163.51,14.8,21,15,0,440838,743006,0,0,N
7d20f471-0851-498a-a645-510cd6bb8355,adb067a4-39d8-418c-a672-837f84201faa,Fully Paid,230362,Long Term,731,1013479,10+ years,Home Mortgage,Debt Consolidation,24306.7,22,33,16,0,542735,1114234,0,0,Y
f1ab989d-9643-44df-8180-2e6d1ef9f800,d2ce0e2b-43ae-42af-8967-2351a4d06af2,Charged Off,280588,Short Term,723,1168129.5,10+ years,Rent,Debt Consolidation,17005.19,15,33,11,0,111226,163856,0,0,Y
287bd76c-9016-4968-b1b6-d5a4e58b1be2,f1edd45a-607c-4712-b661-36435d7a753a,Fully Paid,87428,Short Term,743,692474,< 1 year,Rent,Other,7444.2,10.7,33,15,0,106799,464882,0,0,Y
439c64a5-08bd-42ff-bce1-eb2def1ee0b3,fcb2fe66-fe21-4afc-8c91-d67273563d26,Fully Paid,397430,Long Term,723,1168129.5,4 years,Rent,Debt Consolidation,17517.62,11.4,33,9,0,351177,1213828,0,0,Y
b8f681ba-4b88-47b1-b4b1-2bca27d951bc,3272e293-7cea-4e6d-9faf-be025b52f3a6,Fully Paid,153868,Short Term,741,2183043,9 years,Home Mortgage,Debt Consolidation,49482.08,24,38,15,0,688655,887986,0,0,Y
57493d66-ea77-42e7-829e-c14c45a045ac,f5bfeb48-47d2-49fc-b1b0-753356004cc5,Fully Paid,266871,Short Term,733,1381528,10+ years,Home Mortgage,Debt Consolidation,13009.49,18.4,33,8,0,411464,622776,0,0,Y
229f2669-16f0-435e-81a3-4b8abeb2e0f7,46da16d2-4b4f-4f73-b4ae-e6a778af2ef1,Fully Paid,132704,Short Term,746,1375391,< 1 year,Rent,Debt Consolidation,12493.07,15.5,53,11,0,129808,356158,0,0,Y
e5ad3659-df2e-4103-a8c1-7b3cb6dec105,6cdb1de1-e420-4734-84a1-e42f9a3af7da,Fully Paid,316998,Long Term,702,836494,10+ years,Rent,Debt Consolidation,19936.7,25.6,33,17,0,293778,499532,0,0,N
67a2aaa4-f9e5-4be2-b2a3-5650f2c7f2bc,6dc92657-2320-40cd-bbb0-515287fd4033,Fully Paid,387904,Long Term,723,1168129.5,3 years,Home Mortgage,Debt Consolidation,3782.52,22.1,33,13,1,72238,344256,1,0,N
0f8e929a-5c7c-4989-ac33-5d95b6c54346,55a84bbe-5ec0-47a3-9d29-b9c3b7708e68,Fully Paid,121440,Short Term,731,749132,1 year,Rent,Debt Consolidation,17479.62,18.6,22,15,0,95456,504702,0,0,Y
6be0b9c2-c3e1-4f3e-9dfe-bc8731c892d8,12f7d0e9-66be-4a6a-9d1b-d1e3779da118,Fully Paid,178640,Short Term,705,1292095,10+ years,Rent,Debt Consolidation,12274.95,20.1,33,4,2,140885,290246,1,1,N
c1d46c07-bd34-49c3-9bd2-0490743f3834,9f70483e-90ec-4f3b-a90e-21ae4ef76eb9,Fully Paid,671836,Short Term,707,1318695,< 1 year,Home Mortgage,Debt Consolidation,18022.26,21.1,31,9,0,146965,348700,0,0,Y
9e70d3c3-c574-4452-8a64-5de5841d5c1d,7a8fcb05-e8d3-449e-8379-a1c6d2500d48,Fully Paid,588962,Long Term,678,1412897,< 1 year,Home Mortgage,Debt Consolidation,16719.24,18.5,33,13,0,424498,785202,0,0,N
b37b2a63-f132-4770-8e8f-0933d6aaa5a6,c0af1fb1-7c34-46ad-bc06-b742f44c7f2e,Fully Paid,175010,Short Term,703,785973,10+ years,Home Mortgage,Debt Consolidation,9890.26,12.1,33,5,0,182115,234036,0,0,Y
dea9a468-5a2a-4a92-abe5-c6d3fa5e4bbb,5bc78d33-49c5-4f9a-834b-e726309106b9,Fully Paid,429440,Long Term,674,1383599,10+ years,Home Mortgage,Home Improvements,11760.62,33.5,49,9,0,206853,318076,0,0,Y
49fe1658-5f71-4979-ae4c-d8415699e0c9,4b0ad1aa-c7c6-40fb-ba30-4c19c5fd9508,Fully Paid,777084,Long Term,725,3355970,4 years,Home Mortgage,Home Improvements,26623.94,26.7,33,13,0,3276284,145907344,0,0,Y
bb2e38db-58ac-45c1-bfa8-647f9c6c2974,a632ac98-65e0-4871-8dcb-c78deb9a1158,Fully Paid,109582,Short Term,744,1514224,4 years,Home Mortgage,Debt Consolidation,10637.34,10.1,33,7,0,23294,85382,0,0,Y
c65c82c4-e246-47ad-84bd-4c74c33d0940,9ed1cd35-8374-43b8-a683-961004917032,Fully Paid,483604,Long Term,731,1213853,10+ years,Home Mortgage,Debt Consolidation,20938.76,31.3,49,17,0,310802,624800,0,0,Y
736dddc5-2c07-4006-9186-6649d6323ad0,e821735e-ec9d-46d7-a8c6-4142629d7045,Charged Off,341308,Short Term,741,669503,4 years,Rent,Debt Consolidation,9317.22,11.4,33,6,0,379601,646404,0,0,N
b37b75f9-d2bc-4d1a-8ff7-af7946497c68,7aa65e91-926c-4e4d-949c-0e63a72bb5bc,Fully Paid,152416,Short Term,747,637241,5 years,Home Mortgage,Debt Consolidation,12521.76,19.8,33,9,1,120118,221122,1,0,N
400ee21a-4654-41db-afc8-6d05ff8689ac,d7f9c457-1001-4f8b-bf74-24cdb67adefc,Fully Paid,327426,Long Term,713,3676101,10+ years,Home Mortgage,Debt Consolidation,38292.79,29.8,49,13,0,429115,661628,0,0,Y
f4f1ed99-0751-4cbe-a279-0cd3f97ed2ad,e32dd752-4b67-4d08-8a23-3970d69c0266,Charged Off,78298,Short Term,723,1168129.5,1 year,Rent,Debt Consolidation,16590.23,9.4,33,8,0,237272,282656,0,0,Y
f7d1ce01-837e-40e7-a34d-eddc2ea1fae5,d1d30005-1f5e-4aed-aa30-e56fd3d50f88,Fully Paid,77000,Short Term,711,674044,1 year,Own Home,Take a Trip,9942.32,20.2,33,5,1,70794,160710,1,0,N
10570272-a54c-4128-8a1c-70c92d1cf260,144df0a2-30a3-4224-8d51-4a04563e2bd0,Charged Off,535920,Long Term,743,1253525,5 years,Rent,Debt Consolidation,14310.99,27.5,33,16,0,478857,2291212,0,0,Y
a0f9bf08-64a3-42c6-bfcd-2d9ec0588f95,4d35c0ce-d663-4b9f-a2ee-fe39e6006659,Fully Paid,266068,Short Term,723,1168129.5,3 years,Home Mortgage,Home Improvements,2970.46,20.7,52,13,2,97717,241758,1,1,N
03af3c32-d87b-4482-8e1e-2ba13b4907e2,4b22d634-71bf-4e1e-8db9-27d9571a7e63,Fully Paid,553916,Long Term,594,2009174,3 years,Home Mortgage,Debt Consolidation,29451.14,27.8,33,10,0,579443,680460,0,0,N
e1b3b671-777d-473e-9f0b-94df68248e2b,15ada1d7-0ee1-462f-9623-2de3a0da2ea5,Fully Paid,349932,Short Term,721,3602153,10+ years,Home Mortgage,other,16029.54,20,15,17,0,68989,275462,0,0,Y
7a833e82-c8b4-4eff-8e03-e641458d3791,2f084f8f-afbd-44d2-939d-c914fbe9b62a,Charged Off,134992,Short Term,728,437209,2 years,Rent,Debt Consolidation,9691.33,7.7,33,5,0,102315,180048,0,0,N
dfa6adf0-6320-44eb-80d2-c3afab706743,6491a9a1-488c-4d4b-8fd4-cd7362f5b318,Fully Paid,765226,Short Term,726,2643508,8 years,Home Mortgage,Debt Consolidation,34806.1,8.6,33,9,0,484937,754710,0,0,Y
3fb18209-f893-43ff-b4e3-91f536bde35a,dc327cb6-0187-492e-966d-6fc1882ba662,Fully Paid,122870,Short Term,687,2548432,4 years,Home Mortgage,other,52667.62,13.5,50,17,0,363318,585926,0,0,N
2960cd4a-be43-4b0e-ae1f-abe5a8cec0ea,b40f89f8-aa26-4fe6-bc2d-756562001ac2,Charged Off,218702,Long Term,717,576992,< 1 year,Rent,Debt Consolidation,9087.51,16,64,11,0,251522,469722,0,0,Y
ddf1012e-0f7c-4889-bff4-a3f002670ede,98abffdc-c2d7-4416-8893-b081628d8767,Fully Paid,266871,Short Term,734,2178787,10+ years,Home Mortgage,Debt Consolidation,41541.98,25,38,9,1,311201,655160,1,0,Y
d0227118-175d-4b08-97bb-16299803814f,f81be240-d5ea-440b-a95f-199a845d66e8,Fully Paid,131538,Short Term,723,1168129.5,3 years,Own Home,Debt Consolidation,15833.08,14.5,33,12,0,35549,46068,0,0,Y
af2bc2db-82d5-4e28-b9d9-32b000505a50,d3a48c94-0848-4d92-a3f2-143d3ee25750,Charged Off,655314,Short Term,723,1168129.5,10+ years,Home Mortgage,Debt Consolidation,12937.86,22.1,33,9,0,219678,325270,0,0,Y
7f35b495-7cc1-40d7-b739-5266db31c658,7393cb63-a4db-42cb-931f-d909baef6381,Fully Paid,77814,Short Term,748,529967,2 years,Home Mortgage,Debt Consolidation,2534.98,18,80,4,1,14383,333058,0,0,N
52b8977e-2cdf-45bc-8bbd-8d28f7920580,89ea7100-67e2-404d-a708-e2d8593122b4,Fully Paid,177628,Short Term,723,1168129.5,4 years,Own Home,other,4314.33,10.3,33,7,0,136724,286264,0,0,Y
300d2289-c68b-40c7-82ad-6c8c4e4f0e12,2c84d7cb-d702-4479-bc5b-7cf5a9f0e1c8,Fully Paid,262174,Long Term,703,935655,3 years,Rent,Buy House,8966.67,11.3,42,8,0,104405,366322,0,0,Y
1ed23ef4-12ca-4ed2-91c0-b7df2e26b795,1838844f-8c15-49c0-a5e5-6bad4e5d30ef,Fully Paid,266871,Short Term,726,622744,4 years,Home Mortgage,Debt Consolidation,16762.37,15.8,79,15,0,203946,480964,0,0,N
8e009eb1-b988-4c2d-b083-33a4da24291d,fdb1f63e-b46d-437f-bae6-062b7ed14cdd,Fully Paid,148214,Short Term,747,911487,5 years,Home Mortgage,Home Improvements,20424.81,20.5,33,6,0,142766,188716,0,0,Y
c94c4390-aef5-4ff2-9142-42803c877a18,b4a75c42-b909-4307-ac0f-09cf1b186eea,Fully Paid,266871,Short Term,745,1620814,6 years,Home Mortgage,Debt Consolidation,27553.8,9.6,8,12,0,388987,1047486,0,0,Y
af8e035e-c1df-49d8-863d-c6f6941e0310,3d0ca2af-8ce7-45cf-b804-dc315671e47c,Fully Paid,778712,Long Term,688,3842940,10+ years,Home Mortgage,Debt Consolidation,59565.57,25,33,18,0,548568,771782,0,0,Y
9bbcd591-06ad-405d-a948-92360d951f85,b64a9da6-0107-4012-bba3-2057ae6efbb2,Charged Off,215776,Short Term,729,1583992,10+ years,Rent,Debt Consolidation,14783.9,10.5,29,5,0,447564,720764,0,0,Y
a53d6331-d6a9-4986-b284-08c49abf8303,88883a49-e435-445b-939a-167ca08d47f2,Fully Paid,755062,Long Term,681,1769983,7 years,Home Mortgage,Debt Consolidation,27729.74,25,46,15,0,228266,451044,0,0,Y
55d1b192-ac48-453a-b859-d62e69bb12f3,260809c5-f100-49d1-a1c9-a73e1f02bbff,Fully Paid,215974,Short Term,716,1585455,5 years,Rent,Debt Consolidation,16647.23,15.9,33,11,1,115273,364672,1,0,Y
37697a32-184f-4c2c-9b9a-02010805c4cf,ab2e62f5-cdde-4939-a971-7e334e0ab26c,Fully Paid,328548,Long Term,704,1172813,8 years,Home Mortgage,Debt Consolidation,16028.4,13.5,38,7,0,350246,479930,0,0,Y
ca744299-94ee-4fa3-ab41-f305290bf95d,c08b3ba3-53f4-4d42-9cfb-df4382418e02,Fully Paid,397738,Short Term,736,1622106,4 years,Home Mortgage,Debt Consolidation,25413.07,15.9,50,16,0,494836,966218,0,0,Y
6b9fdc83-4696-479c-8ab1-cc35e2233cd8,4bfbef83-43cb-4f97-83d8-b8fe05fd4a57,Fully Paid,347996,Long Term,700,686945,1 year,Own Home,Debt Consolidation,3932.81,11,33,7,0,164578,227678,0,0,Y
a5bcc411-844c-4450-8cba-ab403b90fdfe,f9dfd867-61a1-469b-840e-71d0c4a2e631,Fully Paid,266871,Short Term,743,788101,5 years,Home Mortgage,Debt Consolidation,14317.26,14.6,26,9,0,137750,537042,0,0,N
f1ff05c6-0c39-4c60-b4cd-7fe2e597292f,919ec1ef-5fe8-465a-8b3e-8442108780b6,Charged Off,432520,Short Term,745,1029477,10+ years,Home Mortgage,Debt Consolidation,17758.54,15.4,33,7,0,296286,536074,0,0,Y
345e009d-b098-43e8-811f-ba8964b0196b,cdd7fa9b-100c-46e4-807c-5fd55a682c95,Fully Paid,776864,Long Term,724,1380179,7 years,Rent,Business Loan,11593.42,12.8,33,15,0,42750,562474,0,0,Y
0cfa2ec9-825e-44e5-b056-05c5d0812077,af703c39-6da8-4954-afb0-2641eefba352,Fully Paid,335082,Short Term,721,1215430,< 1 year,Home Mortgage,Educational Expenses,13065.92,25.5,33,13,0,351728,419848,0,0,Y
7e94893b-4147-4aad-8fba-520ef5582491,2b1de31e-8f93-40ce-b05d-d4628b1d9fe2,Fully Paid,86988,Short Term,723,1168129.5,6 years,Rent,Debt Consolidation,1991.96,10.2,33,5,0,80294,245982,0,0,N
a1a367a0-6e14-46be-8bc3-f6abef5e1112,71708fcd-2fd3-4452-b9c1-11dd2a764751,Charged Off,220286,Short Term,734,1731242,1 year,Home Mortgage,Home Improvements,29575.4,18.5,33,5,0,105564,165198,0,0,Y
ac17afbe-9a35-409c-962f-4198e6986a05,485af707-d563-452c-b5f0-d6e8d16961ca,Fully Paid,266871,Short Term,748,1022333,9 years,Home Mortgage,Debt Consolidation,18146.33,9,33,9,0,168777,316228,0,0,Y
38ad39c7-89c7-4a75-9091-9e0de88fdbcd,fe8387b1-9a58-4774-b935-23871e1e5450,Fully Paid,329142,Short Term,723,1168129.5,3 years,Home Mortgage,Debt Consolidation,17811.36,19.8,74,8,0,234308,293920,0,0,Y
57815bde-8357-4429-8307-97a2fca8405b,058cea79-8bb7-4ac1-9b7d-c698263e3622,Charged Off,329054,Short Term,710,1136694,10+ years,Rent,Debt Consolidation,15819.02,10.9,37,14,0,108091,372526,0,0,N
6c0058fe-8d14-4465-9560-05a8629a7ea0,040a5b08-32b2-40db-a2bd-09a0d85e2c75,Fully Paid,231264,Long Term,656,433371,10+ years,Home Mortgage,Debt Consolidation,7078.45,16,33,9,0,331588,769428,0,0,N
860f6f96-51d9-466f-b427-200179fbd93e,d39c970b-ed77-43a5-9bdc-672aa33cbf39,Fully Paid,266871,Short Term,691,1680417,2 years,Rent,Debt Consolidation,22965.68,17.7,62,27,0,92720,528880,0,0,Y
0f2cc552-e703-49bc-8665-16e784cc2d2f,2d43639a-7c09-4b47-86f4-359d631fb58b,Fully Paid,61358,Short Term,726,756884,10+ years,Own Home,Buy a Car,19048.26,21.5,27,9,0,134615,251812,0,0,Y
48c72b85-7bec-4b20-a2ea-8afe13f4fb15,96cdc862-e6d3-4aad-959c-92ae79b4c843,Fully Paid,218394,Short Term,723,1168129.5,9 years,Home Mortgage,Debt Consolidation,15784.44,13.7,24,10,0,172121,878020,0,0,N
c50a7956-75a6-4d09-9cc4-1c2773f2fd43,d3e50309-3f24-4b9a-bd63-05296473b421,Fully Paid,266871,Short Term,744,2044647,10+ years,Home Mortgage,Debt Consolidation,12676.8,17,33,8,0,272688,363748,0,0,Y
b4c556f0-bace-4696-bdf9-ffed2ad947ae,5409669b-4de7-493b-9de0-1a4734a7abaa,Fully Paid,266871,Long Term,724,1360343,10+ years,Home Mortgage,Debt Consolidation,30494.24,15.9,33,11,1,226366,463892,1,0,N
9b3a95f4-fb23-4c27-9709-825a9c868592,ecf9e047-4fad-4208-a3aa-30499d6dbb01,Charged Off,220396,Long Term,680,1903420,2 years,Rent,Debt Consolidation,18240.95,15.8,12,9,0,57608,66110,0,0,Y
0d894d6e-4972-4ef5-89af-051689a2a3ef,45b57fc5-b081-4653-a862-9671b847575f,Charged Off,129074,Short Term,723,1168129.5,3 years,Rent,Debt Consolidation,18949.84,6.6,33,10,0,132734,236456,0,0,N
fba63fa3-2e7c-493d-9782-ed4813c28fd0,1af5d57e-5f41-4179-8cd0-0861fca3cedd,Fully Paid,266871,Short Term,729,662473,5 years,Own Home,Home Improvements,5283.33,16.9,74,12,0,59356,369512,0,0,N
2b23ce49-3e5d-457a-906e-5d38039b4814,9434bb58-ec87-4e87-9177-25b9ea9c3b58,Fully Paid,266871,Short Term,721,777024,6 years,Home Mortgage,Debt Consolidation,4506.8,12,33,3,1,161405,202488,1,0,N
b76b9c16-245b-4465-9e60-d15c5c590ea3,31d33215-6af6-4b2b-954f-5d626138fa21,Charged Off,353782,Short Term,646,1524313,10+ years,Home Mortgage,Debt Consolidation,19816.05,31.8,42,7,0,114399,129976,0,0,N
05010552-0172-4319-807d-a320517a1a82,a510c793-480a-4511-bce4-fef730ce2a10,Fully Paid,195712,Short Term,723,1168129.5,5 years,Rent,Debt Consolidation,25070.69,14.7,23,18,0,154850,251130,0,0,N
f8d38b7e-bdcc-4243-929d-c3a07e89b358,43882ab3-c3a3-4d84-91c6-811ddd309f6f,Fully Paid,266871,Short Term,745,491036,10+ years,Rent,Debt Consolidation,2459.36,13.7,33,14,1,81472,720126,1,0,N
9a63d520-8dc6-4ef3-a547-bec77a5f3593,50766172-6e2a-48c2-8d3d-40140b28a43e,Fully Paid,266871,Long Term,727,1914364,10+ years,Home Mortgage,Home Improvements,19941.45,19.6,33,7,0,168587,485562,0,0,Y
88eb9cc4-ef1b-4975-837f-d9775c1ca90a,cd31f1ff-1388-49de-9c8e-624292735830,Charged Off,32230,Short Term,723,1168129.5,2 years,Rent,other,5679.1,11.3,23,6,1,52364,79464,0,0,Y
74f67327-4561-450f-a345-0153b7ec29ce,7fc3ea13-7274-446a-b5d0-a82980065b03,Charged Off,356444,Long Term,713,1269808,10+ years,Home Mortgage,small_business,30189.48,22.1,33,7,0,762489,955504,0,0,Y
4a5dc62a-0421-4e2c-ad87-1cb2f2c7805a,2a336913-4dc5-4657-be02-6e6c96aef479,Fully Paid,111034,Short Term,699,348707,< 1 year,Rent,Debt Consolidation,5957.07,12.7,33,5,0,116204,190586,0,0,Y
8c68bbc6-714d-4a8c-a8c1-d20fbdfbd4f4,0e08ccde-bc5d-4523-8186-93ebf58083ac,Fully Paid,389620,Short Term,743,985530,< 1 year,Rent,Debt Consolidation,20942.56,13,33,18,0,294481,538670,0,0,Y
b253eee5-047a-4d13-9f13-a4e9fdb1fa58,6019769e-7c0e-464c-bfb5-ffb2846a0e2c,Fully Paid,782320,Long Term,614,2374392,10+ years,Home Mortgage,Other,61932.02,21.7,23,14,0,363641,487344,0,0,N
98d59a7e-2188-4392-b03e-13a93cc1fb78,78d2100e-deb0-46af-b422-98b4ce2c301f,Fully Paid,523292,Long Term,713,1788945,6 years,Own Home,Debt Consolidation,33542.6,16.8,26,13,0,303601,586850,0,0,Y
9a189826-9c92-4274-8c21-0da2da376d3f,db287e7b-2d6e-438b-a193-9aeb676ae4c1,Fully Paid,217624,Short Term,723,1168129.5,6 years,Rent,Debt Consolidation,10853.94,12.4,33,7,0,107274,239338,0,0,Y
09997824-a068-4fb6-85dd-3ee8d6c0b532,98fbe987-4102-4f0e-91c3-19f7e80e1f08,Fully Paid,322740,Short Term,723,1168129.5,10+ years,Home Mortgage,Debt Consolidation,43985,20.7,33,16,1,446329,891022,1,0,N
92a8b16e-dfd3-4463-abd0-e3cd83aa05f8,121da01c-1787-44ec-9e7e-97051b47b465,Fully Paid,268620,Short Term,740,5316447,10+ years,Own Home,Business Loan,36329.14,27.6,33,14,0,1385062,2187922,0,0,Y
1f4dde70-3315-49a9-9534-483f45380c45,aca451fc-db23-4d9b-abff-0da9115648a9,Fully Paid,266871,Short Term,736,494247,8 years,Rent,Debt Consolidation,11738.39,17.1,33,19,0,229216,804254,0,0,N
0a84a3e8-2486-44bd-9d91-2cdfdfdc25ec,41e70412-d206-4b83-8fe8-fc402a235a04,Fully Paid,215622,Short Term,743,1899430,8 years,Home Mortgage,Debt Consolidation,34189.74,19.4,20,13,0,324235,1191806,0,0,Y
6c49b971-8457-44f5-886f-7220631fee60,9449d282-eb22-4e87-90f6-8b1642d47375,Fully Paid,222112,Short Term,741,1822328,10+ years,Home Mortgage,Debt Consolidation,6499.52,20,37,26,0,237595,2116224,0,0,Y
35e2f286-1c14-4892-8ddf-cd9c397f84a4,75b6f4dd-b3c6-4220-969f-54c372c22e1f,Fully Paid,65714,Short Term,723,1168129.5,4 years,Rent,Other,1704.87,14.9,50,3,0,33250,120340,0,0,Y
bc2c2c28-d319-46a0-8e6d-0e4ca66f22d4,ca09fedb-53b7-445c-be75-58eeaf0317a5,Charged Off,660924,Long Term,723,1168129.5,10+ years,Home Mortgage,Debt Consolidation,23848.23,23.6,48,18,0,1964923,3321406,0,0,Y
d8488255-0073-4255-b86e-9669bc7311c2,be8343f8-4c74-4450-85ee-ffd3dab35b8a,Charged Off,429572,Long Term,700,1597577,1 year,Own Home,Debt Consolidation,23430.99,17.5,33,15,0,129713,181830,0,0,Y
1fb7a589-d8d4-4e51-af0b-2348c556f046,a33d1bf8-f73d-4858-bc29-c45a5c5b02a9,Fully Paid,484484,Short Term,723,1168129.5,3 years,Rent,Debt Consolidation,39551.54,11.9,77,28,0,559056,1219086,0,0,N
dd417e67-432a-4781-ad0a-87f9acd09f43,f9c24e89-c8b5-450f-8841-fcd9cec7fa74,Fully Paid,393382,Short Term,723,1168129.5,4 years,Home Mortgage,Debt Consolidation,19400.33,11,4,23,0,112765,419848,0,0,Y
340e5f2e-922e-43a5-ab42-4755392b6016,fce04ba9-317f-4df7-a5f9-a1bd69e006d3,Fully Paid,318538,Short Term,749,1623892,8 years,Rent,Debt Consolidation,5264.14,16.8,33,6,0,213199,599192,0,0,Y
681cb259-d145-45d1-b2f9-265807711476,9b89e440-9e23-4e14-ae4d-5bcd1c45aece,Fully Paid,135014,Short Term,741,1865591,2 years,Home Mortgage,Home Improvements,37156.21,25.6,52,8,0,313633,465586,0,0,Y
3bea5ba0-5953-4b02-97e6-c3a24ea7e05e,ed13f60c-50b4-42f6-a7b0-e3dc666e645a,Fully Paid,333036,Short Term,727,1629858,10+ years,Home Mortgage,Debt Consolidation,7904.76,21,33,9,0,281979,528330,0,0,N
82bc60f8-417f-44c6-b678-07710dc8fda8,dc77eba0-0429-44bb-87e0-88ce3d7dc6d3,Fully Paid,351076,Long Term,716,758024,6 years,Home Mortgage,Debt Consolidation,8780.47,16.5,33,8,1,97983,144892,1,0,Y
26f9f686-330b-408b-a0a5-bb16c76215eb,1030d083-c174-4051-b20c-af7d8dacbaf9,Fully Paid,266871,Short Term,729,523925,1 year,Home Mortgage,Debt Consolidation,2942.72,37.1,33,4,0,294880,351648,0,0,Y
6bbbd811-3942-4e73-b85b-af557c591195,dc696953-fa56-4593-9a55-0b3a15c837b2,Fully Paid,209462,Long Term,669,1828009,4 years,Home Mortgage,Home Improvements,29400.6,17,33,7,1,23028,28666,1,0,N
b193eb61-3a14-4749-99c4-51fb241731ce,16acb987-ed6d-4981-bccf-bc996c633135,Fully Paid,266871,Short Term,741,1839048,< 1 year,Home Mortgage,Home Improvements,16245,19,33,7,0,68818,105424,0,0,Y
85c88216-5d72-447b-9831-b282d299031e,4cd8f95a-1974-4201-9bb3-c4407dae8b2b,Charged Off,221496,Short Term,728,956460,10+ years,Home Mortgage,other,12354.18,14.8,33,19,0,377739,1003178,0,0,Y
ed251766-d50e-4155-9872-3dc12dfde108,404b9a82-1fb5-4fe8-9e9c-a1bfe38b2c7c,Charged Off,60368,Short Term,723,1168129.5,10+ years,Home Mortgage,other,3988.67,37.4,33,8,0,182020,470470,0,0,Y
5747c753-2aa7-4efe-890d-929ed7475247,358f1ac4-3cee-4790-becf-462f7c01e5de,Fully Paid,329120,Long Term,723,1168129.5,2 years,Rent,Debt Consolidation,20890.88,10.8,33,13,0,246373,690734,0,0,N
a8b197df-c537-4c55-bc8b-e59ca5445b94,8ce48a9b-f9fe-4eb5-b400-220822b8660e,Fully Paid,54230,Short Term,742,842859,4 years,Home Mortgage,Debt Consolidation,9692.85,17.9,22,20,0,65436,190872,0,0,Y
384fa38b-aad2-47db-9907-96aba8a25966,0ae12723-f0b0-42a7-aa49-a8253d1d3697,Charged Off,64592,Short Term,686,1299581,3 years,Home Mortgage,Debt Consolidation,35197.12,24.2,33,20,0,271111,527582,0,0,Y
af15ac73-e78c-4a42-b6bc-322265aa8bbc,bef198dc-af56-4a47-bbbf-e2164e0fd9ad,Fully Paid,152592,Short Term,741,805790,8 years,Own Home,Debt Consolidation,10273.87,14.7,33,16,0,307420,908050,0,0,Y
d38093c3-0d7e-44b8-8359-a23e6ad1b857,5a23a6b1-6292-47d4-a8f0-6743c97eb370,Charged Off,322520,Short Term,709,1648896,10+ years,Home Mortgage,Debt Consolidation,29680.28,16.6,33,8,0,254828,337634,0,0,Y
ee42009a-51ef-42cd-82e5-3f6d18a50793,3ffb0266-65fa-410d-a65a-569ac504ec01,Fully Paid,111914,Short Term,701,1063183,9 years,HaveMortgage,Take a Trip,7964.99,13.3,33,14,1,154508,586586,1,0,N
69907e52-9b97-437a-b5dc-b59b30210ea3,b9780ccd-cae9-4727-a002-1549fc0ac424,Fully Paid,237116,Short Term,721,655310,1 year,Rent,Debt Consolidation,6880.66,14.5,74,5,0,229026,328218,0,0,N
519e816b-a18d-4d2c-83b2-ed95df0b77ec,76a0e6fc-cc80-4977-ac31-9248ece234b3,Fully Paid,68112,Short Term,723,1168129.5,2 years,Rent,Business Loan,956.46,8,33,4,0,18734,123904,0,0,Y
1f5501db-ee0b-48a9-80c5-9c3b5848449e,1b643740-54c8-493f-8bfe-b2d1645c3a19,Fully Paid,341550,Short Term,682,823612,3 years,Rent,Debt Consolidation,19149.15,11.4,36,26,0,600153,769560,0,0,N
85baf7c7-b09f-412f-a1c6-0a49bccd5c37,4237e26b-6a82-4b5a-8906-51db1c66718c,Charged Off,671506,Short Term,706,1784423,10+ years,Home Mortgage,Debt Consolidation,44610.48,22.8,33,14,0,548663,935660,0,0,N
24c0aa85-c743-4ee7-80a4-1b64f170bf0b,562b632e-fcc1-438a-9748-951e1d9867ce,Charged Off,279862,Short Term,680,929575,1 year,Rent,Debt Consolidation,6600.03,13.6,18,5,0,224143,286462,0,0,Y
201eb5c0-5c2a-477b-8114-0e71c646f011,7a4cca06-82cf-4231-a48a-fc9f69262242,Fully Paid,116072,Short Term,723,1168129.5,2 years,Home Mortgage,Debt Consolidation,10777.37,19.4,14,19,0,134729,496826,0,0,Y
cdae2702-cdde-4c9e-909c-33507c5a32dd,c81a3693-b832-4a9a-bec0-722932d0ea54,Fully Paid,333212,Long Term,692,959215,10+ years,Rent,Debt Consolidation,26698.23,17.4,36,9,0,616968,948706,0,0,N
88770251-2de3-444d-a904-c8efc4286912,240579ce-b0d9-4d5d-9681-c9e38d7c638a,Fully Paid,266871,Short Term,709,1817996,7 years,Home Mortgage,other,17271,31.7,9,10,0,175427,365332,0,0,Y
1f5f6292-23f9-4aa8-bdc2-a23c12f22146,2b8ce339-04fe-4247-b357-fc1ea38eccf7,Charged Off,208670,Short Term,720,575130,1 year,Home Mortgage,Other,12604.98,22.5,55,5,0,245746,353034,0,0,Y
75e616da-3eae-4c24-8072-9304286f06aa,55df5dac-6c24-4b89-ba00-41b1d89c2258,Charged Off,219692,Short Term,734,1413524,9 years,Rent,Debt Consolidation,11060.66,25.2,51,13,1,213712,899866,1,0,N
0c1d8c6e-7553-4020-a9fc-48180bf152ef,cd840ed8-f67f-43da-98b8-228af20f19c6,Fully Paid,266871,Short Term,742,5972460,10+ years,Home Mortgage,Debt Consolidation,66194.67,34.2,24,28,0,368695,843678,0,0,Y
2e4d0bd0-b2b0-4471-a947-b72395983b3f,0de9ae4f-0669-45d4-97ad-5a71425ac218,Fully Paid,707872,Long Term,713,2330749,10+ years,Home Mortgage,Debt Consolidation,40593.88,25.5,33,10,0,876090,1172754,0,0,Y
a5c5c87f-3266-4052-a79b-7ab8d2242086,a82ed54f-4dcb-4dea-aeaa-1676af5f6d88,Charged Off,77286,Short Term,697,1964429,10+ years,Home Mortgage,Medical Bills,13489.24,16.7,33,7,0,128687,161260,0,0,Y
ab383042-b063-4623-9350-b3b4b27b216e,ceef9374-a4c3-4518-acf9-2a2fd38768ba,Fully Paid,303380,Short Term,723,1168129.5,10+ years,Rent,Debt Consolidation,56924.76,22.5,13,12,0,245575,653708,0,0,N
d1513930-733d-43c5-b367-126206f42a84,ad4cef79-7205-4b52-b573-ed285926e547,Charged Off,246774,Short Term,746,968715,2 years,Rent,Debt Consolidation,22684.1,15.4,33,10,0,349999,927366,0,0,N
2e7cb952-0d4b-476a-8370-0904f12d8787,de78587a-56e8-495c-9a23-a2921b1f803d,Fully Paid,265694,Short Term,739,655633,10+ years,Own Home,Debt Consolidation,12620.75,32.9,33,13,0,427652,868736,0,0,Y
6320ad3b-6c21-479b-aea8-3fc481c86a1d,858a7ef5-165d-4667-84ea-6d2e8bfedc15,Fully Paid,265738,Short Term,723,1168129.5,9 years,Home Mortgage,Debt Consolidation,11153.95,14,81,11,1,196669,393976,1,0,N
0f18d47f-c824-4fab-acef-d2ddabd2bd59,644c8a1d-3e59-4cbf-9fc1-238399b28477,Charged Off,288420,Long Term,687,1286490,2 years,Rent,Debt Consolidation,4373.99,12.2,33,6,0,109459,278564,0,0,Y
13507e55-5312-4417-9594-0812f2c9c81c,0021712b-ea5a-4478-80e7-4789321f830a,Charged Off,787336,Long Term,723,1168129.5,8 years,Home Mortgage,Debt Consolidation,17259.03,19.3,25,8,0,282055,713064,0,0,Y
b6937a08-fbef-4d0f-8df6-d394edd8d68f,3463ebf8-6567-4a00-a378-51cd39c932b1,Charged Off,271700,Short Term,696,675298,7 years,Rent,Business Loan,14293.89,24.5,57,14,0,272916,673772,0,0,N
d6e01d0b-c8e9-40ae-8f58-cee621b865d2,8f6929dc-88b1-4b8c-a87f-e1e4457c60dd,Fully Paid,449768,Short Term,737,2913270,3 years,Home Mortgage,Debt Consolidation,23913.02,23.4,22,11,0,499681,690448,0,0,Y
ee9d5809-f332-4e82-bb73-4592efbe2501,0fd78fa8-8d1b-4c3d-a3f1-4ce161b1a2da,Fully Paid,266871,Short Term,700,1663906,4 years,Home Mortgage,Debt Consolidation,33694.03,18.9,61,9,3,107141,275704,0,0,N
b469909a-39a5-41c3-aa34-4a6f6440fe03,823293b1-6fea-4db4-b406-2d68e574715b,Fully Paid,222684,Short Term,707,1634703,10+ years,Home Mortgage,Business Loan,28198.66,29.2,8,22,0,565782,843128,0,0,N
5c42bb27-a15b-478c-b11f-fb542acb082d,780a5a3e-61e6-4473-b00d-a4109f2361a6,Fully Paid,196196,Short Term,739,378632,1 year,Home Mortgage,Debt Consolidation,2120.4,6.8,33,3,0,80028,188320,0,0,N
7d9953de-f423-466f-ad17-1aa96a925aa7,7d91c943-f6f8-45e9-aedc-cdcddf7401dd,Charged Off,219538,Short Term,751,1611618,10+ years,Home Mortgage,Other,11603.49,21,33,9,0,79572,662882,0,0,Y
954c9e4e-b093-4a68-ab6a-e1c3b49e670d,2a77ea34-2350-483d-a390-c76268532c1c,Fully Paid,297902,Short Term,713,808317,8 years,Home Mortgage,Business Loan,14482.56,21,33,12,0,232560,359524,0,0,N
ea939790-97f2-4c11-afd3-433670d2196d,8d5a2ca0-943a-46a9-8b29-cffee22436c4,Fully Paid,394548,Short Term,723,1168129.5,10+ years,Home Mortgage,Debt Consolidation,30443.13,20.1,23,12,0,357523,810128,0,0,Y
585e7120-b1da-4df4-8da4-bd79d0ef9a6d,9f62fff8-b67f-4ba1-be06-1c9af63cfe52,Charged Off,322300,Short Term,733,891480,2 years,Home Mortgage,Debt Consolidation,23772.8,22.6,11,11,0,53827,214918,0,0,N
855a2706-d329-44e0-9995-fa5aaad9b5bc,99448ea6-a7c8-4977-a08c-69bc343985a7,Charged Off,208604,Short Term,723,1168129.5,2 years,Home Mortgage,Debt Consolidation,20384.91,17.6,33,11,0,358720,553828,0,0,Y
5a44c55c-cde9-4312-91dc-d6282ff892f9,f7711fe4-6384-4ad3-8604-fb8ebf0c527c,Fully Paid,266871,Short Term,738,1981529,10+ years,Home Mortgage,Debt Consolidation,37649.07,32.6,27,19,0,452618,1000142,0,0,Y
65f597a5-4c3e-426c-8a85-ae2fba30c807,839089ec-b35d-460c-b623-da93ffb39960,Fully Paid,407132,Long Term,668,1233765,3 years,Rent,Buy a Car,2868.62,12.4,33,12,0,38589,312466,0,0,N
1ddf3168-5dc0-4be2-8550-9217920de288,7fff04e9-478b-4da3-acfd-6a5c0f949ddb,Fully Paid,82610,Short Term,723,1168129.5,10+ years,Rent,Debt Consolidation,7767.2,22.2,33,4,0,48108,216766,0,0,Y
119ef5cc-035a-47b6-8546-7f210bbf3625,d103a2d9-3534-4715-b33d-458f45697a66,Charged Off,357588,Short Term,739,1374650,2 years,Rent,Debt Consolidation,19015.96,17.5,29,12,0,88616,190014,0,0,Y
992e46c8-2f06-40ac-8848-c8c5f18d58c6,e6446832-189d-488a-a695-a9589b523962,Fully Paid,128942,Short Term,712,1633202,10+ years,Home Mortgage,Debt Consolidation,44505.03,21.2,9,13,0,72884,120384,0,0,Y
fdfb0e3c-1b9f-4d14-8fef-92cb8d134e75,a77fcfef-91ab-400b-89ec-4b18e66301be,Fully Paid,223168,Short Term,707,819128,2 years,Rent,Debt Consolidation,17338.07,20.5,33,21,0,147972,176264,0,0,Y
258f0898-1198-45a7-8df5-44279c74cb92,25647df0-688c-4181-948b-d2d6d3277e1c,Charged Off,214940,Short Term,727,1095217,5 years,Home Mortgage,Debt Consolidation,11435.91,27.9,69,6,0,181773,313654,0,0,Y
80681f9c-b0fc-4d4f-ac9f-b203d2c01cab,3f8e5612-feb2-4743-8b6a-7beb018ad41c,Fully Paid,698742,Long Term,723,1168129.5,8 years,Home Mortgage,Debt Consolidation,22817.29,14.7,33,10,0,447317,824736,0,0,Y
ce32f307-f1d9-4b25-b4ef-941d0fc6e990,d2e7d8bf-d1ad-40b3-9d17-45e0aa8fcb9b,Charged Off,174306,Short Term,723,1168129.5,< 1 year,Rent,Business Loan,7113.03,19.4,24,10,0,103208,156838,0,0,Y
54430d34-0c6f-4cd6-8512-88c0f1161b38,53049afb-6bac-44f9-91b4-ba3f7e263920,Fully Paid,434016,Short Term,723,1168129.5,10+ years,Home Mortgage,Debt Consolidation,36280.5,26.1,21,10,0,1194188,1632532,0,0,N
777dda5d-eda0-4f7b-9eb8-910a47f117dc,d387058f-3b39-48ab-9eea-10e3c70ede07,Fully Paid,393668,Short Term,723,1168129.5,10+ years,Rent,Debt Consolidation,30908.44,17.6,33,15,0,492290,708994,0,0,N
98334c05-e857-4a11-87f4-6f2826e70c57,cf1765cc-be60-4fe6-8b18-249245fa037a,Fully Paid,216128,Short Term,715,1175929,5 years,Home Mortgage,Debt Consolidation,15483.1,32.3,33,12,2,137332,255222,1,1,N
6a912611-e48f-4ad5-a7bc-fa62c1cad91e,f8e19364-1e97-4ceb-9054-1145091a633f,Fully Paid,246202,Short Term,720,1404879,8 years,Rent,Debt Consolidation,13112.28,16.6,36,7,1,171570,309914,1,0,N
b794e634-490b-45ad-a2e1-72967f85fd6a,a0bbfba5-c0a0-44b9-9ac2-e6404bd6607b,Fully Paid,105798,Short Term,722,628197,1 year,Rent,Debt Consolidation,10312.82,14.5,33,14,1,149568,548042,1,0,N
384639bc-87dd-4d32-9f9d-e300a29e28a5,b3b7b6af-f415-41bc-879c-45b4d8566c36,Fully Paid,66638,Short Term,723,1168129.5,1 year,Rent,Debt Consolidation,11203.54,8.9,33,10,0,126027,173316,0,0,Y
2ebe9734-f5da-41ec-926c-1acd25ed1ef9,af81a0bf-85b7-42b3-9e6c-bb3f4c5f89a3,Fully Paid,266871,Short Term,741,1028698,7 years,Own Home,Debt Consolidation,15258.9,9.5,33,17,0,157529,413600,0,0,Y
91161a06-e231-4d73-90d0-e268a24a9165,7420fe92-229c-4643-a3ad-4d12ce7c1f6d,Charged Off,423214,Short Term,718,1186949,1 year,Rent,Debt Consolidation,25222.5,10.6,57,14,0,327484,820754,0,0,N
15cc7358-8767-44e4-8a25-3c107e7bfb07,5e255085-de6f-4e39-b35e-c1a86231d357,Fully Paid,188298,Short Term,723,1281778,4 years,Rent,Debt Consolidation,21790.34,23.9,31,14,0,161063,409882,0,0,Y
db5aba7e-1076-4df9-b708-9437a6993c1f,106c85d5-cdf6-4323-99d3-22d993aaecd0,Charged Off,111122,Short Term,693,767752,7 years,Rent,Business Loan,4184.18,10.1,33,3,0,35701,86658,0,0,N
76a8484e-9d58-4f28-b014-22f8403abbe4,2158463f-c6e7-4985-86ea-c38e06b924f7,Fully Paid,259270,Short Term,741,1306193,10+ years,Home Mortgage,Debt Consolidation,33090.21,21,33,10,0,498579,607046,0,0,Y
01e83af1-10ca-4f74-a42e-2b12a2393201,064d7dae-46be-46c8-b635-459f33cc3b3a,Charged Off,178948,Short Term,740,1352344,3 years,Rent,other,25581.98,17.9,14,10,0,79952,183304,0,0,Y
abe26577-2b75-4c9f-a898-21c43be5db85,e6f03157-2859-413f-b8e4-039707805c4b,Fully Paid,217338,Short Term,704,2721674,10+ years,Rent,Debt Consolidation,29257.91,18.6,10,7,1,160493,239162,1,0,N
156dd47c-6e9b-4c24-acc1-13b4eb5ec8a9,f04a5152-3154-426b-8647-4f9ce778f861,Charged Off,263362,Long Term,731,614118,2 years,Rent,Debt Consolidation,8300.91,14.1,33,8,0,158213,380050,0,0,Y
699952d3-e49e-4460-afdb-4b5d0afaa87b,057a4126-5b06-4b0a-8d3e-37c272cd2003,Fully Paid,395846,Short Term,751,3228708,6 years,Home Mortgage,Debt Consolidation,31749,18.2,33,13,0,817589,2674232,0,0,Y
8b5154e8-a10f-47ae-9f1d-549fb9306ce5,c49e61bf-8cee-4519-9de4-84ca2499a87c,Fully Paid,560010,Long Term,719,5701140,4 years,Home Mortgage,Home Improvements,24942.44,8.4,33,9,0,76893,436414,0,0,Y
4334f85c-49e5-4001-9298-914715775555,0f002804-4b3c-4ab3-a5ad-331f1548ca2c,Fully Paid,287408,Short Term,699,992845,6 years,Rent,Debt Consolidation,6014.83,8,33,7,0,93005,192302,0,0,Y
c51e73ee-14af-4fa3-aacd-44b7cea56907,1a445b1c-32a7-49c6-82a0-3e9742e02635,Charged Off,623436,Short Term,723,1168129.5,2 years,Rent,Debt Consolidation,17820.1,15,33,27,0,448647,630454,0,0,Y
423e5053-ed91-4191-bf89-05a8dc84a3d0,d5a5f0e6-8396-4647-be2b-62765db34da4,Fully Paid,259820,Short Term,723,1168129.5,< 1 year,Rent,Debt Consolidation,19026.98,9.9,33,8,1,181678,385308,1,0,N
1ab476bb-4917-421b-80a0-d81bbbd1a11e,b6c081e1-9fd8-41c2-ae40-166c03119b91,Fully Paid,107998,Short Term,750,634182,2 years,Rent,Debt Consolidation,14210.86,18.8,33,21,0,9177,2125178,0,0,Y
a7854fb3-4133-4002-9919-24db22b6fd27,fb5343f3-f71f-470e-ac14-789b902c6a88,Charged Off,450912,Long Term,717,1168272,4 years,Rent,Debt Consolidation,19568.48,7.6,33,8,0,144780,315722,0,0,Y
834585aa-1363-4ac4-88f5-979df31f7ceb,cc698d70-1b24-4b4a-b886-e835a29e22a3,Fully Paid,225808,Short Term,723,1168129.5,4 years,Rent,Debt Consolidation,5552.18,32.1,43,9,0,189449,753786,0,0,N
26ebadea-0dab-4600-8fb6-5c09b2efa230,716d4bf3-6479-428d-9979-904aaf7a453c,Fully Paid,182028,Short Term,723,655025,5 years,Rent,Debt Consolidation,20251.15,5,33,5,0,134045,257818,0,0,N
05a2cc27-5187-4938-b29b-ac546a60fed0,00fa638b-e857-458f-a849-f76e374cc2c3,Fully Paid,448184,Short Term,723,1168129.5,5 years,Home Mortgage,Debt Consolidation,22256.41,12.8,33,14,0,352564,459206,0,0,Y
403a4d7d-7d20-4136-b22b-08be2b20cb20,379e73c5-b1e9-4d58-b345-84f54fe43385,Charged Off,219604,Short Term,723,1168129.5,< 1 year,Home Mortgage,Debt Consolidation,9843.33,21.9,53,11,0,111245,326942,0,0,Y
798fc913-785a-46dd-a6df-5d5cb62fc726,1a7a407e-f91c-44ea-80ed-f5f4f890a394,Fully Paid,266871,Short Term,723,9057984,2 years,Home Mortgage,Debt Consolidation,105676.48,23.1,4,15,0,149720,912428,0,0,Y
80ffa1f5-c9db-4541-a3a9-173940dc634d,f4649e39-0bda-4aee-a665-18d1ea6cf9e7,Fully Paid,214764,Short Term,730,983041,3 years,Rent,Debt Consolidation,12697.51,13.4,43,19,0,209741,527956,0,0,N
33f14233-4dfb-47fd-956a-6c1fddaf95b4,110c1914-53e0-4639-8773-32d128ca6116,Fully Paid,320078,Short Term,723,1168129.5,10+ years,Home Mortgage,Debt Consolidation,11364.85,19.1,15,12,0,393015,770000,0,0,Y
58aa35d6-11db-4c31-9f5b-425f87ea21c8,e6664f24-0b69-45aa-9f50-95941f12cd9f,Fully Paid,175956,Short Term,749,664867,10+ years,Home Mortgage,Debt Consolidation,13962.15,42.4,33,9,0,168511,1283700,0,0,Y
f1814c40-54d8-4e08-bf91-175754fdf90d,3535c73e-af3a-458a-90d6-0ba0d7a92f27,Charged Off,400400,Short Term,719,1152654,10+ years,Home Mortgage,Debt Consolidation,28047.99,12,33,36,0,569962,1499916,0,0,N
a8ab3084-6830-4381-8225-c5b771492454,ef0bd291-121a-4eeb-974e-ac80930ccf00,Charged Off,628584,Long Term,692,1217102,10+ years,Rent,Debt Consolidation,19879.51,28.8,34,24,0,451934,1202960,0,0,N
078927ed-aa11-4cc7-bed6-6f035fb85fac,021cfe48-3ce5-4602-ad2b-c21f1473d195,Fully Paid,626362,Long Term,723,1168129.5,2 years,Home Mortgage,Debt Consolidation,28106.13,22,33,13,0,526034,1602854,0,0,N
960d00d1-3dec-477a-b834-2edafd5b6898,bd94000f-f10c-4f88-a464-bdc439f69fc2,Fully Paid,540364,Long Term,723,3387244,5 years,Home Mortgage,Debt Consolidation,29920.82,12.6,39,6,0,255987,432080,0,0,Y
fd1f1cae-b774-4d1f-b41b-df5fa6d1eafc,15e0d842-f101-40a2-830a-ac58c51457a1,Fully Paid,162074,Short Term,712,583224,1 year,Own Home,Debt Consolidation,4665.83,23.1,33,6,0,128231,159830,0,0,Y
b5845fe0-0f32-4a85-9e9d-dafabe9095cf,d37a7231-7dce-491a-bdb6-4688d55711e1,Fully Paid,345136,Short Term,703,1117770,2 years,Rent,Buy House,6967.49,13.5,33,8,0,300846,556468,0,0,Y
930c7cb3-6086-434a-9547-3ed41c181552,19941661-98e2-4800-93c9-a0e92057c813,Fully Paid,266794,Long Term,686,576042,< 1 year,Own Home,Debt Consolidation,12336.89,5.8,33,9,0,233206,342232,0,0,N
d9075358-bcf7-42ab-a9cb-0e22c33e1284,2f2aa20b-d173-4318-9435-85de7eee4f7f,Fully Paid,446160,Long Term,741,1541280,10+ years,Own Home,Debt Consolidation,28256.8,22.1,33,10,0,235885,537658,0,0,Y
c77a2b2b-79c2-4591-9eb0-026b0c8e0b5b,a645ef75-f106-4530-aab5-24ff886e55a1,Fully Paid,347028,Short Term,743,1685889,4 years,Home Mortgage,Debt Consolidation,8836.9,16.9,33,13,1,127224,403612,1,0,Y
fd81f1bd-f016-47b4-95b1-c6c688571998,3c31ad7c-1a67-40c3-b071-62c404235918,Fully Paid,267454,Short Term,723,1168129.5,4 years,Rent,Debt Consolidation,19455.81,13.8,33,17,0,434302,557502,0,0,Y
b94e4ae5-f846-44c0-972e-709a91f1e7d0,5cf58471-de79-4ce3-9545-6ca8086dc2e7,Fully Paid,220022,Short Term,723,1168129.5,10+ years,Rent,Debt Consolidation,29528.66,22,78,12,0,356421,953106,0,0,N
a7016273-a20b-4527-9254-056f5fa3df30,d5e9db4d-98d3-49c6-98cb-c4feca082127,Fully Paid,283426,Long Term,738,1355688,10+ years,Home Mortgage,other,9015.31,22.8,33,7,0,342665,549538,0,0,Y
3b990bb6-440c-43ee-9ef1-4e303b5447dd,8ce9f4e4-0044-4779-a4c5-66552927d0ab,Fully Paid,270556,Short Term,724,1752408,10+ years,Own Home,Home Improvements,24095.61,23.5,70,7,0,286387,908490,0,0,Y
98b37cd6-3784-4c26-9354-cab0a12967ef,631347a6-b027-4f5f-8363-594b79aff617,Fully Paid,322476,Short Term,711,1262550,1 year,Own Home,Business Loan,24198.59,17.5,11,9,0,321024,477158,0,0,Y
52acb835-3fc0-42d0-b145-05052074d5c6,756777d0-42b5-4e33-bd4d-58bf1d13f644,Fully Paid,441364,Short Term,691,1315066,10+ years,Home Mortgage,Debt Consolidation,16986.19,22.6,9,12,0,233035,439472,0,0,Y
84e068cf-4440-48e2-8c8d-11d73930c25b,bfcb3eac-c8d9-4d6f-a002-0c9a3bf8c685,Fully Paid,266871,Short Term,726,1488289,7 years,Home Mortgage,Debt Consolidation,35099.08,15.4,33,15,1,187929,465960,1,0,N
3050f5c3-b379-429a-b9f3-a35483b2d007,7fd1cdc8-2eff-400d-a705-1602bdbbc87d,Fully Paid,247786,Short Term,748,1361787,2 years,Home Mortgage,Debt Consolidation,13288.79,14.3,33,13,0,211831,1075800,0,0,Y
0971addf-ace5-4e85-a469-fcacca8d088d,89d77bcf-9910-477d-a755-0dd046cb35ff,Fully Paid,334070,Short Term,704,927523,10+ years,Rent,Debt Consolidation,5132.28,20.5,24,11,0,226537,495858,0,0,N
34b38c8b-eb67-496e-ae2e-1ff1c771dc52,6e114107-2576-4a5b-91af-a7669333eca3,Fully Paid,54824,Long Term,747,830813,10+ years,Home Mortgage,Buy a Car,5130.38,24.2,33,13,0,76665,1431650,0,0,Y
1e350468-ffb6-4ed6-b4ba-53485086006e,e17ed1a4-1a75-43fa-bffb-be294a3f77c4,Fully Paid,266871,Long Term,704,1139658,7 years,Home Mortgage,Debt Consolidation,14815.63,21.9,25,17,0,489782,624580,0,0,Y
070ef1fe-aba2-438c-bbd4-9655e52f8959,7e90afe4-c090-43ac-b39e-90eed8c2d2fe,Fully Paid,403480,Short Term,713,2710274,10+ years,Own Home,Debt Consolidation,49236.6,16.5,33,14,0,673873,865040,0,0,Y
4b61a06f-f245-4542-b7c8-02201f1c842d,206609fa-9e43-4fcf-a0f9-4e7103eecc4c,Charged Off,105468,Short Term,738,702088,4 years,Rent,Other,1006.24,9.4,42,13,0,28139,221650,0,0,Y
c1bc8065-163f-46de-9b15-3b996d2ab54c,6a907e9a-3ced-4f62-adec-6384a589b916,Fully Paid,266871,Long Term,612,2279544,3 years,Home Mortgage,Debt Consolidation,50339.93,26.3,54,18,0,533672,698258,0,0,N
7033a72e-2225-42fd-ac4a-0a62c018818a,2ae52dc5-742e-4377-b498-2070e163aa1d,Fully Paid,137852,Short Term,732,1395227,10+ years,Home Mortgage,Debt Consolidation,2813.71,21.2,52,10,0,76627,243078,0,0,Y
943b232e-554e-456d-9627-142a348885c8,78b23697-9228-4ef6-a770-478c0171b764,Fully Paid,131274,Short Term,723,543837,4 years,Rent,Debt Consolidation,10378.18,14.3,33,4,0,83942,126390,0,0,Y
c9aeb770-0e81-4853-9b69-c70a6c9d49ef,8f149fa9-23f6-4453-a82c-20ae5ffb6e95,Fully Paid,182116,Short Term,723,1168129.5,10+ years,Rent,Debt Consolidation,3389.22,21.9,69,6,0,92663,264286,0,0,Y
a994df29-06e9-4725-86e4-e2b072fbf90c,3c4686b9-b1f9-4afe-8f92-613aefa52e85,Charged Off,46156,Short Term,654,1640745,6 years,Home Mortgage,Business Loan,31721.26,16.7,63,8,0,164008,199914,0,0,Y
0d85eeb0-b1ff-4a58-9921-9d07a30c53f0,51a7e7bb-5520-48f9-a1b8-9813e8107db3,Fully Paid,67496,Short Term,725,582825,10+ years,Rent,Debt Consolidation,5925.34,5.5,33,5,0,33706,112486,0,0,N
21bccca7-f15d-45a5-9785-c65d099bca19,a647389d-fee2-463d-86c1-c7b8e9be8d27,Charged Off,138380,Short Term,735,485792,1 year,Rent,Debt Consolidation,8055.81,17.1,33,8,0,117838,339394,0,0,N
6ba36bae-c42d-4aeb-889b-cda78bf317b5,d2592b4e-f032-42c6-8fdf-3023fa3c9ce7,Fully Paid,172436,Short Term,740,1340222,7 years,Own Home,Debt Consolidation,14965.92,19.8,33,6,7,178410,398816,3,4,N
41985b07-eeb1-4d90-819f-3392f506ea2f,67e93ee0-bb2f-4a16-9d06-6600d084baae,Charged Off,788326,Short Term,723,1168129.5,10+ years,Home Mortgage,Debt Consolidation,36388.61,22,42,28,0,565820,1353638,0,0,N
319ada04-060d-4770-9385-5a567604deee,5fdf69f6-b95f-4247-afe5-314efffc8bee,Fully Paid,336732,Short Term,738,1970072,10+ years,Home Mortgage,Debt Consolidation,35789.54,14.6,33,14,0,464987,749892,0,0,Y
9aebbf95-66a2-4c41-a831-8bfe5b9e0001,f589bab3-3e5c-47aa-b3c5-8617f9098254,Fully Paid,107932,Short Term,735,1211782,6 years,Home Mortgage,Home Improvements,28173.96,28.5,33,9,0,521322,658988,0,0,Y
590282b6-b617-4c7f-94af-0c901dfad8cf,8075f523-a006-49d5-bbfb-347cba8b4351,Fully Paid,346060,Long Term,711,765833,10+ years,Home Mortgage,Debt Consolidation,13402.03,21.1,16,9,1,61788,123354,1,0,N
a5b1474b-6038-4aab-bef3-54fafadc79b7,1bdb2782-30ef-45e4-b936-48fbc200b5ac,Fully Paid,217888,Short Term,735,1223144,8 years,Rent,Debt Consolidation,9163.51,10.8,33,8,0,117952,207570,0,0,Y
7967c4fb-6ccc-4919-a8ce-cff4e9ef3343,b756e180-7ba2-4721-a9cc-534c5bb642d2,Fully Paid,266871,Short Term,738,934800,10+ years,Rent,Debt Consolidation,4806.43,27.8,20,13,0,25536,151646,0,0,Y
5133b63f-5a06-4e81-9199-72220cfc4e9c,d3b5f171-9216-438d-96e2-5336c3204798,Fully Paid,266871,Short Term,745,681226,2 years,Rent,Debt Consolidation,8095.33,12.7,33,9,0,173812,322520,0,0,Y
656ed1dc-227b-4b09-a305-51f1b57bf92f,86242eec-2c69-448a-93c5-c7d128eba38a,Charged Off,216524,Long Term,688,934990,4 years,Rent,Debt Consolidation,16050.63,11,13,10,0,113373,314072,0,0,Y
3e8fb50d-e619-481c-843e-b489e16eae03,579a0930-b731-47c4-afb0-36ee23e772eb,Charged Off,261448,Long Term,719,940785,1 year,Rent,Debt Consolidation,11681.39,13.3,20,15,0,237937,683672,0,0,Y
ded90ca9-ee05-41e3-a686-7c4693752dcf,8b9f778b-c3a4-4d51-9940-6ae35bc4b7db,Charged Off,430804,Long Term,738,1130120,10+ years,Home Mortgage,Debt Consolidation,8711.31,18.5,33,9,0,383667,789052,0,0,Y
ef6f4c98-68d2-4109-a3d6-5c9c5157d5ac,4e974240-4b7e-46ea-9d3c-2702989f18be,Charged Off,163878,Short Term,741,1439402,7 years,Home Mortgage,Debt Consolidation,14034.16,11,18,7,0,110865,186604,0,0,Y
fb3cce7b-308f-4c0a-9e63-77ba2934147e,a3e9cb3b-5724-402c-9d6f-cf616d9b7b35,Fully Paid,227546,Short Term,709,561450,6 years,Rent,Debt Consolidation,16141.64,17.3,54,10,4,269667,374858,1,3,N
f949eedd-5c6a-4dac-b833-8b3b54757b68,3b5dda29-a465-4715-87f0-86d6e7dc3e12,Fully Paid,560516,Short Term,652,1374897,4 years,Home Mortgage,Debt Consolidation,25160.75,22.2,33,15,0,354483,862290,0,0,N
202333cb-4791-4bf5-8605-518d2472735d,a91c4290-8a2d-4cdd-bab9-60788dc14eb2,Fully Paid,470316,Long Term,719,2393487,2 years,Own Home,Debt Consolidation,27126.11,34.1,33,7,0,726484,1055450,0,0,Y
67e8d085-3697-4786-a594-49c4d02fb4fa,01057261-5054-4448-b725-90ba98b82152,Charged Off,190784,Short Term,704,711455,6 years,Rent,Debt Consolidation,5015.81,16.1,33,6,0,145825,182138,0,0,Y
2f852621-31da-41e1-a6e7-3f43e321db26,2ad6f371-7797-4609-92af-23eb4a30a4bf,Charged Off,395846,Long Term,725,829597,1 year,Rent,Debt Consolidation,18251.02,27.7,33,10,1,273847,461560,1,0,N
05d79aad-6272-443e-8c31-04c043e4333f,c3e3bd3e-2841-41a2-8ed8-ace9f6f13a4a,Charged Off,450120,Long Term,673,981578,10+ years,Rent,Debt Consolidation,19467.78,16.5,33,15,0,515394,1143230,0,0,N
914dee8f-17d2-46a0-a221-1d9fe3fa81d5,1d24a8f4-066d-4289-a245-176061d974b5,Fully Paid,266871,Long Term,725,1698885,7 years,Home Mortgage,Debt Consolidation,29164.24,13.1,33,10,0,589988,898876,0,0,Y
0c6b672f-34d6-423d-9c81-f88f2a4689ad,11d42688-d6c7-4f1d-b32d-547d432050b8,Charged Off,399014,Short Term,722,2909945,2 years,Home Mortgage,Home Improvements,51409.06,12.8,42,12,0,938923,1248192,0,0,Y
531076c3-61df-42da-8d62-1510fbfef060,29c9b790-ef61-4a5f-9e78-dd614323f044,Charged Off,116710,Short Term,723,1168129.5,9 years,Own Home,Debt Consolidation,10125.67,13.1,68,12,0,914812,2021470,0,0,Y
da854835-ba97-45d2-a5a1-d42368dd6468,d3008cbd-e499-4080-813b-629b5d6695ca,Fully Paid,270402,Long Term,690,1044373,10+ years,Own Home,Debt Consolidation,17928.21,21,33,12,0,258305,441144,0,0,Y
ceb18d2f-9fff-414f-8d04-1d0f6c700b00,40e2a136-e855-411c-877a-acff6f143d7c,Fully Paid,129184,Short Term,735,948366,1 year,Own Home,Buy a Car,9088.46,17,50,9,0,332139,467280,0,0,Y
ca910ec8-7a83-4d65-a784-1c345594e073,97514ea0-93a1-4b44-8c87-8852571f16a6,Charged Off,247500,Long Term,664,1347955,7 years,Rent,Debt Consolidation,2976.73,10.6,33,4,0,98534,131604,0,0,Y
c2745a65-c744-4854-bea5-c7c74e85c4af,1dabcfda-b1a1-4f89-b858-96d9ccab77a5,Fully Paid,266871,Short Term,702,1385480,2 years,Home Mortgage,Business Loan,14893.91,24.6,47,8,0,234973,305382,0,0,Y
de61ec5e-52b6-47ad-9cc0-cb70951097da,666c0266-76b1-4f00-934e-6047498e61be,Charged Off,396792,Long Term,669,875748,6 years,Home Mortgage,Debt Consolidation,22404.42,9.7,7,10,0,311372,785466,0,0,N
6edfbe6d-979d-49d8-9fc8-63112947481a,173c7174-1d5e-4e59-bdee-354b32a171c5,Fully Paid,109582,Short Term,744,813903,2 years,Rent,Debt Consolidation,11665.81,8.7,33,6,0,16910,89760,0,0,Y
7377c718-01d7-452b-b8f8-b25fb50b1332,21ae217c-b415-4102-b033-9e99c04cb2e5,Fully Paid,266871,Long Term,739,1461689,10+ years,Home Mortgage,Debt Consolidation,21072.71,34,33,11,0,612731,1204544,0,0,Y
c527736a-cd53-4668-b5ad-11064a84d486,ab2514e8-3bd4-4d64-8fd0-40533b132227,Fully Paid,264924,Short Term,723,1168129.5,2 years,Rent,Debt Consolidation,12297.94,20,36,6,0,132924,249480,0,0,Y
01cfe452-6e45-4068-a6a3-ee91db9adfed,719e7e4b-b7e7-4967-9b89-f833d81ccf0f,Fully Paid,391314,Short Term,735,762660,1 year,Rent,Debt Consolidation,15062.63,13,33,18,0,351633,962522,0,0,Y
f21ec3e4-2064-47b9-bdb4-f85546944d82,a76f88e5-205d-4172-a260-a02d31dc975c,Fully Paid,520454,Long Term,716,1323825,5 years,Home Mortgage,Debt Consolidation,24049.63,12.8,33,9,0,441009,622732,0,0,Y
a4d78930-1458-463b-b268-b05429acc840,fd7eb7a2-a39e-4f4e-b5ee-dec42f3a537a,Fully Paid,330792,Long Term,733,1885522,10+ years,Home Mortgage,Debt Consolidation,20897.72,31.4,33,13,1,138130,443058,1,0,Y
bd04c711-a9a6-4859-ab59-977a944b2f86,ab685182-eb88-49b6-aee0-cfb49d50288b,Fully Paid,266871,Short Term,748,1576411,5 years,Rent,Debt Consolidation,26404.68,15,33,15,0,310118,712492,0,0,Y
8359903a-29b3-4ec4-904e-9a84b7fd8770,4891a653-11b6-444b-82ac-e46db980cf91,Fully Paid,266871,Short Term,746,1580116,6 years,Rent,Debt Consolidation,25150.3,18.9,33,6,1,465785,887062,1,0,N
ba161d28-c8ba-46de-be77-1eb732b78e4f,c322611d-f268-4a44-82a6-8eec45ae92fa,Fully Paid,222530,Short Term,690,595783,10+ years,Own Home,Debt Consolidation,17327.05,19.5,33,9,0,385757,685058,0,0,N
1355b507-2f9d-4787-a2c6-a087bb56d35b,13dca6a4-d993-4e0e-bafe-9efe877b8669,Charged Off,446820,Short Term,715,1254228,1 year,Rent,Debt Consolidation,6427.89,16.5,33,3,0,110903,214390,0,0,Y
6638cd3d-7c5e-4038-b60e-64e78ee0534f,c5b34502-10c1-46e6-b4fb-bfd3ecb95d1e,Fully Paid,79530,Short Term,691,953990,7 years,Rent,Debt Consolidation,27029.78,19,42,10,0,371906,563640,0,0,N
9657283f-9b9d-4f43-bfeb-69e2d9bfee51,823589bf-3911-4be5-8a44-368e8db077c9,Charged Off,262988,Short Term,721,794960,3 years,Rent,Debt Consolidation,18880.49,15.4,81,6,0,30267,87626,0,0,Y
ed671727-14ad-4da8-9f37-fb8cce3c97f0,676a91e7-f978-4897-857d-b0619a354c08,Charged Off,110814,Short Term,742,459325,4 years,Own Home,Debt Consolidation,8306.23,7.9,43,15,0,125153,296956,0,0,N
3153d5b4-5e26-42bb-92d9-9d3cedc703a1,862cb1c6-cf59-4108-9ade-3edbd57ac59e,Fully Paid,385308,Long Term,678,1823715,6 years,Rent,other,6914.86,13,18,21,0,48944,57244,0,0,Y
915a3d53-e021-4a0b-a925-70298c925696,85338b3c-6715-4eca-81f4-44540110f1cb,Fully Paid,158620,Short Term,694,475665,5 years,Own Home,Home Improvements,3900.51,9.8,31,11,0,84835,383724,0,0,Y
d3b228ea-a4d1-4af7-9da9-511d2bd31564,510490c7-0e98-47f0-b353-2ad4711c012c,Fully Paid,768856,Long Term,723,1168129.5,< 1 year,Rent,Debt Consolidation,59285.89,11.4,33,20,0,408082,806322,0,0,N
faff168a-96e7-4cff-bfa6-7d4a4504a2e2,817f26dc-b23c-44ca-a4e8-aa076cb7ea05,Fully Paid,146366,Short Term,724,816753,4 years,Rent,Other,13864.3,12.8,33,12,0,168454,263560,0,0,Y
2b59015b-ffae-45b3-8fb4-527751e34b1c,018d5599-8c09-4c98-95ab-6d450dc6e416,Fully Paid,435512,Short Term,745,1128372,10+ years,Home Mortgage,Debt Consolidation,16925.58,27,33,9,0,242801,594396,0,0,Y
08ec4d2f-cd15-4cec-88cb-6edbb8c4ac5c,7f97ade2-4720-42c6-ab28-9ebcea043cf2,Fully Paid,130944,Short Term,720,584288,1 year,Rent,wedding,9835.54,10.4,33,4,0,43605,157322,0,0,Y
c9a8f33a-203f-4887-8568-b095255d0a57,1cd3aa7c-4376-493b-acad-cb29ebcd9257,Fully Paid,134684,Short Term,735,579899,4 years,Rent,Debt Consolidation,7345.4,10.6,38,5,0,30115,65032,0,0,Y
af2596d0-b730-41e1-8399-f068aef4f3fe,409c81f2-fbf9-4636-a734-f67e176f6589,Fully Paid,352220,Short Term,750,2129273,8 years,Home Mortgage,Home Improvements,10859.26,20.7,68,12,0,289180,667018,0,0,Y
9ffe0ffc-0f15-4c86-a330-50c25dd58c42,f6af927e-8cf8-4f51-bf42-bc3a84e880e0,Charged Off,133012,Long Term,717,1194606,7 years,Rent,Buy a Car,12712.71,16.4,56,9,0,119586,387904,0,0,Y
171756e9-6824-4c0f-9641-f0f56dd96f26,9d1f6f0e-a3ee-4e39-a6e5-727390babdba,Charged Off,260260,Long Term,730,1236197,7 years,Home Mortgage,Debt Consolidation,21015.33,12.8,30,10,0,121106,308198,0,0,Y
6b58bc47-05ec-4b44-8d8e-cde7212fcad5,48c25a2a-a932-4080-9709-81c783151fe1,Fully Paid,769230,Long Term,691,2799707,< 1 year,Home Mortgage,Debt Consolidation,63459.81,17,33,18,0,633536,1047926,0,0,Y
51986343-1800-466d-adf9-e89271b8caff,64c6b07b-c8d7-47a2-bd19-4a698e6d0863,Fully Paid,360052,Short Term,719,721582,10+ years,Home Mortgage,Debt Consolidation,13529.71,17,33,6,0,354730,416130,0,0,N
e311be8d-c1dd-446c-bbee-d33169fac081,4509ab8b-fda5-422c-8e71-b06684f71931,Fully Paid,524524,Short Term,723,1168129.5,5 years,Home Mortgage,Debt Consolidation,15892.36,15.4,33,12,0,449236,959706,0,0,Y
64e03138-b7a6-4b7b-aa6d-75e5b939310c,5d745ebc-1eb1-4a7a-a14d-c71693e03fe6,Fully Paid,259028,Long Term,698,2469753,1 year,Home Mortgage,Debt Consolidation,22227.72,8.4,68,10,0,250705,468204,0,0,Y
b931aca3-fd26-48ab-b3b9-cf44e9afa892,b470a9ba-f292-40c8-8930-bc030ef950d7,Fully Paid,267542,Short Term,746,1578881,1 year,Rent,Debt Consolidation,15657.33,10,71,11,0,195966,387882,0,0,Y
5464397a-7498-4bb5-9109-d5eadc738696,daa1073c-1549-47a6-9613-7e119e969348,Charged Off,174438,Short Term,723,1168129.5,10+ years,Home Mortgage,other,9476.63,17,33,5,0,84265,109032,0,0,Y
7b6d7617-bc05-42d3-9d12-c9dbdcd92045,1f0bd8c2-ac0e-4298-99cf-a4d5833316a3,Fully Paid,249326,Short Term,723,1168129.5,5 years,Rent,Debt Consolidation,11548.58,10.2,33,8,0,250382,365134,0,0,N
8c301c9f-77d0-4f92-a6ce-2e402f1ce546,06e9516e-b22b-4659-80ac-aad5e871f195,Fully Paid,221276,Short Term,743,1299486,5 years,Home Mortgage,Debt Consolidation,12345.25,20.8,37,12,1,74385,206030,1,0,N
6e9c12cc-0476-4d90-8143-4aff82215e8d,362ee5ad-b494-4847-a3b0-f9cd5ddcd2c0,Fully Paid,222420,Short Term,712,2723840,5 years,Home Mortgage,Home Improvements,42446.57,18.3,68,17,0,563920,814176,0,0,Y
10320271-9cf4-4001-aacf-23d55b9e45a0,f4c3ce6e-3da2-49d1-8ff0-aeb12bb4a8ce,Fully Paid,402578,Short Term,723,1168129.5,10+ years,Home Mortgage,Debt Consolidation,5097.32,16.3,18,8,0,211964,322102,0,0,Y
eda7767f-b5c1-4382-9bb1-eb7d47ae6751,92791a70-fc97-460a-aa6e-ad0b0a0e68d3,Fully Paid,280852,Short Term,738,1585930,10+ years,Home Mortgage,Debt Consolidation,28811.03,22.6,33,13,0,276602,423654,0,0,Y
1a6b36ad-65af-4377-b581-31f10fb95e27,41df3f35-84b1-40f8-908c-35c591d15f2c,Fully Paid,266871,Short Term,723,905521,6 years,Home Mortgage,Debt Consolidation,6489.64,24.5,33,5,1,134026,170346,1,0,N
b9514382-d66c-4d00-93be-b2644d9b6659,7e9d3fa1-b9d6-4869-9c37-26a99d3a1143,Fully Paid,386694,Short Term,740,1726910,10+ years,Rent,Debt Consolidation,17412.93,11.8,77,8,0,298756,353694,0,0,Y
fd1afc23-5256-4a43-bf0f-7e4a0a26d863,7fbe8108-cfc6-4925-8021-e952321915e0,Charged Off,351692,Short Term,723,1168129.5,5 years,Rent,Debt Consolidation,27715.11,16.1,33,8,0,188708,272448,0,0,N
be347108-7788-40f8-97aa-360646952a46,3fa09eea-e901-4afb-a78d-adb917a38a45,Fully Paid,224092,Short Term,721,696730,4 years,Rent,Debt Consolidation,10683.13,7.7,33,7,0,119377,219736,0,0,N
3ce560e8-74b9-44db-a3f1-15bb18189e90,c0979432-6b2b-47fb-88be-290b2e0d3010,Fully Paid,65912,Short Term,732,948575,1 year,Own Home,Debt Consolidation,4956.34,15.4,15,8,0,159486,721402,0,0,Y
30068bb9-0bf4-4295-bccc-95dd110548f2,8e6658e5-4eec-4397-ba60-dd279eb6f448,Charged Off,177144,Short Term,675,705394,1 year,Rent,Debt Consolidation,19221.92,6.4,17,8,0,72523,174218,0,0,N
9a8f0a8d-9866-4a1c-bbd7-2266600b7f99,ab4e245b-381d-4260-acff-8a6a58ba94c0,Charged Off,94908,Short Term,738,768170,7 years,Rent,Debt Consolidation,5281.24,15.4,33,10,0,213579,353782,0,0,Y
27dd9790-513d-4d26-9152-e93ca1f06068,4ab01738-05af-4ace-881e-0a435c452a47,Fully Paid,157234,Short Term,723,1168129.5,6 years,Rent,Debt Consolidation,13398.04,15.7,33,17,0,169043,194370,0,0,Y
8f77837a-ed74-48bb-8125-7661cb778d27,6e89cd20-19f4-4bc7-9e70-590c34a9acdd,Fully Paid,294316,Short Term,723,1168129.5,< 1 year,Rent,Debt Consolidation,22443.94,15.7,42,8,0,306888,560494,0,0,Y
371a2d89-9435-42f6-91b8-eb48daafae0d,66124403-409b-42e0-b79c-61187746de84,Fully Paid,220770,Short Term,741,591071,7 years,Rent,Debt Consolidation,12067.66,18.5,33,7,0,393585,525646,0,0,Y
dc3db566-0fca-4191-9f1a-4ee1557fef58,3a749d28-13c8-444f-af8c-788d2d944eb5,Fully Paid,568414,Long Term,717,1116744,3 years,Home Mortgage,Debt Consolidation,12656.47,21.4,33,8,0,598044,969826,0,0,Y
2c6779a9-4d25-4e6c-91af-3c2972fd3067,9e815288-f863-4b4c-bc31-2ef070869c5e,Fully Paid,380512,Short Term,728,948594,8 years,Home Mortgage,Debt Consolidation,22845.22,15.9,20,27,0,348061,907676,0,0,N
cca0fd6e-de76-40c8-ad07-f292501e1fbe,b071d166-881d-4f1e-bffc-c5b29ed2622d,Fully Paid,177012,Short Term,723,1168129.5,4 years,Rent,Debt Consolidation,16275.59,9.3,33,11,0,155515,424688,0,0,N
235f5b6a-9289-4af0-9c5b-1a01079f359c,1376430c-3aec-4f17-acb5-c1b4626fbf94,Fully Paid,227722,Short Term,673,578892,10+ years,Rent,other,13314.63,22.3,33,11,0,167124,435798,0,0,N
b2b55480-ace1-402c-8edd-491930ae64a9,cc20dd6b-0229-40cd-8485-610a36c8a246,Fully Paid,180290,Short Term,741,1297548,4 years,Home Mortgage,Debt Consolidation,16976.12,14,33,13,1,191159,799106,1,0,N
b9e05cd1-4939-4a14-8f02-dd03b126ee8a,b0e29963-ee8d-4a22-ae6e-15c7fe1407db,Fully Paid,145552,Short Term,723,1168129.5,5 years,Home Mortgage,Debt Consolidation,10970.22,23,33,17,0,194959,832964,0,0,Y
11238bcb-9271-4128-bce4-0a197a2cda62,cf0f4b83-0179-4a41-949c-439f147ac49c,Fully Paid,266871,Short Term,716,4379215,< 1 year,Home Mortgage,Home Improvements,32114.18,26.1,5,19,0,1959071,6164114,0,0,Y
5c81547e-1d3a-40dc-8505-44f8774623aa,53577bb1-e451-4e5e-851c-fdaedb667c66,Fully Paid,218614,Short Term,723,1168129.5,3 years,Home Mortgage,Debt Consolidation,11894.57,12.7,33,9,0,64619,135564,0,0,Y
4eb071e0-d2ec-419f-8972-e70f53251da3,bde31ca6-3e9e-4b8e-8f34-c94530d0ca37,Fully Paid,266871,Short Term,745,1774676,< 1 year,Rent,Debt Consolidation,22863.84,16.7,33,16,0,483949,1262074,0,0,Y
12558190-5cc4-49e7-acdd-663b3ebf766d,082a4886-264f-4a5e-a563-34bf467a5487,Fully Paid,266871,Long Term,668,624929,4 years,Rent,Debt Consolidation,8009.45,14.8,11,7,0,5928,52800,0,0,N
710ca9cf-1f8b-48c3-98a4-bca4fc7823d3,ec96b122-c216-439b-833a-3f683c587469,Charged Off,391314,Short Term,723,1168129.5,5 years,Rent,Debt Consolidation,19341.05,12.4,33,18,0,349771,433136,0,0,Y
1e0a0237-5122-4728-af5a-68b3658e86dd,0b7ab558-9e37-4bd2-81e1-55a099fdb4e8,Fully Paid,134882,Short Term,738,990223,5 years,Rent,Debt Consolidation,13780.51,22.6,30,12,0,33326,85338,0,0,Y
6bdc2b6b-7ca7-47bc-9875-47c5ab2032cb,eb0579cb-0c08-4b7b-b1ec-f7ba5ef1e95b,Fully Paid,79772,Short Term,703,1569381,10+ years,Own Home,Debt Consolidation,33349.18,20.6,33,19,1,1175549,1824614,1,0,N
0a4e3593-ec9e-4187-92bf-caaabbeb8304,a98bbd37-206d-4f81-a644-dacac1b23e51,Charged Off,216942,Short Term,735,599545,10+ years,Own Home,Other,11691.27,14,33,12,1,159296,312620,1,0,N
d5f53eed-0ef0-40c8-b79c-7d3719a366b2,48e17c7f-648f-4110-b8bf-cb6c55934cee,Fully Paid,64856,Short Term,722,1306991,10+ years,Home Mortgage,Home Improvements,15139.2,24.5,31,4,0,51813,69212,0,0,N
6c5612d1-1f14-4eb6-a0d0-8a129a150305,d14fe087-6ea3-4ed4-80dc-a2fde0fc5389,Fully Paid,171644,Short Term,723,1168129.5,8 years,Home Mortgage,Debt Consolidation,17454.35,10,35,11,0,152551,500368,0,0,Y
51870c89-02a1-497c-be85-af254d001c16,9b2e47fe-07db-4d5f-9ca0-116e650496d3,Fully Paid,195206,Short Term,750,1015588,4 years,Home Mortgage,Debt Consolidation,12830.13,15.4,33,9,0,236170,836286,0,0,Y
b4715c52-bc90-4439-a05c-51ad98e2e649,70d52005-13e3-44e3-8942-f9ba6d920912,Fully Paid,312422,Short Term,723,1168129.5,7 years,Home Mortgage,Debt Consolidation,16836.09,21,33,17,0,426018,510664,0,0,Y
2dd8a6f1-0dfd-43aa-b90b-199e234f3206,b913a3cc-c4c4-461f-8553-7ac2a88410e0,Charged Off,467632,Long Term,726,1148436,10+ years,Own Home,Debt Consolidation,9857.39,16.4,5,8,0,226708,418660,0,0,Y
edd65b40-91ee-4b9d-8ef9-0f12e8f1e238,51d762c9-4b63-4926-ac1d-64eba303d6ef,Fully Paid,221826,Short Term,723,1168129.5,7 years,Home Mortgage,Debt Consolidation,15042.11,21.2,55,13,0,224808,321772,0,0,Y
40f2dfcd-84c1-4b91-a6ec-ac5e96591f2e,40f81e7d-9d14-4bf6-bfc4-a19448221d89,Fully Paid,43714,Short Term,723,1168129.5,6 years,Rent,Debt Consolidation,3642.87,7,33,8,0,27968,152790,0,0,Y
38df8f1d-7107-4ed0-9a42-72f6f9c995db,fb366861-2a26-4a0c-80c4-8fdae26e9099,Fully Paid,555060,Short Term,699,1143610,10+ years,Home Mortgage,other,15152.88,22.2,15,6,0,28690,64262,0,0,Y
4a1b28d3-e120-4f54-b992-ca50b1fd33c8,b4689e6e-45f0-42ab-9ff8-61dc0b02f3f8,Fully Paid,117722,Short Term,723,1168129.5,< 1 year,Rent,Other,19875.52,12,4,11,0,0,0,0,0,Y
1502d692-aa66-4d88-976a-1a9504e3dc54,adfbb01f-2156-471f-87d2-84a91af0d93f,Fully Paid,590414,Long Term,692,1243645,10+ years,Home Mortgage,Home Improvements,4186.84,20.8,33,10,1,94145,502392,1,0,N
adf45bd8-381a-4249-9e2f-af8c7e27e170,4f09dde1-a987-433a-99de-91f3c2d445e6,Fully Paid,189002,Short Term,703,2431962,6 years,Rent,other,24725.08,14.8,19,10,0,108471,156002,0,0,Y
c6af8d76-32be-48ab-bb27-6b72953ea320,86b62db7-9526-4335-a386-063bcd82cb3d,Fully Paid,395538,Long Term,697,747213,6 years,Home Mortgage,Debt Consolidation,17933.15,28.1,78,15,0,621832,1046540,0,0,N
8de9a6c4-afc5-4e7f-b8a2-75d1889377e3,2105a980-75d4-4191-a12b-2e5cc7c18161,Fully Paid,447920,Short Term,683,1005784,6 years,Home Mortgage,Debt Consolidation,7870.18,15.1,33,10,0,230888,286528,0,0,N
30d7a06f-0675-465d-8e81-7d06cb1993b6,d891a41d-f475-49a5-b475-d95b072a451f,Fully Paid,266871,Short Term,726,1199964,3 years,Home Mortgage,Debt Consolidation,34099.11,19,33,31,0,704406,1276418,0,0,Y
b9586b0b-66a3-433c-ab31-069bf6eeecd2,1299f13c-514e-40b1-bb0e-57add6fe3e37,Fully Paid,302588,Short Term,730,1133673,10+ years,Rent,Debt Consolidation,7642.75,25.5,52,10,0,197524,309078,0,0,Y
ddba7c8c-34a5-4242-b5df-9f1c13b4f9bf,64d94dad-740f-4760-bdf6-3562006d7128,Charged Off,785026,Long Term,723,1168129.5,10+ years,Home Mortgage,Debt Consolidation,49394.87,21.7,6,7,0,431224,515812,0,0,N
67fe5e65-100a-444a-866b-0fbf0faebf65,b868e021-151d-4d2a-a19c-95ea92295641,Fully Paid,315920,Long Term,723,1168129.5,9 years,Home Mortgage,Debt Consolidation,70936.88,24,13,17,0,361627,1172864,0,0,N
235da337-b56c-4b00-9457-82d03026ca2c,bde2c558-d1f8-4e9b-8920-ea8241a90ee9,Fully Paid,106106,Short Term,719,954579,3 years,Own Home,Debt Consolidation,4598,10.8,33,9,1,117344,358468,1,0,N
0d7484c8-b52b-46c3-a00c-70fedbc87c85,eeadd70e-80dc-4ebb-96c9-12a616727898,Fully Paid,266871,Short Term,712,652137,< 1 year,Rent,Debt Consolidation,9075.73,20.4,17,11,1,85101,226534,0,0,Y
86e6ca7b-411e-4f4f-af20-9b856b01fa37,c3239d9d-1761-453f-8f32-1740e52d5cdd,Fully Paid,134332,Short Term,723,1168129.5,1 year,Home Mortgage,Debt Consolidation,12567.36,7,29,11,0,128383,297902,0,0,Y
f5392c4d-2938-4560-9128-8099c1369366,82f5b5f0-0ccb-4e8a-8067-c7e34e6771ba,Fully Paid,302764,Short Term,738,1531514,3 years,Rent,major_purchase,13400.7,11,44,18,0,201704,463430,0,0,Y
d6549c85-a1f8-4109-856b-23cf380303ae,3483498c-c247-4329-acec-91aeb5c245ab,Fully Paid,747736,Long Term,646,1538696,6 years,Home Mortgage,Debt Consolidation,20644.07,18,77,7,1,167200,222772,0,0,N
701683ea-9418-491b-9304-120318f6a019,bcbd22b7-3fdf-4de9-8400-10e62f657f64,Fully Paid,216018,Short Term,736,1212656,2 years,Rent,Debt Consolidation,2647.65,21.6,33,6,0,76114,345620,0,0,Y
3d9e8ed1-7293-49a3-8b3b-f80a3af9083c,2b374e0f-e505-479c-9f67-77ca8b1a5261,Fully Paid,132022,Long Term,695,665076,5 years,Rent,major_purchase,6983.26,23,33,5,0,286634,563486,0,0,Y
96a3fa12-d1b7-4200-beda-37b0769337cd,5f99d4b8-6b1e-4c29-a740-c0f12e6f0888,Fully Paid,181346,Short Term,723,1168129.5,8 years,Home Mortgage,Home Improvements,34339.65,20.3,33,23,0,365921,692318,0,0,Y
59bc652f-19a4-478d-9511-6e9ecd561560,6337b5c4-3745-42b2-9bc9-313b66f6d99a,Fully Paid,129184,Short Term,751,1001186,10+ years,Home Mortgage,Buy a Car,12097.68,24.9,33,4,0,386289,989560,0,0,Y
145f94db-fb24-453a-a0b1-c2194082ce28,f41b3508-a8af-4cd4-8b6f-8ed437fb68b4,Charged Off,138160,Short Term,728,691828,10+ years,Home Mortgage,Debt Consolidation,13548.14,20.6,68,8,0,72200,179014,0,0,Y
275165b2-c54e-4611-9333-724578eb215c,5d2aedf5-4d9a-409c-a600-d33f3a04e103,Fully Paid,303688,Long Term,703,950285,4 years,Home Mortgage,Debt Consolidation,14016.68,19,38,19,1,58520,376442,1,0,N
e92c57a8-2731-461f-a717-1f69ffa09abd,a0605c6c-50ae-44ce-b6c0-00819a2bfc34,Fully Paid,175604,Short Term,722,568746,1 year,Own Home,Debt Consolidation,8009.83,31.2,50,8,0,220932,366498,0,0,Y
1925360b-d8a1-4d38-8bd0-0e0cc829958a,8e92af1d-3239-455a-b1a5-9795d4b11bbb,Fully Paid,112332,Short Term,699,873050,10+ years,Rent,other,15787.48,17.2,33,7,0,175978,213356,0,0,Y
47a24a6b-6bc4-406b-8e91-a49709f7203b,5fd1a1d0-ab03-4eb3-89a0-d761f6e2fe09,Charged Off,331188,Long Term,641,1525472,< 1 year,Rent,Debt Consolidation,17924.22,28.9,51,12,0,208506,253858,0,0,N
824c70c2-f733-48b8-81c1-c8df61d2a378,8d9740d1-d26c-4db6-a042-6b8b6465e366,Charged Off,107734,Short Term,729,651301,10+ years,Own Home,major_purchase,3180.6,17.5,17,5,0,65056,269038,0,0,Y
20734eeb-6198-4850-bed8-1629ab51cc66,15f37032-75b5-4dcb-86a0-6a47557cba61,Fully Paid,504284,Short Term,718,989919,1 year,Rent,other,12209.02,11.4,9,17,0,220400,2126674,0,0,Y
85693eb0-7243-44f6-87ca-eb73a2c45a4a,e65846b9-f042-4bfd-84c2-61688ed2ab17,Fully Paid,110242,Short Term,716,914014,1 year,Rent,Debt Consolidation,13481.64,15,60,11,0,62833,112442,0,0,Y
befbf4eb-652c-41c9-b3b9-e959e039a0f0,da105bec-b959-451e-9830-0f01afb1a940,Fully Paid,401038,Short Term,714,1421941,5 years,Home Mortgage,Debt Consolidation,10356.52,15.3,58,22,0,357485,621500,0,0,Y
951edbe3-8f87-4a7f-858b-7937f8d75d3e,e5a50c20-93a3-4fae-a239-fcb0a899b718,Fully Paid,457666,Long Term,723,1168129.5,10+ years,Home Mortgage,Debt Consolidation,7381.31,39,33,4,0,173090,209198,0,0,Y
057d075d-c3c8-43a7-8ea0-324c0db7c823,609230bd-f426-4227-8ad7-3da7233314f6,Charged Off,291258,Long Term,723,1168129.5,10+ years,Rent,Debt Consolidation,19207.29,9,33,11,1,101251,331188,0,1,N
d89689ab-251d-48de-ab83-24acede432c2,cf6e16f5-e498-470e-a26b-be9716e7cee0,Fully Paid,293744,Short Term,686,743318,9 years,Rent,Debt Consolidation,11211.71,16.8,33,4,1,351842,442332,1,0,N
85613288-393a-40a1-a546-b40d63db45a7,f0031fd4-9e59-4661-8ada-f9a9739a90d9,Fully Paid,214456,Short Term,718,1543408,2 years,Rent,Debt Consolidation,35627.09,14.9,54,13,0,140049,337106,0,0,N
b5035ede-893a-4adc-a005-0e5369f7747b,79c14eee-bde2-4138-8d04-a4f4567e85c3,Fully Paid,485782,Short Term,723,1168129.5,10+ years,Home Mortgage,Debt Consolidation,21325.41,12.7,33,8,0,423339,634128,0,0,Y
799369e9-4861-47c6-9cf0-ec2a69c707d1,e3ad961a-dcaa-4f64-9bc8-3b272bc74ef7,Charged Off,672804,Long Term,720,2699976,4 years,Home Mortgage,Debt Consolidation,33299.78,16.1,33,11,0,456836,1147432,0,0,Y
7c310eea-111e-434e-9cae-bc972b6c34c8,6bf8c8ce-4837-4fc7-8c35-fb847a413c17,Charged Off,192214,Short Term,746,1131792,10+ years,Home Mortgage,Debt Consolidation,16127.96,17.8,23,13,0,250268,1038708,0,0,Y
eb2dfa4c-9e05-49e3-bff2-ad882ac5f96a,12edd88d-c4e2-475e-862c-92c7cec78bbe,Fully Paid,391732,Long Term,716,845766,5 years,Home Mortgage,Debt Consolidation,14096.1,15.6,33,11,1,150366,191532,1,0,N
299c1de9-0ca7-4a50-a201-de1b058921b2,3d2ea5a2-7d1a-47d3-89c9-4e3dd926aaeb,Fully Paid,92092,Short Term,723,852188,8 years,Rent,other,10439.17,12.4,33,6,0,124583,142560,0,0,Y
b74992dc-dc85-45f4-b260-3d2045d25cdc,3b9812d3-595f-48ee-baf3-726f3dc117c5,Charged Off,495066,Short Term,712,1766012,3 years,Rent,Debt Consolidation,23693.95,15.6,45,11,0,14991,168432,0,0,Y
cba3d0d3-e56d-48fc-9c20-062bc81fbb27,f822a943-eda5-4a79-bf70-ff28e86d47f5,Fully Paid,614108,Long Term,682,1444722,7 years,Rent,Debt Consolidation,39489.03,14.2,33,14,0,343425,649770,0,0,N
eca6b370-7512-4d90-9374-0359bb3c90c5,ee7af071-be80-42a0-a5c7-0a3c39b2e3db,Fully Paid,214896,Short Term,726,2301337,1 year,Home Mortgage,Home Improvements,20328.48,14.8,33,18,1,190779,563508,1,0,Y
bdf5db29-5bfe-4abb-b920-68c61d7c7ee6,6eb17931-dd7d-4623-a857-09b59b1b0a61,Fully Paid,328790,Long Term,719,1390838,10+ years,Rent,Debt Consolidation,6687.62,14,12,8,1,199253,467060,1,0,N
f3311503-1400-4bfe-85b3-12fb57359163,355dd59f-4903-4bed-a1ad-cc31129457f9,Charged Off,325776,Short Term,739,1312976,10+ years,Rent,Debt Consolidation,23852.41,15.6,20,18,0,319143,1144088,0,0,Y
b5e02319-42f3-41ea-b7ea-51c6e726a2b1,50d28022-f1ce-40ae-986b-0e6abeca85f8,Fully Paid,75328,Long Term,723,1168129.5,< 1 year,Own Home,major_purchase,3401.95,22.7,33,9,0,56772,792000,0,0,Y
09c605ab-e715-4686-8c93-c88efc9673ec,620fec8d-80ff-44a8-b11c-cc63d5b6aacf,Charged Off,266882,Short Term,698,1382915,10+ years,Rent,Debt Consolidation,21976.73,22.5,34,10,0,257678,336006,0,0,Y
aad69578-e254-4151-944b-a27e6c1fb31b,b3d41859-2c02-48e7-a0ae-ff9a4e76ae8b,Fully Paid,171380,Short Term,747,801762,10+ years,Home Mortgage,Home Improvements,9393.98,26.1,44,6,0,3059,354574,0,0,Y
aace3752-f07d-42a9-9235-7e8636d38115,f97a1cdd-7f92-4dc5-bccf-ebe1da480b0b,Fully Paid,225126,Short Term,719,1788736,7 years,Home Mortgage,Buy House,15055.03,19.3,61,21,0,329593,529320,0,0,Y
0407828c-b197-4ca3-bf83-9411548168fa,0bdbef7d-e8ed-4e96-977d-e038a137e597,Fully Paid,266871,Long Term,701,2508095,8 years,Home Mortgage,Home Improvements,32396.33,14.4,47,16,0,432060,756866,0,0,Y
d42d1922-5b6a-4dbe-a333-31afde2d32d7,e08c3d21-9329-4b19-a505-d8f287ccf5a7,Fully Paid,565840,Short Term,734,1582377,9 years,Home Mortgage,Debt Consolidation,39032.08,15.4,33,12,0,434872,840620,0,0,Y
569141d8-8d2c-4d21-bbe8-aacb10499bf6,673bcab3-a781-4dc4-95e0-14a78276e6a2,Fully Paid,155452,Short Term,743,1726074,10+ years,Home Mortgage,Debt Consolidation,36822.95,23,36,24,0,216999,370612,0,0,Y
4e4e94b4-8e5f-4007-82a2-75f1e546ad99,e53e2f03-33d4-4c4c-a387-578ebd999b1b,Fully Paid,134288,Short Term,723,869801,10+ years,Home Mortgage,Debt Consolidation,13336.86,15.4,33,10,0,267007,411664,0,0,Y
1b2b949e-c4e8-4fdd-8a63-0f86b52d449b,354fbe1e-b0b8-4a90-a78e-9efaf9b4cba5,Fully Paid,117084,Short Term,723,1168129.5,10+ years,Rent,Debt Consolidation,12386.1,17.1,33,5,1,10184,92070,1,0,N
84a8c6a7-7582-41c6-8363-2711a250d9a3,fad03dfc-cc27-4955-ba69-93fa069e3431,Fully Paid,285670,Short Term,744,934515,4 years,Rent,Debt Consolidation,6074.3,14.4,33,10,0,192907,474232,0,0,Y
01720b61-fc02-444b-8da5-7af7a018c09b,5350b11d-39c5-4f56-9f46-d8105a481b73,Charged Off,519244,Long Term,723,1168129.5,8 years,Home Mortgage,Debt Consolidation,20140.57,20,48,8,1,414238,811580,1,0,Y
98dc5430-260b-476e-bf1f-d45ad0673510,6298e152-84e5-4dd3-a4cd-41cd40ef58c1,Fully Paid,70136,Short Term,705,946295,10+ years,Home Mortgage,Debt Consolidation,23814.98,23.1,18,9,0,77425,146740,0,0,N
26dc8605-a905-4889-b509-5a5cbd42a84f,a992d10d-d4fb-4edf-8614-98b723f1b435,Fully Paid,594000,Short Term,685,1069966,10+ years,Home Mortgage,Home Improvements,14979.41,8.5,33,10,0,360848,1001968,0,0,Y
e137331e-5f20-4a20-9f12-79a2234fdeee,b6a65f31-489c-4f5c-8957-4f402f07a308,Charged Off,99704,Short Term,723,1168129.5,10+ years,Rent,Debt Consolidation,3333.93,18.5,33,6,1,98211,190476,1,0,N
e1349024-246d-4a8f-81cd-fb5cd0eb1969,916d95cf-2225-4ea8-a273-2ae5567be19d,Fully Paid,268532,Short Term,720,1855369,5 years,Home Mortgage,Debt Consolidation,28912.87,11,15,13,0,159847,404998,0,0,Y
ff6adde3-38d2-4a7b-bfa7-ad0751f9b3a9,d7d34b76-a9ea-40e8-a9bc-9075e9df4361,Fully Paid,335808,Short Term,723,1168129.5,1 year,Home Mortgage,Debt Consolidation,14210.86,17.7,33,11,0,376599,765006,0,0,N
1a9bc7e1-77cd-4bab-8eea-9b2f034b1fbf,c8568b7f-d4d2-4b1a-aa95-a1a4d4e8a3c5,Fully Paid,550770,Long Term,715,4090719,8 years,Home Mortgage,Home Improvements,40566.14,25.8,43,14,0,605226,1101848,0,0,Y
06210ad6-a627-4cf7-85f7-50c333407185,5b0dbf1d-2ce6-4440-b473-3bf5d84cc720,Fully Paid,174548,Short Term,723,1168129.5,6 years,Rent,Take a Trip,6339.54,19.8,33,13,0,4902,1891032,0,0,Y
d9386ee0-425b-48bd-b749-adca4bc4e4f8,5a12f723-b483-4929-aaaf-30c2e840476c,Fully Paid,151096,Short Term,747,1134642,9 years,Rent,Debt Consolidation,18437.98,16.5,33,8,1,101004,622072,1,0,Y
1c45231a-cbd2-407c-afdb-1347eabfab1e,36961187-b092-415f-9572-bcd46a1cfb9c,Fully Paid,460570,Short Term,723,1168129.5,< 1 year,Home Mortgage,Debt Consolidation,26730.53,15.5,75,10,0,316673,528330,0,0,Y
24a921f7-d384-493b-a9a4-55a6eefe45c8,32d06b3a-5a7d-4e40-aa83-c0c51d37cc51,Charged Off,769780,Long Term,702,1519544,6 years,Home Mortgage,Debt Consolidation,26718.75,14.2,33,16,0,399152,1343518,0,0,N
d929a890-ba0b-4b4f-89ef-042bde2c1e5f,86685553-f46b-492d-abad-06d2dc1bc370,Charged Off,171644,Short Term,748,1111728,10+ years,Rent,Debt Consolidation,26959.48,17.2,36,10,0,183844,716738,0,0,Y
02db7f68-4330-4d76-805c-b119f7409245,1efb32da-81dc-489e-b01f-163afdb79fb0,Fully Paid,220968,Short Term,723,1168129.5,10+ years,Rent,Debt Consolidation,8667.23,30.4,33,6,3,333260,565818,1,2,N
2af1e598-4da4-4211-aead-521f4fd2cc78,e5865761-30b2-444c-8b07-1e44a57df561,Charged Off,223762,Short Term,734,618393,10+ years,Own Home,Debt Consolidation,15408.24,28.2,11,19,0,469338,958452,0,0,N
97bbf86f-46dc-4c86-8ac7-8978e4027766,058f0963-9ad6-49b9-84c2-a50d2b283837,Charged Off,522456,Long Term,705,1302469,10+ years,Home Mortgage,Debt Consolidation,35492.19,35,33,15,0,589095,1188330,0,0,Y
c828974b-931b-4414-9a53-2c86e64bed66,6bc47024-31f2-4d20-b5aa-acb09e00b163,Charged Off,448316,Long Term,723,1168129.5,8 years,Home Mortgage,Home Improvements,18487.95,19.5,33,5,0,64182,78474,0,0,Y
d555732b-ffb1-4df5-890b-d7717851c69d,c7179b65-9565-4c66-9a4d-03895d76e770,Fully Paid,616484,Long Term,723,1168129.5,10+ years,Home Mortgage,Debt Consolidation,22659.78,20.6,33,10,0,407474,587554,0,0,N
0ac0e685-7f81-4e30-9acb-c6e3c7252036,eabbf22d-6170-46ce-a511-d8cee63fc00f,Fully Paid,646206,Short Term,714,3069488,7 years,Home Mortgage,Business Loan,50902.14,16.4,31,10,0,738834,911064,0,0,Y
ba0c65b4-7fdb-42fb-b5dc-41eddca265eb,10fad0e9-073d-460c-a41b-b3adf38ca369,Fully Paid,522610,Short Term,728,1067515,< 1 year,Home Mortgage,Debt Consolidation,24997.54,30,33,15,0,759373,953656,0,0,Y
de5d4090-5176-4d8a-9592-df76d7261cef,e344c542-c88d-4067-8fca-c8c4ca3974d2,Fully Paid,325292,Short Term,707,1217349,< 1 year,Rent,Debt Consolidation,25361.39,16.7,60,10,0,298490,366498,0,0,N
05a07410-65db-42b6-b1a0-043006ceaec0,af6f67a1-3a23-4b84-ad7f-716b9c09ef78,Fully Paid,551166,Long Term,725,2878842,10+ years,Home Mortgage,Medical Bills,35721.52,23,33,9,0,243637,657602,0,0,Y
24a4b443-37ec-42bd-a097-53354ab5b52a,1299929d-cf69-401d-9e39-ab96c1ff8a66,Fully Paid,375298,Short Term,728,926041,10+ years,Home Mortgage,Debt Consolidation,17054.59,27.9,17,12,0,319751,433532,0,0,Y
8c9c4a53-05b1-4198-b95d-9c7da2fe839c,7c06a279-9653-4185-961e-39d5fe242e4d,Charged Off,349360,Short Term,723,1168129.5,2 years,Rent,Debt Consolidation,17254.66,19.9,33,17,0,497135,650452,0,0,Y
ee490a6b-8ed9-497e-b4aa-0f741e6c37f0,526b6746-fe75-46ae-a699-ae298cd9c378,Fully Paid,266871,Short Term,728,2362897,< 1 year,Home Mortgage,Medical Bills,15752.52,26.1,33,6,0,62092,305976,0,0,Y
c99637c7-2d4a-4e15-bbeb-4eb1322d82b8,9b324cfb-905c-4cdc-92fb-fd84d475cc10,Fully Paid,387970,Short Term,723,1168129.5,1 year,Rent,Debt Consolidation,12942.99,14.4,12,7,0,248121,355586,0,0,Y
ddd8a613-2056-4a40-afa7-3e0d6aa639e8,887c4c97-0da1-44ca-872d-53c0c0ba04f3,Fully Paid,120670,Short Term,742,654227,2 years,Home Mortgage,Debt Consolidation,6324.15,18.3,33,8,0,282701,743952,0,0,Y
77438918-b3c7-413b-967b-056becaf6fed,9a11bbae-5df7-4840-8364-ce28852805f7,Fully Paid,162932,Short Term,748,844227,6 years,Home Mortgage,Home Improvements,13380.94,19.4,33,8,0,139555,299244,0,0,N
67d1a567-63ad-4dac-9abd-60fcd744c060,87efeab2-2997-4005-a7aa-9b2cc908c1c6,Fully Paid,520542,Short Term,743,1251435,4 years,Home Mortgage,Debt Consolidation,25132.82,15.7,33,14,0,593769,887128,0,0,Y
2ca16db4-8279-4bc1-bb02-180503c8d127,d33a364a-0d38-4af3-9011-dde304127abd,Charged Off,298760,Short Term,723,1168129.5,10+ years,Rent,Debt Consolidation,11952.14,17.3,63,9,6,191786,329494,5,0,N
dccbc248-9d71-4caf-aeab-4ce50b87aaaf,577ab45e-47ee-4be2-af61-2d944512c5fb,Charged Off,391248,Long Term,669,1392719,10+ years,Home Mortgage,Home Improvements,33773.26,14.9,33,18,0,336775,432784,0,0,N
9d5ceb8d-4cf9-4826-b0a8-4ac0b08f8c1e,fd46e5bd-361b-4cb1-a1de-4f570524a605,Fully Paid,523292,Long Term,723,1168129.5,10+ years,Home Mortgage,Debt Consolidation,31635.95,27.4,82,15,0,634334,1268564,0,0,Y
cb7e22f4-33ff-4793-a9ca-bb42bea4fcbc,10abd023-2f6d-4bc3-9ff1-fa84b3fc061d,Fully Paid,108834,Long Term,704,1447344,8 years,Rent,other,11168.58,11,31,4,0,48868,239778,0,0,Y
0b8edb54-7515-4cf1-a0e9-1a6e61cd1cdb,8ad11744-c94f-4f7b-8038-42bffadbedb7,Fully Paid,333608,Short Term,723,1168129.5,10+ years,Home Mortgage,Debt Consolidation,9243.5,14.6,33,9,0,135394,875798,0,0,Y
f64de372-c690-4140-9cf4-fc214ac54d7f,e8307e3f-f70f-4d02-b418-18734b746017,Charged Off,264616,Long Term,731,1333059,10+ years,Home Mortgage,Debt Consolidation,23995.1,24,33,8,0,289864,509300,0,0,Y
276f0c58-3bfb-4920-bcac-3ddae420d8f3,49e7490e-5847-4541-9d62-c8a2b757cfdd,Fully Paid,266871,Short Term,749,677635,2 years,Home Mortgage,Debt Consolidation,16302.95,20.1,33,8,0,205428,376948,0,0,Y
284d2411-53a9-415f-87b0-6d3efbeb5e7f,2bdf4410-bfb6-448f-8337-63e6fd01a7e0,Fully Paid,549516,Short Term,723,1168129.5,3 years,Home Mortgage,Debt Consolidation,30016.77,22.3,69,10,0,481232,1061390,0,0,Y
d916100a-a5e9-4376-8429-bfc229a94684,f3cc5aae-b846-4e4d-a5c7-8bf25cf95c14,Fully Paid,356290,Long Term,723,1168129.5,6 years,Home Mortgage,Debt Consolidation,26534.64,13.8,33,9,0,334343,427768,0,0,Y
3b408604-998e-42c2-ae3f-fa00cae6f725,3319838f-c476-40ed-b142-a5ad9a2813d7,Fully Paid,155254,Short Term,730,1448028,10+ years,Home Mortgage,Other,15928.46,18.7,33,14,1,282131,540870,1,0,Y
c755d500-8686-4cf7-b63e-e06cd9b0f0a2,47eadf69-2fea-43f2-885c-a76f7c92d7e1,Charged Off,109692,Short Term,735,625252,5 years,Rent,Debt Consolidation,5679.29,17.4,71,9,0,99180,256916,0,0,Y
4ff5b0f8-5a97-4c39-aa74-7722f75cb0ab,cd85fc71-a410-492e-a260-dfd660a31b30,Fully Paid,312818,Short Term,740,1088111,6 years,Rent,Debt Consolidation,20220.75,11.3,33,6,0,356117,556468,0,0,Y
0ea1ae8e-940b-496d-bd2c-13bdc94cc58e,979675c7-4cb6-497d-9941-9ed2562c6c60,Charged Off,414414,Short Term,740,813732,5 years,Home Mortgage,Debt Consolidation,4428.14,9.2,33,9,0,87286,279202,0,0,Y
5b9f1767-1dbb-49d3-9a1d-a1241afbd93f,278914f0-fe04-49cd-844d-a6dd8476b600,Fully Paid,43824,Short Term,720,408709,10+ years,Home Mortgage,Home Improvements,8106.16,26,9,7,0,227278,359502,0,0,Y
6889d05f-ca1d-47e7-ae1f-2a9230619005,71a86951-50e3-43ab-9d06-87d7bc264e33,Fully Paid,172700,Short Term,723,775542,10+ years,Rent,Debt Consolidation,19840.94,14.9,33,12,1,109269,213708,1,0,N
1dd8d981-c272-4b16-a5d0-f6b1126566d7,e035819f-64aa-45a1-b86b-335bb4979f3f,Fully Paid,64988,Short Term,723,1168129.5,10+ years,Rent,Debt Consolidation,7577.96,23.1,33,9,0,5833,1126620,0,0,Y
82bf3e43-bd58-41f5-b379-2c1fe320f410,480ecd21-b00e-4bf9-8547-7b5269d05ede,Fully Paid,269104,Long Term,715,1297567,10+ years,Home Mortgage,Home Improvements,13624.52,20.3,48,20,1,182020,609158,1,0,N
b7daae46-117c-4abf-800d-e35757c8e8c3,840763ec-bdab-4bb2-ab0a-87c037c3a378,Fully Paid,327096,Short Term,735,903982,2 years,Home Mortgage,Debt Consolidation,25612.57,17.9,33,17,2,178524,410124,1,1,N
547ac17b-a0d6-41a6-af2a-db0694165da4,b2892b2c-c302-41a1-8a6a-1a52338fd2b1,Fully Paid,449636,Short Term,721,2524093,< 1 year,Rent,Debt Consolidation,20339.88,16.4,33,17,0,523697,1295668,0,0,Y
32200a7e-c65e-4e5e-9878-1161d256bcfe,64dcd3aa-3c82-4c70-929a-a83d249d894a,Fully Paid,266871,Long Term,689,866799,9 years,Home Mortgage,Debt Consolidation,3676.69,14.1,7,4,2,86051,167750,2,0,N
fe95dd80-c0b8-4323-bf8d-bfc96799c5e1,77c6b54a-a0a3-4dda-8ac2-2af5988846f5,Fully Paid,214566,Short Term,694,965105,7 years,Rent,Debt Consolidation,8525.11,14.8,33,5,1,127452,163064,1,0,N
3902d23e-05bd-4f41-8ce5-fb67a186a358,4c7abe43-507b-4d01-b3ec-b46b82ecbe04,Fully Paid,306064,Short Term,723,1168129.5,4 years,Own Home,Other,5997.92,18.3,33,3,0,321784,412610,0,0,Y
5b4dcecf-7c2e-440b-9193-c62481b2b50e,8c97d885-83ad-4b64-b5a6-92c4ccbeb48d,Charged Off,438636,Long Term,723,1168129.5,10+ years,Home Mortgage,Debt Consolidation,21876.98,14,33,18,1,189601,359898,0,1,N
943013b5-5876-48a8-a27e-ae2a7da5a951,d11855a2-35f1-4370-bf82-1e1e7fe6d817,Fully Paid,87252,Short Term,746,1789667,2 years,Home Mortgage,Debt Consolidation,16121.88,14.6,33,9,0,315609,609070,0,0,Y
7ca088ee-60cc-4898-a042-c5f02907a60d,baf401b2-5313-499c-9ae3-1d9369c37d3a,Fully Paid,143506,Short Term,739,896135,9 years,Rent,Debt Consolidation,13740.61,10.4,33,12,1,148504,428824,1,0,N
2d9c5ef7-835f-481c-86c5-ec9593ece473,47e8c33f-5923-45a9-b5b7-30fd03cf1543,Fully Paid,183348,Short Term,723,1168129.5,2 years,Rent,Debt Consolidation,8708.65,19.4,33,5,0,154470,436260,0,0,Y
e70fbdb4-5aff-4717-ba28-a268150c23ea,6134f961-2dd3-4773-806c-33289517dddc,Fully Paid,92642,Long Term,689,571539,2 years,Rent,Home Improvements,5924.96,12.1,10,6,0,26961,90464,0,0,N
2aba896c-d65f-4b0f-aa33-2b67a4cb4cf7,8d25ce7b-92be-4ff0-a134-f3398fb4624e,Fully Paid,214874,Long Term,731,1540254,10+ years,Rent,Debt Consolidation,19766.65,13.5,2,10,0,155477,346214,0,0,N
a0b01a44-36b8-4942-8e97-482e8a9a08da,deed9021-d878-4200-b8f4-94f4c63b9b01,Fully Paid,372196,Long Term,665,1243645,5 years,Home Mortgage,Debt Consolidation,10778.13,16,33,6,0,147269,212608,0,0,N
89074ec4-6323-4afe-a6d0-0e1aac0eeb7f,ab10e32a-c187-4313-b9cd-9e210ce93bdf,Fully Paid,153780,Short Term,710,531202,3 years,Own Home,other,8632.08,18,33,8,0,72637,426976,0,0,N
41528397-7640-4dfe-b177-d0bb4bbc3ff1,2d658da1-af60-4906-a23e-dcbac33d95b9,Fully Paid,787644,Long Term,683,1749159,10+ years,Home Mortgage,Debt Consolidation,24634.07,22.1,5,17,0,362406,670340,0,0,N
f86c7272-8f66-42dd-a25b-be7edd2b7133,f70e194c-3df7-4ebe-acfb-388cac5fcfdd,Charged Off,222816,Short Term,725,1520209,7 years,Rent,Debt Consolidation,12491.17,17.5,28,7,1,71079,104720,1,0,Y
b5903ce2-2e2f-4789-9943-fae85aa86da5,2e958113-d15b-479c-a3bb-35ec85460817,Fully Paid,266871,Long Term,718,3186889,10+ years,Home Mortgage,Debt Consolidation,30540.98,26.9,2,14,0,598139,872256,0,0,Y
7e170e39-4479-4d26-a949-ed96f3579fc7,5d4cc1e3-7890-401e-9760-2a1dafb7d00c,Charged Off,268730,Long Term,681,1218432,2 years,Rent,Debt Consolidation,19819.66,16.3,33,6,0,265677,383086,0,0,N
303d4cd4-23bb-4447-8e08-abd62c0f6842,074de4c9-5e54-4934-a6a6-d7360b12f651,Fully Paid,225214,Short Term,723,1168129.5,6 years,Rent,Debt Consolidation,18186.04,12.9,33,10,0,131917,669922,0,0,N
516355d7-1fc3-4a6a-9eed-6b2122a3d611,176596bc-30a8-4b95-8cb2-f4ff24e3bd7e,Charged Off,179432,Short Term,723,1168129.5,9 years,Home Mortgage,Debt Consolidation,22775.11,15.7,68,27,0,307154,545468,0,0,Y
8521048f-5013-4fbe-8ef2-d4f99b33195d,1278e0fd-cc5b-4e65-8282-f9ace5e87bf4,Fully Paid,479490,Long Term,680,2032924,10+ years,Own Home,Debt Consolidation,29477.36,12.8,33,16,0,674956,1289640,0,0,Y
a82a8569-177b-4069-b337-92c38e4cb62d,da7d3376-3992-4068-bc29-a20929c64ed2,Charged Off,464904,Long Term,723,1168129.5,< 1 year,Home Mortgage,Debt Consolidation,19700.53,32.1,33,12,0,402173,1065592,0,0,N
39322b06-9dbe-481d-8d65-c06f778a1e4d,3720e858-cf85-4876-88c6-2d1662b2899f,Fully Paid,458700,Long Term,723,1168129.5,7 years,Home Mortgage,Debt Consolidation,13455.99,35.4,28,10,1,212173,486508,1,0,Y
c19b406f-eead-4133-8ce0-bf2e330431ae,aabf4f9d-13ce-47f7-b65b-1930d66a1a33,Fully Paid,266871,Short Term,726,1058167,4 years,Home Mortgage,Debt Consolidation,14285.34,12,5,14,0,192584,665676,0,0,Y
c3e2cd6c-bc84-4314-80b2-b2a0b1d64fa5,653ec81a-ef1d-4033-9b7e-cb17ac527ccf,Charged Off,760298,Long Term,654,2251272,5 years,Rent,Other,20261.41,14.7,33,10,0,651358,836132,0,0,N
982fb165-0a1f-4a4f-9ea9-d87cd2a173e5,57edc3a9-1995-4333-b173-a45504ac7a1e,Fully Paid,151822,Short Term,723,936605,4 years,Rent,Debt Consolidation,7625.46,12.1,28,3,0,49495,119372,0,0,Y
0a7a26cd-1bf5-4ff9-bf9b-0becbc3533f3,22e6fc82-11a7-4da1-939c-ec3c8101d698,Fully Paid,46486,Short Term,747,420679,1 year,Home Mortgage,Debt Consolidation,8974.27,26.1,33,16,0,240103,476080,0,0,Y
cda6122a-bc1a-4321-9bb4-05a3de2dc803,e9e768e1-c7b5-464e-8c30-5edd4afcf4d7,Fully Paid,266871,Short Term,735,1575575,5 years,Home Mortgage,Debt Consolidation,12000.59,14,27,16,0,137864,232364,0,0,N
59604af3-b485-4d9d-aa57-adedc0311786,6025af4b-cdab-4afc-9a6f-d54be33360b2,Charged Off,562826,Long Term,699,1060884,10+ years,Home Mortgage,Debt Consolidation,25107.74,21.4,14,12,0,442757,845988,0,0,N
908341c8-439c-40a5-8081-48aa0da755de,e3c0b9f3-6eda-4c0f-adc8-2e11dc28ec6f,Fully Paid,168102,Short Term,714,427272,5 years,Rent,Debt Consolidation,13815.28,9.9,14,18,0,122227,550660,0,0,N
6bae1354-a7c5-4829-bd7d-0488a845da14,e9ad91de-370e-4ae5-bd9d-f7fc538a5a79,Fully Paid,266871,Short Term,719,613415,9 years,Rent,Debt Consolidation,14210.67,16.5,33,10,0,271928,511148,0,0,N
0838f4c3-89be-407b-9397-5bcb295646cb,c1498408-335b-4499-86a7-0c4760a29a5b,Fully Paid,266871,Short Term,726,742824,10+ years,Home Mortgage,Home Improvements,19127.68,18.9,11,15,0,265867,354662,0,0,N
f93781af-5669-4126-aba4-1669f047e40f,6dcac565-9aeb-4a3f-b1dc-b9e9ea2bfb08,Charged Off,218284,Long Term,721,1319626,10+ years,Rent,Debt Consolidation,13086.44,14.6,33,4,0,436012,873444,0,0,Y
c2716d42-2956-4927-92ad-2bc7415a4ee7,2b38d634-6d1b-438e-b614-3b3dbac96d48,Fully Paid,387310,Long Term,708,1368418,10+ years,Rent,Debt Consolidation,14368.37,22.9,24,3,0,234422,380688,0,0,Y
5e48ff02-5f7c-47cf-acc3-160f0b71d008,dae190eb-1c33-4458-b34d-c14d915ab118,Fully Paid,266871,Short Term,733,1383599,10+ years,Rent,Debt Consolidation,22944.59,17,17,9,0,108661,149072,0,0,Y
d79a10d3-791a-4f24-96aa-7fb42d5d8ceb,9377bdfc-c01a-4b7f-9dcd-6e6155cce7e8,Fully Paid,334092,Short Term,737,1442670,10+ years,Home Mortgage,Home Improvements,16350.26,26.5,21,10,0,95950,178310,0,0,Y
28068f6c-8aed-43f7-9711-388653473c42,46c28ad4-17c7-4e10-9d9f-f36bfa3dc44f,Fully Paid,776776,Long Term,702,2491736,10+ years,Home Mortgage,Debt Consolidation,42774.89,29.9,33,14,0,941963,1076702,0,0,Y
c2368590-f785-4b67-af64-765fad8f45bb,035d46fb-9903-4e90-9954-fb605622d539,Fully Paid,274274,Short Term,747,1540672,3 years,Rent,Debt Consolidation,8640.63,7.8,33,10,0,104538,500170,0,0,Y
7622fb6a-3f71-4686-a0d3-950ab6502e0a,5c9ece92-1798-4d26-8813-1b2094ac4624,Fully Paid,268928,Long Term,723,1168129.5,5 years,Own Home,Debt Consolidation,16369.83,25,88,14,0,253688,551122,0,0,Y
c5a1a3e9-da4a-4c9e-8d29-2907c613b82f,a239a831-642f-4cf8-926c-beac6ee5f36d,Fully Paid,448712,Long Term,696,1264602,10+ years,Home Mortgage,Debt Consolidation,33722.91,16.7,22,28,2,328054,895906,0,2,N
02e61d35-f990-467e-9b0d-9bc78de9b594,9f971c03-73fa-4cb0-9b71-95eb9a8ff399,Fully Paid,172040,Short Term,705,722988,3 years,Rent,Debt Consolidation,5850.1,11.4,22,8,0,142082,413358,0,0,Y
2a4f1d12-e4a3-4184-bc45-cb337a6560f8,70187894-7f5b-4101-90d4-62c4b925c1f0,Fully Paid,67584,Short Term,716,856140,10+ years,Home Mortgage,Debt Consolidation,9417.54,12.3,48,9,0,198265,565422,0,0,Y
e41891b4-fab6-45a2-8a31-f32248813af5,f3aeb64c-5712-43d3-9896-6eab7adbdc6c,Fully Paid,258060,Short Term,695,1634380,10+ years,Home Mortgage,Home Improvements,3895.19,19.4,20,8,2,50787,187308,0,2,N
940bcd33-ad54-4a2a-942a-f6f9de22271b,1df19f58-466d-4753-b28f-4a67e833fa3f,Fully Paid,188606,Short Term,723,1168129.5,8 years,Home Mortgage,Debt Consolidation,24487.01,26.3,59,11,0,638552,885456,0,0,Y
99079569-4412-403e-989c-3dac93ca2762,aac67f72-fe21-4656-b675-af81e6d1c4ac,Fully Paid,196658,Short Term,732,650655,< 1 year,Rent,Debt Consolidation,15073.46,15,33,7,0,190684,307934,0,0,Y
15997c95-3d2c-48a8-95e3-b7ecb7e872cc,d507e397-ea02-479b-a9b4-db17514ad722,Charged Off,552442,Long Term,723,1168129.5,10+ years,Home Mortgage,Debt Consolidation,17821.24,13.8,33,8,0,596486,845394,0,0,Y
6af1467f-0395-4dfd-b418-118ef4f5c80e,aac6059a-0c38-43a0-ba58-f95367667bbc,Fully Paid,267652,Short Term,723,1168129.5,4 years,Home Mortgage,Other,1035.31,14.5,33,5,1,40945,338712,1,0,Y
09e282d9-1bd6-4549-af0d-99cc99ac2a22,4b9c2fe5-8953-4cb4-8b40-610ad7223e8f,Fully Paid,266871,Short Term,743,774060,3 years,Home Mortgage,Debt Consolidation,17093.73,16.7,33,12,0,486647,1006236,0,0,Y
03ebdb06-2132-41c7-9639-fd6de558ccfc,3bae464f-b995-470a-8f0d-29826f10756e,Fully Paid,335720,Short Term,728,966435,8 years,Rent,Debt Consolidation,9181.18,8.7,30,12,0,226974,722018,0,0,Y
45175d42-cc48-4526-b1c0-d8327318a97c,d05e0fef-0b8a-4f1b-bffe-24f3fe30bf42,Fully Paid,178508,Short Term,739,2312604,1 year,Own Home,Debt Consolidation,21777.04,21.3,18,9,0,134216,636878,0,0,Y
10fd6dff-7c9d-4e6e-a7e5-268ea4b3c8fe,6bc91a19-3e02-4ac7-8951-914fa7c139c5,Fully Paid,346258,Short Term,742,1626058,10+ years,Home Mortgage,Debt Consolidation,4634.29,15,74,8,0,307724,525514,0,0,Y
0a66ae7f-0f96-4daa-94c2-ee253c7f61d1,7bed6288-37f6-473c-8a6f-6b76491aa4f3,Fully Paid,132968,Short Term,728,880460,10+ years,Rent,Debt Consolidation,9465.04,21.9,33,9,1,107578,177936,1,0,N
189c8bdb-514a-4d2f-af9e-c386e973eb51,8f31d7d2-e50b-4071-97e5-718e956f3632,Fully Paid,218900,Short Term,748,1890500,1 year,Rent,Debt Consolidation,12745.2,10.8,39,9,0,171551,928180,0,0,Y
94d1e8d0-baed-4dc0-9616-39f05c4f8bbf,9305ecb1-87c6-4046-8326-fd16ca5e5800,Fully Paid,510334,Long Term,718,900239,1 year,Rent,Debt Consolidation,15266.5,23.6,33,8,0,361665,549582,0,0,N
e1639404-0ea3-4269-9c9e-2bab0cefb8ed,4468f98f-a921-4524-bc8e-eded86ec4b10,Fully Paid,759308,Short Term,680,2950909,< 1 year,Home Mortgage,Home Improvements,30738.77,28.3,33,14,0,692075,1282138,0,0,Y
84c338fa-1f69-4d7e-87f4-760b0832a94b,3bf47435-6990-439e-bd56-f0bcf7c913be,Fully Paid,132550,Short Term,654,622478,5 years,Rent,Debt Consolidation,14213.14,15.6,19,14,1,178391,320760,1,0,N
3a2e346a-aaa1-4a3b-8361-074b55606d4a,93863691-c7ed-4af7-b53e-a85570383460,Fully Paid,307538,Short Term,739,1043442,6 years,Rent,Debt Consolidation,22259.83,9,33,10,0,170525,399674,0,0,Y
04ea501f-c799-4996-88cc-a74df1bc4881,9443557f-17dc-4de9-9eb5-621c3046dd24,Charged Off,582912,Long Term,685,1411472,6 years,Home Mortgage,Debt Consolidation,10162.53,14.7,48,12,0,373255,1445422,0,0,Y
4f85fb8b-cafc-432c-893a-0f9fd64bac8e,d3945e29-69fd-4c57-8b07-e5152ebc33f0,Fully Paid,98252,Short Term,725,1602897,10+ years,Home Mortgage,Home Improvements,34328.63,34.3,33,15,0,335825,430144,0,0,Y
ce3231d7-6f8b-499e-9b4d-7a60673620aa,959ea3bc-40c4-41a1-a9c8-1546076db243,Charged Off,241538,Short Term,723,1168129.5,4 years,Home Mortgage,Debt Consolidation,12057.02,38.5,33,18,0,391837,790438,0,0,Y
4c1d5195-f43a-44af-8322-f831800ce490,e849b404-a91e-4ffe-92f1-2a06e99d65a6,Fully Paid,751300,Short Term,716,3614978,6 years,Home Mortgage,Debt Consolidation,72600.71,11.9,69,29,0,957752,2128522,0,0,Y
80c49eaf-2e3c-47cf-88f0-50a561deb4b6,328c2ba0-7bab-4cc6-839f-5b282bc7d38a,Fully Paid,248248,Short Term,710,618089,10+ years,Rent,Other,6953.62,12.8,77,6,0,51585,136378,0,0,Y
b655d197-4e0a-46c3-a0bf-4a0f3d1a4e89,4b0824a8-9ef4-4e93-889d-d120ebe5c5e1,Fully Paid,82126,Short Term,717,2015672,1 year,Rent,Debt Consolidation,23180.38,24,33,8,0,157016,242088,0,0,Y
90b45e18-efd2-43d0-a58d-c44a1de06149,b8eb74b6-c4b9-488c-93f7-e8ace0d5c2db,Charged Off,108834,Short Term,723,1168129.5,< 1 year,Rent,Debt Consolidation,13392.72,16,33,10,0,224428,315766,0,0,Y
dab6f896-a839-4142-a207-5186f936dcfc,84afbad5-a16f-4af3-b4d8-37d475b540fe,Charged Off,523204,Long Term,739,1694439,10+ years,Home Mortgage,Debt Consolidation,28240.65,19.6,33,10,0,339055,594836,0,0,Y
1ba81300-8916-435a-a560-81abdee51b02,5fa9ee40-8421-4e44-92de-a7757ca04f8a,Fully Paid,150744,Short Term,723,1168129.5,3 years,Rent,Debt Consolidation,17297.22,14.5,76,9,0,171893,318956,0,0,N
e32f442a-5635-4248-9b7d-66937d3ebaec,194c82b6-29f1-4093-b80a-94469e3d395d,Fully Paid,266871,Short Term,749,800280,10+ years,Rent,Debt Consolidation,8336.06,16.9,33,7,0,288895,899228,0,0,Y
83fb074a-8a61-40cb-acd0-866b12b042b5,40a57661-77a5-4732-8166-f2d081e8822b,Fully Paid,223784,Short Term,723,1168129.5,8 years,Own Home,Debt Consolidation,18060.07,31,14,14,0,399000,1279784,0,0,N
f2aa6645-bee7-4091-b6a3-220181a96dd5,3d7b5458-384f-455f-a978-08c41a3f2856,Charged Off,477818,Long Term,723,1168129.5,10+ years,Rent,other,8310.41,21.3,33,12,0,65265,469348,0,0,Y
3231d368-41c1-4cc6-9bc2-4428e7c5c730,89a75574-61d1-41f9-90cc-738ada12ab9c,Fully Paid,266871,Short Term,740,2128152,10+ years,Rent,Debt Consolidation,43449.77,28.6,33,8,0,521759,808764,0,0,Y
d7ed1789-3c58-4074-bdd3-493c5ddc85fb,df7bea99-4e87-4c5e-8f76-9c2c4d147e01,Fully Paid,332970,Long Term,723,996892,< 1 year,Rent,Debt Consolidation,19190.19,12.8,33,14,0,209836,310684,0,0,N
b32ab228-9786-4050-ad1d-e4132061548a,3d2d4c23-a350-43f2-a0ef-97db8d22aea4,Fully Paid,267608,Short Term,723,1168129.5,3 years,Rent,Debt Consolidation,49354.59,16.2,16,12,0,374224,743270,0,0,Y
714392f3-5d73-48ed-a98e-2877807e9ad2,ae8d0ebe-205f-48a3-90ca-fb64306c80a0,Charged Off,216238,Short Term,723,1168129.5,10+ years,Home Mortgage,Debt Consolidation,5168.38,31.7,33,2,0,155629,237710,0,0,Y
6e7f3f07-c7e8-417a-937e-4ece1ede586d,d27046bf-979b-40ed-b0c6-4e43b4c24d6e,Fully Paid,351516,Short Term,723,1168129.5,9 years,Home Mortgage,Home Improvements,38737.39,16,33,26,0,562419,1528736,0,0,N
bd0de5f6-d42c-4c09-9b58-7971bdda73d2,ea3c5f6d-1d77-4d32-89ff-d31291001e7e,Charged Off,481470,Long Term,722,717630,4 years,Home Mortgage,Business Loan,13850.43,18.5,33,13,0,326097,733172,0,0,Y
ad6bdd74-4f48-446f-9ebd-045b7feebcfb,bda04956-9b63-4c91-a93b-6e6b85f45483,Fully Paid,215468,Short Term,723,1168129.5,3 years,Rent,Debt Consolidation,19353.02,14.5,33,10,0,235334,318714,0,0,Y
1aa3d2fe-e5f3-45f1-9eb1-c33385748452,710ccb54-2251-4dd0-a366-9c5777018558,Fully Paid,154594,Short Term,722,434853,10+ years,Home Mortgage,Debt Consolidation,2290.26,33.7,23,8,2,67792,130372,1,1,N
133d9fdb-c817-4687-a162-177c68aa09c5,db4a19fb-f3b0-4098-bc2b-23c7bc4d8d76,Charged Off,367796,Short Term,710,1172566,5 years,Home Mortgage,Debt Consolidation,34101.96,11.5,33,12,0,338352,590018,0,0,N
e373bd7e-2ab2-4b3f-b8ca-617e6991db79,53b0f0d1-f02e-4e23-8f8d-389313b665d3,Charged Off,769230,Long Term,738,2694257,10+ years,Home Mortgage,Debt Consolidation,10081.02,27.1,38,6,0,210349,727056,0,0,Y
6c830d90-0c07-4bca-8ae6-63da23ecb105,217d696e-f89d-4b34-bb0e-671eaa8fdcf9,Fully Paid,108988,Short Term,723,1168129.5,10+ years,Rent,Debt Consolidation,6395.78,22,33,13,1,94734,314270,1,0,N
3549cd99-034a-49af-9d8e-e3eb2d9fb7e4,2191e828-577b-4210-a501-e7de13aac82d,Fully Paid,353826,Long Term,723,1168129.5,2 years,Own Home,Debt Consolidation,13120.83,20,16,2,0,200355,245498,0,0,Y
aa19ce38-6b65-409f-b0f1-0c91806bd15f,8cc45685-d0d8-4a7f-945b-5d703cd36dda,Charged Off,348722,Short Term,723,1168129.5,4 years,Rent,Debt Consolidation,5872.9,19,72,10,0,340860,568678,0,0,Y
a3395bf2-7e61-44c4-af78-b0b6831195e8,857ca84f-1696-49b2-91cb-a7e12a824a24,Fully Paid,333168,Long Term,682,1163750,5 years,Home Mortgage,Debt Consolidation,24632.55,8.5,33,21,0,325109,484484,0,0,Y
63643290-a018-4c24-959d-687e40f3d6f0,9379820c-d2ab-4433-93c9-576e1350a297,Charged Off,752840,Short Term,723,1168129.5,4 years,Own Home,Debt Consolidation,39159.95,29.5,37,13,0,746624,979066,0,0,N
348c2471-999c-49e7-9a96-5bbd6733a597,30213973-3e39-4472-916a-06e375bd3fac,Charged Off,180180,Short Term,723,1168129.5,5 years,Rent,Debt Consolidation,8597.12,25.9,51,4,0,169309,306328,0,0,Y
90de3024-17c9-4d5a-a72c-0c93b1727475,967cf3f5-6e9c-4819-8a89-4b6e3ec6770f,Fully Paid,667062,Short Term,725,1843513,10+ years,Home Mortgage,Home Improvements,31800.68,18.5,33,17,0,148200,1372734,0,0,Y
73241c5a-75b0-4040-8c15-01c678fa6821,e9756027-6058-4a39-b52b-d2ac5f6646f3,Charged Off,181984,Short Term,693,562932,10+ years,Home Mortgage,Debt Consolidation,15434.08,22.5,4,14,1,72257,228624,1,0,N
70d9a2b3-2dc2-4ebb-a23d-5ea3f50e3d4e,c11b696d-457d-457f-94e2-daa36cd68831,Charged Off,382690,Short Term,730,756504,2 years,Rent,Debt Consolidation,17147.5,13,78,10,1,165699,436018,1,0,N
fa73fc69-932c-46d6-a04e-ab7c554aa9f0,e27b5bfc-6f93-48d0-970f-59341606062e,Fully Paid,142186,Short Term,705,793459,1 year,Home Mortgage,Debt Consolidation,16464.07,28.9,62,8,1,85291,216590,1,0,N
5866cf29-0c15-45a8-8640-ea92755bc734,04777e65-e65b-4149-85fc-89556cbcec96,Fully Paid,225830,Long Term,681,2250360,7 years,Home Mortgage,Debt Consolidation,27004.32,18.9,33,11,1,270579,417758,1,0,N
52d490ea-d535-402b-8053-77a9fa9ce78e,9ea59c8a-5b3a-44a0-90ce-a6f2fe804463,Charged Off,469898,Long Term,723,1168129.5,7 years,Home Mortgage,Debt Consolidation,19131.67,38.9,33,21,0,478743,1047882,0,0,Y
30a1d6ad-ab31-4497-8eef-d07ec3ef79fd,47119274-b8d3-4d74-9d75-76133ad54025,Charged Off,466884,Long Term,723,1168129.5,2 years,Rent,Debt Consolidation,15157.06,8.3,33,11,0,287375,458964,0,0,N
d8dcdd31-2584-4465-8ffc-617be83e5c4a,e2e5e73d-e22c-469d-809c-8a33f2efb493,Fully Paid,266871,Short Term,721,976942,5 years,Home Mortgage,Debt Consolidation,9280.93,15.2,7,11,0,130891,315744,0,0,Y
cd3332ac-d9eb-430d-9725-d3f27d79b9d8,b760d32b-ef0b-4a56-89fb-256637ba5488,Fully Paid,266871,Short Term,737,764712,10+ years,Own Home,Other,9272.19,18,11,10,0,23218,312488,0,0,Y
b2517a30-2ef9-48a4-90b6-4e3d2f8d1bc7,b8b310d6-accc-42fa-8f4d-4a8481c4b7cc,Fully Paid,266871,Long Term,723,1729323,8 years,Home Mortgage,Debt Consolidation,22625.39,22.2,43,19,0,197562,1906322,0,0,Y
017727db-6abd-46c4-9209-6ec04bf2493c,0f58de51-9c4a-4a09-9ebf-25b35fccb543,Fully Paid,403810,Long Term,674,1375581,2 years,Rent,Debt Consolidation,13182.58,28.4,6,9,0,215422,376794,0,0,N
4b972c2b-27f1-42fe-998b-c1563409696b,078f7f4d-bdb9-4c11-944e-657bf9b5a333,Fully Paid,133496,Short Term,709,480415,6 years,Rent,Debt Consolidation,11209.62,17.5,40,12,0,65018,173448,0,0,N
e86bfd72-fe27-4a4d-8aad-d9abd61588af,18672bb4-e1e4-4e7c-aa98-2fde18bf316c,Fully Paid,40524,Short Term,719,671194,10+ years,Rent,major_purchase,10515.17,11,33,14,1,380,450296,1,0,N
bdaef2e8-e26b-4b3f-9ca4-aabbe5bd54d1,fe6a921b-f70f-4901-ad30-1c15b6bf5f27,Fully Paid,455400,Short Term,732,1375581,10+ years,Home Mortgage,Debt Consolidation,23384.82,19.7,69,7,0,186352,242198,0,0,Y
5e739365-e604-4ea7-9404-47d2162f0bc6,9a92cfc9-0786-4873-adeb-67991ee049dc,Fully Paid,540430,Short Term,740,1493552,10+ years,Home Mortgage,Debt Consolidation,16130.43,20.5,33,11,0,314222,1467092,0,0,Y
26ac6d1e-40d4-4fff-a862-fefa5040c32b,fae73d75-089a-4406-9c2b-94c37baa8009,Fully Paid,299420,Long Term,677,836589,7 years,Home Mortgage,Debt Consolidation,6748.42,22.8,39,7,2,99142,204622,2,0,N
5bf8e992-bfc7-4a27-a8aa-9bbdfbe79e38,3e904b87-dd61-411f-9d1e-7383e632e7c3,Fully Paid,451462,Long Term,698,2228016,10+ years,Home Mortgage,Debt Consolidation,14890.49,13,33,8,0,333051,494406,0,0,Y
76651396-b60a-441f-a417-9328bd0b1a67,d0e52082-50bd-4742-8af7-13819832fac9,Charged Off,203544,Short Term,728,532114,2 years,Rent,Debt Consolidation,9045.9,17.9,33,6,0,237728,277200,0,0,N
fee29cce-b362-4010-b695-a0a1dab5a04f,ebf4c9ca-b7fd-4d73-b2b1-4186ee386a1f,Fully Paid,266871,Long Term,703,1000540,10+ years,Rent,Debt Consolidation,15758.6,12.3,33,9,0,556244,1141976,0,0,Y
39571466-ce49-4971-95d8-77a1f6114d2d,855ea063-a403-4f50-92e3-32717107bd31,Fully Paid,399410,Long Term,723,1168129.5,10+ years,Home Mortgage,Home Improvements,25316.36,18.6,33,10,0,265259,933570,0,0,Y
525cd000-2bc3-4132-af61-ce3c5d3778e7,79f991de-7a20-4f7a-8663-60f8758a590b,Charged Off,217734,Short Term,731,1222289,10+ years,Home Mortgage,Debt Consolidation,25158.66,33.4,5,13,0,533691,1407626,0,0,Y
16fe4d1d-d054-4b15-9d7c-8d3f4bce9db7,2065177a-fe64-4039-9ccc-048fd32b2bc2,Fully Paid,111496,Short Term,741,1328822,7 years,Home Mortgage,other,20264.64,13.9,33,20,0,578778,820270,0,0,Y
f0a02ffc-b529-4afd-b339-e2c8d58ac43b,c86ed289-e22e-48ea-bbb4-b5d5da20c3c0,Fully Paid,268840,Short Term,738,1528474,10+ years,Rent,Debt Consolidation,30187.2,27.4,59,11,2,250268,434456,2,0,N
9f33a232-2aea-4084-ab6f-d5447911aede,1dc38dc3-33c8-42b4-977d-2be50672f729,Charged Off,216876,Short Term,723,1168129.5,7 years,Home Mortgage,Debt Consolidation,20322.21,19.2,66,20,0,309225,494516,0,0,Y
ebae267d-6a4d-4fb0-9118-d7d1481c88f4,1406f826-a4af-4f0e-b4b2-f2dda2fa1623,Fully Paid,533126,Long Term,744,3069488,10+ years,Home Mortgage,Debt Consolidation,27369.69,16.7,33,11,0,631161,1163734,0,0,Y
9bb817f2-85cb-446a-9750-f9e138639884,9072669a-741c-487c-8a87-37bd74dc2373,Fully Paid,456918,Short Term,723,1168129.5,10+ years,Home Mortgage,Debt Consolidation,58126.7,13.4,28,11,0,110333,271854,0,0,N
93c98ee8-afd7-464b-92a1-9874f5ca7d52,f554efff-6a6f-4c68-8627-e2a9f4641af6,Fully Paid,183326,Short Term,707,1248053,2 years,Own Home,Debt Consolidation,15392.47,11.4,33,13,0,266361,403172,0,0,Y
6e60369c-8a55-4def-bf8f-5cc7bb3bb9dc,8837e9f1-de9e-43fb-86ac-9f7540c1d7ac,Fully Paid,104390,Short Term,739,1059497,10+ years,Home Mortgage,Debt Consolidation,3920.08,39.4,33,4,1,25536,42856,1,0,N
213da9bb-9ead-43d5-af9f-5e34c444ad7e,ed884917-1142-4286-8c3e-5b2704bd25c8,Fully Paid,266871,Long Term,702,1532920,1 year,Rent,Other,12442.15,15,76,9,0,256652,639078,0,0,Y
9fdbc8eb-4ccb-4f12-9eab-01afc2ff812e,dd7414bd-295b-42da-9649-f4d90a0eb206,Fully Paid,330792,Short Term,723,1168129.5,4 years,Home Mortgage,Debt Consolidation,8173.04,22.6,53,7,0,293816,483956,0,0,Y
5e91dcfd-f478-4bf2-a667-64a35da0dfc0,5e4a0a10-4dfd-4f9f-85c2-abfbd448a5c0,Charged Off,98406,Short Term,684,660953,3 years,Rent,Debt Consolidation,4742.4,17.4,33,8,0,153121,244882,0,0,Y
839d1462-ce66-4498-8fce-a6cdb84037ab,c776cd24-04e5-4040-b5dd-4eea0f1aff00,Fully Paid,217338,Short Term,746,1595468,1 year,Home Mortgage,Debt Consolidation,33504.6,12.7,33,11,0,104462,326018,0,0,Y
fc6a1607-3fea-42c4-8142-8757d6832e4e,cfdb6b8e-64a7-4ff2-86da-127e6ac480b3,Charged Off,683848,Long Term,723,1168129.5,< 1 year,Rent,Debt Consolidation,31104.9,13.2,71,28,0,791407,1905134,0,0,N
b8237a18-3d52-458d-b6ad-99a888b17d18,a58f5106-c2da-4877-8c87-ff3ddf97fce8,Fully Paid,140910,Short Term,723,1168129.5,2 years,Own Home,Debt Consolidation,6180.13,14.8,33,3,0,148067,179740,0,0,Y
1e8c64df-30d7-412f-903f-5ede3c142d53,e01e2fc6-3811-48e3-ab85-95e125b4a617,Fully Paid,367598,Long Term,708,821712,6 years,Rent,Debt Consolidation,22870.87,9.9,33,12,0,262295,560340,0,0,Y
096dc30f-aafc-4b31-8d2d-89d60def6d38,bfadb5c4-7647-4ca7-a0bf-2aadae01e80c,Charged Off,120472,Short Term,723,1168129.5,1 year,Home Mortgage,Debt Consolidation,15783.49,15.6,33,15,0,208202,572616,0,0,Y
d6b09b5d-0a1a-4c1d-b73d-e6a18bf48585,4c216b6b-acf7-4d78-8d42-ab29b9e7930b,Charged Off,230318,Long Term,707,1338778,5 years,Rent,Debt Consolidation,18631.4,10.2,33,14,1,181013,671814,0,0,N
6dc2d2cc-8940-4463-b705-cba539ea32af,047408bc-a739-445c-bf15-78e78e5dd412,Fully Paid,439692,Short Term,744,2278404,6 years,Home Mortgage,Debt Consolidation,26201.57,30.5,20,15,0,565307,1228084,0,0,Y
da7d067c-18a2-472d-8767-65431816701b,d7cf94ac-982c-49b7-9ff0-2cbda3c67f93,Fully Paid,48246,Short Term,655,787797,3 years,Home Mortgage,Home Improvements,2934.55,10,33,14,0,117686,293700,0,0,Y
f2d1912b-84a9-4825-bce5-dd6b388ac69d,08d428d5-00d2-4bbe-9b66-430831f65972,Fully Paid,216304,Short Term,723,1168129.5,< 1 year,Own Home,Debt Consolidation,34123.62,27,34,18,0,372058,596706,0,0,Y
eb009545-4689-4a21-b90f-ce9575e96d9a,5f9a77ab-afec-4fb2-949f-8d1282e1e7ce,Fully Paid,266871,Short Term,741,716718,< 1 year,Home Mortgage,Debt Consolidation,14573,11.6,33,7,0,115178,322916,0,0,Y
e2949a86-81c0-4d12-be68-5f118457a14b,32bf9369-54dc-4138-993b-89773ccf470a,Fully Paid,564498,Short Term,742,1875110,10+ years,Home Mortgage,Debt Consolidation,20001.3,32.7,75,20,0,434131,672914,0,0,Y
da693cb8-3984-4296-b9a2-557153db1a95,282cc900-5994-4524-842d-7434fd38fc50,Fully Paid,360404,Short Term,738,875444,2 years,Rent,Other,14809.36,10.1,33,10,0,235277,574750,0,0,Y
1fc8ac44-cd00-4dcf-a9c8-4c2ca3930064,1a450add-37fa-45e6-be63-976ef50d98c4,Charged Off,250866,Short Term,741,965105,2 years,Home Mortgage,Debt Consolidation,8444.74,10.8,33,10,0,285361,569690,0,0,Y
3e119015-7b73-40c1-b80a-7bab35c16013,00bfbeb5-3807-4afa-a66f-244ca100b986,Fully Paid,612260,Short Term,678,1665692,10+ years,Rent,other,20821.34,16,33,13,0,310289,650870,0,0,N
56a9fa8d-d4f6-4765-a394-5b6c951dba77,2e97377f-8e54-4f67-acac-1743397c547f,Charged Off,80982,Long Term,701,738245,5 years,Rent,Debt Consolidation,14082.23,12.3,40,7,0,52383,101288,0,0,Y
ab567e39-03f7-44e2-b89c-e81a33130a4f,5a3155c1-ef6e-4e7f-a149-73fe87028dfa,Fully Paid,110440,Short Term,750,1068142,10+ years,Home Mortgage,Debt Consolidation,8144.73,18.5,33,14,0,98154,1148026,0,0,Y
6c8099ac-d75f-41dd-bb1c-fd3ef1d54788,d0b91e68-6d24-4a62-8b89-155620a21f8d,Fully Paid,131956,Short Term,737,569829,6 years,Rent,Debt Consolidation,13723.32,11.4,54,10,0,184243,237578,0,0,N
a66dc557-4e40-4f80-87c6-9340826aa13e,6d9b754e-086a-4176-924b-25306bac63ce,Fully Paid,420684,Long Term,723,1168129.5,10+ years,Home Mortgage,Debt Consolidation,9391.89,17.5,33,7,1,161310,415976,1,0,N
2edc6052-4c96-4164-82eb-46aa4d4c23eb,91784ec5-9fc7-465f-891f-9178b4b2cd02,Fully Paid,266871,Long Term,710,2200219,3 years,Home Mortgage,Debt Consolidation,20902.09,7.8,33,11,0,433827,835824,0,0,Y
41a26860-a6c2-4b5a-ac85-5f67ec1225ed,ce0d05e9-62e8-48d0-b4cd-6b1c1d78eb2e,Fully Paid,52932,Short Term,704,2247377,2 years,Home Mortgage,other,54124.35,21.1,45,17,0,684019,1001308,0,0,Y
647e5ec0-6516-4182-9b44-e1d4c0973584,a9d21c1b-d737-4ede-b121-958b02aea759,Fully Paid,437580,Short Term,747,982566,< 1 year,Rent,Business Loan,17931.82,14.1,72,11,0,78926,613360,0,0,Y
1386ca44-aea1-42c4-a827-8a4f95510ac5,f35eabf6-3510-4dbb-9720-8bbb7cb7f778,Fully Paid,268598,Short Term,723,1168129.5,10+ years,Home Mortgage,Home Improvements,1997.47,14.5,35,6,1,56620,286286,1,0,N
3bbe8b59-e840-4092-86cf-001584c5a4dc,50d9a522-3780-4ddb-8158-10d4cc9a00ed,Charged Off,425524,Long Term,726,827032,10+ years,Home Mortgage,Debt Consolidation,20813.36,31.4,33,12,0,389367,1022318,0,0,Y
9fc8672c-dfac-406d-8e05-e3be8a273cbe,04a845da-7c56-43f1-9be5-64c55ead8c2c,Charged Off,525910,Long Term,723,1168129.5,10+ years,Rent,Debt Consolidation,26756.37,20.6,33,11,0,480567,877690,0,0,N
0c4de13f-ce50-4978-bed0-ab8eabba26fe,6fe407e0-0b9b-4356-8fd7-0c52f828a559,Fully Paid,467126,Short Term,737,3487640,7 years,Rent,Debt Consolidation,24064.64,22.1,33,11,0,890302,1285394,0,0,Y
f5c9d706-d734-4220-a642-1800ae54bc66,b7f6c39f-26a9-4c99-b4ab-7a8222835753,Fully Paid,577764,Long Term,715,1135098,3 years,Home Mortgage,Home Improvements,10688.83,17.8,34,4,0,46987,591448,0,0,Y
5379c23e-0cf3-41e0-bdea-a9fa1b632d20,4cd10387-f511-4827-83f5-1e0ad8b47495,Fully Paid,234740,Short Term,723,1168129.5,4 years,Rent,Debt Consolidation,14366.09,12.3,33,6,0,120004,300124,0,0,Y
ac75cb4c-c2c7-4857-a809-d21d3a0b541d,16dea61c-e055-4790-b466-2abdc8e839c6,Fully Paid,390038,Long Term,708,1039433,10+ years,Rent,Debt Consolidation,27631.89,14.4,13,16,0,384389,883080,0,0,N
a2e79ff4-7e81-4d15-8bdf-d5a95d8468b1,602b0ed8-728b-4330-908e-30b006916239,Fully Paid,111364,Short Term,732,1250200,10+ years,Home Mortgage,Debt Consolidation,23336.75,19.8,33,21,1,280193,688820,1,0,N
d02fc505-3ae3-45b7-824d-1859402e8dcf,13ce2659-2f0c-4ef0-b607-4b591052a666,Fully Paid,222750,Short Term,744,1442822,6 years,Home Mortgage,Debt Consolidation,21161.25,29,31,12,0,528390,1477828,0,0,Y
f781fbd0-3c83-44e6-a9b0-ff0f52329469,28918fca-f642-469b-a04d-c7f1082de76e,Fully Paid,44748,Short Term,736,734274,6 years,Own Home,Debt Consolidation,10035.04,8.3,33,9,0,97052,597784,0,0,Y
2c057dc0-146c-4729-9c03-28d95ae6b9eb,3e1dfda5-8c2b-4cae-9a5d-e7a3dc8be311,Fully Paid,21934,Short Term,702,729087,5 years,Rent,other,16039.8,15.3,33,10,0,135166,256586,0,0,N
785153e9-1bd4-4e30-b739-0a478edd760d,b31c5fee-2153-4cc4-9834-74e924468c1b,Fully Paid,252648,Short Term,743,1626951,10+ years,Own Home,Debt Consolidation,32810.15,17.8,33,19,1,182457,800206,0,0,Y
a35b74a5-4411-4621-b30e-e136dc816e1f,4d0dae14-74e4-4038-b07f-affbb5d72dd2,Charged Off,215314,Short Term,732,843125,6 years,Rent,Debt Consolidation,15667.97,18.3,69,14,0,192907,279906,0,0,Y
9b5c6cf7-cb6e-44d3-934e-b55008b1fd23,62194645-4f3a-4f41-b592-d18784346be3,Fully Paid,130746,Short Term,742,1674945,5 years,Home Mortgage,Debt Consolidation,11780.38,14.2,10,6,0,54245,106788,0,0,Y
3b843044-7b93-4347-9185-8b2ddf76ff36,655fe105-0c6b-4f85-b1b0-e63abcb64c29,Fully Paid,115566,Short Term,723,1168129.5,8 years,Home Mortgage,Debt Consolidation,17219.13,15.2,33,13,1,116375,383878,1,0,N
91108777-f4a1-4feb-b4fb-6b3a3cb07e98,5398f0c1-60ee-4434-9279-9f20997c27e6,Charged Off,52074,Short Term,737,877021,7 years,Rent,Debt Consolidation,4743.16,16.7,33,7,0,127889,315766,0,0,Y
2be42af5-e9cb-4c27-997e-47329675c8af,f8a4e585-6a0c-49b7-8664-3294433f6c5f,Charged Off,55286,Short Term,704,1909880,< 1 year,Home Mortgage,Other,14737.92,16.9,33,7,0,131290,191224,0,0,Y
6dd1267f-6a4c-48ee-98d7-39595357f975,971bf336-dc0c-4087-801b-37622569659c,Fully Paid,121572,Short Term,710,1349798,6 years,Rent,Buy a Car,20809.56,9.1,33,17,0,206986,544698,0,0,Y
827586dd-08eb-4ca5-babb-d480389297e5,6e1778e9-47a8-45a8-96cc-15cb5d7d0421,Charged Off,78694,Short Term,723,1168129.5,4 years,Rent,Debt Consolidation,12015.98,7.8,7,5,0,3363,79398,0,0,Y
f3861461-f804-4703-a374-bd14a63fe547,7bdca1a0-abbb-4f80-9d36-a6079de3b59d,Fully Paid,269324,Short Term,723,1168129.5,10+ years,Home Mortgage,Debt Consolidation,45745.73,25.8,30,13,0,563958,1329944,0,0,Y
f37a769c-9bc4-415e-9445-e3dda51bf25a,83301fda-d1cf-49f4-a92a-5ff7385ec05e,Fully Paid,116138,Short Term,721,928720,1 year,Rent,Debt Consolidation,5758.14,16,15,9,1,88426,167860,1,0,Y
a7d0aac6-d9d4-460e-aecd-ffad92312ce5,a09815c0-ed19-4e3f-89a4-c6c69437a869,Fully Paid,65516,Short Term,716,1131564,10+ years,Rent,Debt Consolidation,15936.25,21.3,21,6,0,322715,423654,0,0,Y
e096cdb3-85e0-47d6-8470-c6ef2954245f,cd0b815b-28fe-44f2-8621-696419628213,Fully Paid,261140,Short Term,731,1597558,10+ years,Rent,Debt Consolidation,10490.66,18.8,33,8,1,138567,348040,1,0,N
fe1b5716-00ba-4b52-a8a9-58969d1fdef4,17b3a950-d9a4-4a65-8468-e5f8b92c826b,Charged Off,131582,Short Term,736,1704699,4 years,Rent,Debt Consolidation,22303.15,14.9,33,14,0,777024,945054,0,0,Y
ee614a1b-e03d-46ca-ba95-bf7ee98beec2,8b2b7db8-80f3-43f0-a71a-5adf7f79ef43,Fully Paid,214698,Short Term,743,1446280,10+ years,Own Home,Debt Consolidation,9666.06,21,54,9,1,210577,315436,1,0,N
f51c25a7-13ad-4528-8b98-81caf4659f7a,c2e8c7a6-7578-45d7-9407-39ae9bf21521,Fully Paid,85844,Short Term,716,688218,5 years,Rent,Debt Consolidation,6882.18,13.7,33,13,0,209703,341022,0,0,Y
3eb46226-4e34-441b-91f7-c15c84c4f804,2001cb68-b7a1-4863-9b03-db9595ccabf6,Charged Off,445940,Long Term,653,1116877,4 years,Rent,Debt Consolidation,27549.62,28.8,12,17,0,239818,793386,0,0,N
47c1fb9b-bca1-4ffe-b310-dcf29c7bedd4,05f9b1ab-4d3f-4794-9bf6-aecf472e6fcb,Fully Paid,266871,Short Term,744,3387510,7 years,Home Mortgage,Debt Consolidation,32745.93,16,33,12,0,377758,669834,0,0,Y
cc4870ea-e968-43fa-8920-912ba6096b41,e9577b96-ac54-40af-b20c-0cc40dd9a4a8,Fully Paid,212366,Short Term,712,872917,< 1 year,Rent,Debt Consolidation,19931.38,19,42,20,0,200944,257928,0,0,N
858efa1c-6035-4a5f-ab30-bfb5851edfac,fffc6027-7506-4a93-bf58-6346730f2602,Fully Paid,266871,Long Term,678,888763,1 year,Rent,Debt Consolidation,12146.51,12,33,7,1,159562,190080,1,0,N
4ebd26a9-f2a6-4815-a202-b0aae9b0b2a5,39140d88-8ee1-4431-b252-339bd7d65259,Fully Paid,471152,Short Term,723,1168129.5,5 years,Home Mortgage,Debt Consolidation,18969.22,18,33,8,0,712462,1076966,0,0,Y
0ccd09d9-5cc2-4367-bc34-abc049e2ac0f,7e4f7f54-1d18-425c-aa67-8e40fd4b38a2,Fully Paid,336798,Short Term,691,1260441,10+ years,Home Mortgage,Debt Consolidation,13129.57,39.4,38,18,0,124089,733062,0,0,Y
dbde3912-f8dd-4797-986a-f63986747b38,03ead93f-4a1e-40f2-a515-38ad3501c373,Fully Paid,335192,Short Term,702,2508779,1 year,Rent,Debt Consolidation,14446.27,16.8,63,8,0,317642,511544,0,0,Y
bbfa8ed0-ecaf-45a6-9392-a25a645ee576,8e2c334e-025d-4f1b-905f-34cb098caf14,Fully Paid,172348,Short Term,719,753692,3 years,Rent,Debt Consolidation,8102.17,14.1,34,5,0,74100,135344,0,0,Y
abdad955-aecd-4c0e-84eb-7f5c96e47f3b,38db54a0-5206-41c8-b730-9bc412f82f4b,Fully Paid,67342,Short Term,723,1168129.5,6 years,Rent,Debt Consolidation,9884.37,19.7,20,4,0,11552,0,0,0,Y
509f3dd7-f69d-49e1-97e6-d4309342896e,5d5e6bab-fc43-4388-b70a-96ccf974669a,Charged Off,110902,Short Term,723,1168129.5,10+ years,Rent,Medical Bills,15150.79,16.5,33,8,0,139878,495286,0,0,Y
5549cb97-1223-4336-9ab4-aa2b5574157e,14b275c1-e3bb-4795-b9b0-bc643c4bd38e,Charged Off,348172,Long Term,723,1168129.5,10+ years,Home Mortgage,Debt Consolidation,4044.15,22.7,8,5,0,160607,715242,0,0,Y
6ce3e0dd-a871-4afd-986a-eb43d70528e1,41efe084-10a2-421e-887d-a7bdcac12bf7,Fully Paid,306592,Long Term,688,1032878,1 year,Home Mortgage,Debt Consolidation,19022.23,15.6,78,12,1,179265,411048,1,0,N
7c7cbe31-f66c-46ff-b851-c792620584df,93e27a0a-2578-4e93-be99-ee7d6bbc55f5,Fully Paid,440000,Short Term,680,1425000,< 1 year,Rent,Debt Consolidation,6234.47,8.8,33,7,0,361703,594066,0,0,Y
5f853cfb-a4be-4120-a580-8f76a4900c66,2bda88fe-19fd-4e76-a82b-dc94ebd073d3,Fully Paid,133034,Short Term,723,1168129.5,< 1 year,Rent,Buy a Car,14541.08,12.4,33,9,0,576840,905036,0,0,Y
078b60f7-5128-40f6-99e8-de58e625f495,a28b8613-1a56-4488-b144-17a0b398d0a0,Fully Paid,212454,Long Term,708,1146042,7 years,Rent,Debt Consolidation,18403.4,15.6,33,9,0,345876,422906,0,0,Y
e005e703-2700-43fa-9881-bcb19b23446b,9e7c1911-e2c6-4868-b3ce-fa77d759ad90,Fully Paid,264418,Long Term,723,1168129.5,10+ years,Own Home,Debt Consolidation,21499.45,15,33,13,0,256462,363440,0,0,Y
4f18aed7-8f13-4d5a-8e66-d6eb90430d52,61a450f6-180d-48ae-9ccc-1f8e8a873afc,Fully Paid,262922,Long Term,714,2895087,9 years,Home Mortgage,Debt Consolidation,44632.52,23.9,19,27,0,521835,1405184,0,0,Y
667bb29a-7c54-4b68-bf37-3a13925fcf05,b17e908e-2685-48ad-b4eb-aba50b941e45,Fully Paid,266871,Short Term,740,575852,2 years,Rent,Debt Consolidation,3987.91,15.9,33,10,0,60800,372460,0,0,Y
9347b58f-1c6f-41a6-8083-e58cbab1d7ed,b7c9cf87-28d8-4733-9676-4f168c938b9e,Fully Paid,556160,Long Term,708,3266176,< 1 year,Home Mortgage,Debt Consolidation,51034,29.5,33,8,0,1122254,1353594,0,0,Y
309ff140-b07c-495d-8847-03a128169fee,5f2f3ec8-45e0-4506-961c-d37ed6ffd3b4,Charged Off,360162,Short Term,738,738986,10+ years,Rent,Debt Consolidation,18228.41,26.2,33,11,1,204820,307604,1,0,N
48f33aaa-127c-433e-8937-f05267fe63c9,442eacdb-5cef-4093-ab03-1d1c561eef1b,Fully Paid,476498,Long Term,737,1215867,10+ years,Rent,Debt Consolidation,16718.1,21.6,33,18,0,239875,1310166,0,0,N
4b76fcc8-b45f-4f71-894d-8963df730585,66cce1d8-9e3d-484f-8849-971ee395e4d4,Fully Paid,288552,Long Term,695,1015968,4 years,Rent,Debt Consolidation,15493.36,6.2,33,11,0,191007,410322,0,0,Y
fd55801c-6c55-4072-9c6f-6830578a22a4,49a5379c-0655-427c-864a-7fb82f46f7b0,Fully Paid,155782,Short Term,723,1168129.5,10+ years,Rent,Debt Consolidation,5823.69,19,33,13,0,62472,556490,0,0,Y
3c523f4a-745b-49b8-98fd-e80ec9f736e6,2f5a2f24-52b0-4ff4-a6b6-12902fc04c19,Fully Paid,287408,Short Term,747,754566,4 years,Rent,Debt Consolidation,5652.88,15.4,33,6,0,217493,431222,0,0,Y
bfec00bf-e439-40b0-87f4-806821b86232,d9c79be8-4a3a-4e26-bee2-a3dfe20c6893,Fully Paid,108240,Short Term,723,1168129.5,10+ years,Home Mortgage,Other,12202.37,27.2,30,10,0,68951,201102,0,0,N
648b76db-adfc-4f9e-b4a0-a2edb69871a7,48378452-205b-44ad-aefc-ec2a217af9e2,Fully Paid,249546,Long Term,724,2309184,1 year,Home Mortgage,Debt Consolidation,16279.77,18.8,18,8,0,60743,265430,0,0,Y
02c21047-0c5f-4473-8eb4-e459c292f2a7,2719fe1b-0ab4-4dfe-9a9e-69bfa365cbbd,Fully Paid,201146,Short Term,702,778297,9 years,Rent,Debt Consolidation,16279.2,10,33,14,0,350512,737924,0,0,N
607fa04d-6709-4603-81aa-8a9673bba541,438488f1-7f32-4f99-9647-831ce785efae,Fully Paid,220726,Short Term,723,1168129.5,4 years,Home Mortgage,Business Loan,1120.24,16,18,4,0,0,0,0,0,Y
590b36cf-b389-4ab9-8cde-44a4e70948b2,12213715-551a-4afd-9a27-7ba91a2dc460,Fully Paid,758450,Long Term,723,2245800,10+ years,Own Home,Debt Consolidation,20960.8,18.2,33,7,0,641725,762872,0,0,Y
e2349877-1344-4c7e-9ca2-a145d7d9ff97,656de0ac-9b9f-4c47-9b9f-bb460de2204b,Fully Paid,86262,Short Term,738,863208,3 years,Own Home,Debt Consolidation,19997.88,20.4,46,21,1,269021,1207338,0,0,N
34df16d1-e606-48f4-848b-bf290f8fcac1,8e3a2e28-511b-4e41-b726-84cc6d614e92,Fully Paid,134112,Short Term,723,1168129.5,1 year,Rent,Debt Consolidation,17952.72,8.2,12,14,0,137332,333366,0,0,Y
540b2a5d-27e6-413b-a15a-b48f3d187699,aaabd1d3-ca88-4655-b234-09941a699a89,Charged Off,178860,Short Term,704,1062043,4 years,Rent,Debt Consolidation,13983.43,7,33,6,0,145730,268268,0,0,Y
7ef44e5c-39c1-461c-9d6a-29286973cd01,2ab51ba5-4665-479a-a619-1557b539d63a,Fully Paid,224752,Short Term,723,1168129.5,3 years,Rent,Take a Trip,1536.72,13.6,33,3,0,75107,526988,0,0,Y
f92ae9e0-eee5-49f5-833c-a9d053ea93b7,d5218d6b-9db2-4fc9-872d-ec5fa358f9dd,Charged Off,215270,Short Term,726,855209,10+ years,Rent,Debt Consolidation,6841.71,25.6,10,10,1,82536,264704,1,0,N
b9ae9922-4321-4388-84f4-59df1f79bde9,3e434acd-09fd-490f-b4c3-aba614ee5e22,Fully Paid,625372,Long Term,723,1168129.5,< 1 year,Rent,Debt Consolidation,43587.9,9.6,33,22,0,818045,1473098,0,0,Y
418c4277-ccb0-428f-9d41-e4800356f1ac,226e350f-e782-4ae3-876b-4d2b676afc19,Fully Paid,171820,Short Term,742,797639,7 years,Rent,Debt Consolidation,14025.04,11.9,33,12,0,173660,305118,0,0,N
23f36715-5a73-4402-a6e5-0c4fce3f0051,5ab88861-ca91-4371-af9f-da338dab4807,Fully Paid,536602,Short Term,723,1168129.5,< 1 year,Rent,Other,10057.08,5.4,33,8,0,50388,136290,0,0,N
91723fb1-3a23-4649-9591-8dfb02bb4ea1,35aea42b-4456-40f8-9e4a-7b93b4947bf2,Charged Off,110396,Short Term,723,1168129.5,6 years,Rent,Other,19505.02,17.8,26,15,0,30305,178970,0,0,Y
a31f7798-2b9e-436f-ab12-e00d8a492c87,93e2bda9-b01a-429d-b4e9-00485f49fbf3,Charged Off,778316,Long Term,709,2016546,7 years,Home Mortgage,Debt Consolidation,52262.16,22.5,33,28,0,1009375,2557412,0,0,Y
5afda50a-9872-4020-ae84-2579d6aac862,3be3170c-f4cc-4160-9329-3bdcfe4e2344,Charged Off,184690,Short Term,736,945535,4 years,Rent,Debt Consolidation,8903.97,16.1,46,7,0,57038,293546,0,0,Y
dbc9fb86-ab78-4f7c-a5db-3a1519d1c217,49b32f45-ca26-4fa3-9ec6-2bf05e7bd3f8,Fully Paid,216040,Short Term,727,932881,< 1 year,Rent,Debt Consolidation,16014.53,14.4,33,8,0,195054,276782,0,0,Y
35d63937-67d3-4606-85c2-83b6d75ad148,c72aa52e-d987-4eec-abd8-bd1d29efb1d0,Fully Paid,266871,Short Term,729,975251,3 years,Rent,Debt Consolidation,8777.24,23.4,49,7,1,110732,208472,1,0,N
57857970-154d-4864-9b61-c29ea31c5ebc,c33eb25a-f3ea-438f-b348-2d5fbb68b761,Charged Off,668976,Long Term,691,2311008,10+ years,Home Mortgage,Debt Consolidation,35242.91,30,14,13,0,184889,601326,0,0,Y
4431f6d4-6754-4143-b17c-6003af701871,1a28f176-5918-494d-9e61-ddbac7c3e678,Charged Off,107316,Short Term,723,1168129.5,< 1 year,Rent,other,4077.97,40.1,29,8,0,119472,423016,0,0,Y
1ea4971e-1d62-427d-b90d-bb6853522a6e,6b27a3e6-9c2d-42f3-b14f-b6eeddf6394d,Fully Paid,417164,Short Term,709,1002364,10+ years,Home Mortgage,Debt Consolidation,9271.81,21.7,45,8,0,136705,205832,0,0,Y
69b6381c-cea4-477e-9cbd-182b97c4b596,575d5aba-ad45-49a1-9b21-19026bd6c2c7,Charged Off,60962,Short Term,746,285893,10+ years,Home Mortgage,other,5396.38,10.4,33,5,0,144818,574222,0,0,Y
1c400d7f-93ce-4a02-874a-a2de8a1c2545,828e215d-dd59-4ed1-be52-6b9d0d6027a2,Charged Off,525096,Short Term,748,1011028,6 years,Home Mortgage,Debt Consolidation,13985.71,22.4,42,7,0,172140,476872,0,0,Y
cb522823-627f-4f4d-a563-018f0958bf89,5c821f35-7ee0-4d75-9daf-f7c49085c3d0,Fully Paid,158136,Short Term,690,866476,2 years,Rent,other,2729.35,14.1,36,15,0,63156,115522,0,0,N
28e645df-3742-4133-ac48-f1361b5472c5,118ec4b7-c76c-4df6-9f7e-9e2951ccc30b,Fully Paid,225126,Short Term,720,731044,9 years,Rent,Debt Consolidation,7188.46,19.4,15,10,1,200013,238744,1,0,N
6bbab968-e7b9-41c0-b16a-3984be169db9,4a2db08b-579c-4d44-b3fa-e8e7d258d7b4,Fully Paid,26400,Short Term,659,1330532,4 years,Home Mortgage,Home Improvements,24392.96,15.7,33,16,0,602699,1166968,0,0,N
29062625-29bf-408e-96e8-cc4870c31a6f,40a36fd0-2874-4734-85b1-c445a89feaf8,Fully Paid,296274,Short Term,725,583737,8 years,Rent,Debt Consolidation,13815.09,23.2,33,16,0,436943,869308,0,0,N
6d5b1b5c-223c-413c-a13f-f27e17861d8e,0b63b0da-eb15-489c-9a9e-2d6ca233207c,Fully Paid,393976,Long Term,630,1455533,10+ years,Home Mortgage,Debt Consolidation,21347.83,21.5,32,14,0,282264,415800,0,0,N
12de70c7-3e7b-4147-9f3c-21e1934fe3a2,ba4a0090-50e3-4f9f-9be2-572190fe4429,Fully Paid,266871,Short Term,744,751564,9 years,Rent,Debt Consolidation,16283.95,12,33,6,0,281751,520300,0,0,N
5b3d4397-9e37-489a-8c5c-c7aaea0189fd,6c855362-32f5-4639-bbbb-b040821488de,Charged Off,55946,Short Term,727,501771,2 years,Rent,Debt Consolidation,8655.45,16.8,33,6,0,40432,212828,0,0,Y
cdb3c0b9-9bde-4d01-b951-25d7b231a408,d9f81f39-8908-4939-8724-2902b1aa2e35,Fully Paid,272646,Short Term,744,1506928,10+ years,Home Mortgage,Debt Consolidation,26120.06,21.3,40,10,0,965903,1686894,0,0,Y
2a6839d8-ba20-41c9-a510-e964197dd6bc,bca21dc6-1316-4d73-99ba-f527dc2f2328,Fully Paid,725406,Long Term,724,2432000,9 years,Home Mortgage,Debt Consolidation,36480,14.4,33,9,0,411331,862840,0,0,Y
e16f3da5-14e5-4030-8f87-7d49b99d4ff5,8cf8ffd1-870f-43f0-bec1-e4a5d3d5f70a,Fully Paid,129844,Short Term,735,2990144,10+ years,Home Mortgage,other,33888.21,28.9,16,9,0,391400,538868,0,0,Y
bf4a0098-97a7-432f-a7e0-267c114082e8,450fa09c-d15f-4103-a767-78ec95c89072,Fully Paid,612304,Short Term,747,1794170,4 years,Home Mortgage,Debt Consolidation,14248.67,29.9,24,9,0,510720,1411344,0,0,Y
7e88615e-5300-4674-b757-42f22065abcc,bf242e3e-66ac-43ae-bfc0-73c9c556b9d0,Fully Paid,257400,Short Term,720,703950,3 years,Rent,Other,3132.53,11.4,33,5,0,93233,175824,0,0,Y
9e89ccbc-c271-4b62-8766-4396f0eeeb2b,cb9f0979-7c81-4c89-b37b-880febd4953b,Fully Paid,266871,Short Term,751,3715260,10+ years,Own Home,Buy a Car,21486.72,28.5,33,6,0,1193827,2273568,0,0,Y
6222e0be-30cc-4575-b5f6-e01a1258b103,6ce7e08c-2852-431a-8c6e-630215246b06,Charged Off,279488,Short Term,700,626373,3 years,Rent,Debt Consolidation,6837.91,12.1,60,9,0,235239,315986,0,0,N
057ed7c2-84d5-4fe6-a20b-a22b9b61851f,c8353a98-95d7-4142-8b97-4e6b8adad954,Charged Off,485408,Short Term,721,3601412,4 years,Rent,Medical Bills,24789.68,15.2,33,3,0,296609,364210,0,0,Y
0bed494b-e4cd-43d3-85f2-032326dc1cc9,a885cac6-1500-44df-9f7d-9e4c6841be39,Charged Off,324368,Short Term,741,1792802,4 years,Rent,Debt Consolidation,6797.82,16,41,7,0,87381,346500,0,0,Y
789d423c-d207-4ab1-b911-98c5b0f69c12,3237ac11-f53e-47f2-b08b-5997a79c1506,Fully Paid,266871,Short Term,741,1874920,10+ years,Home Mortgage,Debt Consolidation,42341.88,13.1,27,12,0,429837,577390,0,0,Y
27ee4015-2930-4e79-83ce-f03217bbeca3,220c5eab-701c-4fa9-8f8b-df03dd549304,Fully Paid,266871,Short Term,741,865811,< 1 year,Rent,Debt Consolidation,18759.27,15.1,25,15,0,230907,1036354,0,0,N
86d0133f-2043-46b5-8825-1cdf1a8c60f8,067e8864-ada5-4989-858b-f5a9463d73e7,Fully Paid,264286,Short Term,723,1168129.5,3 years,Rent,Debt Consolidation,14784.85,10.9,33,15,0,322221,495484,0,0,N
34d70791-81bf-44e4-9bc0-c2a5974e0cb3,dbe8e6bb-392c-4873-bfd8-1c1f4b41c8d2,Fully Paid,605836,Short Term,746,1950863,10+ years,Home Mortgage,Debt Consolidation,39505.18,14,33,10,0,972154,1437612,0,0,Y
3d852e57-8c66-4b39-8783-0abf27111dde,419e7529-dc25-443c-b3c0-00f7ab12d10e,Fully Paid,266871,Short Term,724,1246362,6 years,Home Mortgage,Debt Consolidation,19007.03,9.8,33,12,0,271111,346500,0,0,N
6620acd4-401d-4ddb-9d78-599212ce20bf,020dd440-42ea-47c0-8fd1-4ce13904f5c8,Fully Paid,223168,Long Term,705,1252784,7 years,Home Mortgage,Medical Bills,20566.55,17.8,29,26,0,236379,918434,0,0,Y
351086ee-2722-462c-9caf-b8105b87bf58,0d31509a-b754-46dd-8d97-649e98a2b234,Charged Off,359392,Long Term,723,1168129.5,10+ years,Home Mortgage,Other,19534.85,12,7,7,0,58539,396440,0,0,Y
5ca1d1a8-82a3-406d-820e-2a8e0f8493bf,59586d6f-a669-40df-b228-4b642130b0b3,Fully Paid,266871,Short Term,741,1652316,2 years,Rent,Debt Consolidation,29879.21,13.7,33,14,0,286520,713482,0,0,Y
3a7f7e50-dbd9-41ff-bb9e-f5ce327026f5,07326dcb-8d39-4822-a0f5-fe36ceba5d31,Fully Paid,266871,Short Term,744,2009573,10+ years,Rent,Debt Consolidation,4471.46,19,57,3,0,136800,477114,0,0,Y
b383e6eb-cbc4-4974-a992-a552d2bcd2ca,ef838dab-52d7-419c-b66e-b16a2c051ddd,Fully Paid,343552,Short Term,723,1168129.5,6 years,Home Mortgage,Debt Consolidation,12334.23,18,41,7,0,160550,242704,0,0,Y
4a7ff364-bcd1-4e33-9389-3777b6a889b8,fbf0a5bc-1f06-4e05-9b0b-cc6a4caf1f6c,Charged Off,415910,Short Term,693,1126890,6 years,Home Mortgage,Home Improvements,12301.93,12.2,17,7,0,221635,263230,0,0,Y
544c4634-3aca-4afe-8b2b-5764068041ef,073a3d8f-82c0-451c-8d7d-8a5ca3304dea,Charged Off,424468,Short Term,723,1168129.5,5 years,Home Mortgage,Debt Consolidation,23842.53,13,33,11,0,192014,274164,0,0,Y
0c221248-1d08-4a9b-89c7-57fb185ac0d3,066064a0-41e5-42af-9824-a240adbcd8e6,Fully Paid,324060,Long Term,683,699656,10+ years,Own Home,Debt Consolidation,15509.13,22,78,9,0,247646,669966,0,0,N
f62a85c6-99e8-4d2b-8309-353daedf2b21,a1d70c6b-1a4d-45cf-a8fb-13eb137ce881,Fully Paid,266871,Short Term,742,1400186,10+ years,Home Mortgage,other,25203.12,32.6,33,24,0,1021231,1504426,0,0,Y
3c156e4b-186f-48a7-b55d-27aef4e40b4c,0df4174c-5242-470f-8f08-819da60b7ecc,Fully Paid,251614,Short Term,723,1168129.5,10+ years,Rent,Debt Consolidation,5009.73,14,63,6,0,237424,356554,0,0,Y
d28a674d-f4f8-42a9-a98b-cc12128c704a,618c7824-626c-49b2-b07c-d8c25eccee0f,Charged Off,412060,Long Term,723,1168129.5,10+ years,Home Mortgage,Debt Consolidation,15418.5,25.5,33,11,1,270883,472384,1,0,N
5ee942ff-471b-4be0-8eb6-fc42dcf42955,de4d30d6-70ed-4189-82b2-41a9ab4824bc,Fully Paid,39006,Short Term,717,291992,10+ years,Rent,Debt Consolidation,6034.4,22,43,8,1,27512,201630,1,0,N
d471f0ac-816b-40ff-ba32-f7a807f5444f,ae282cf8-130f-4d22-8165-0183b843543c,Fully Paid,67276,Short Term,723,1168129.5,< 1 year,Rent,other,402.8,17.1,46,16,0,16283,38104,0,0,Y
a46ce3e0-7c31-4d70-8231-123342b0389c,95f14d81-ce05-44d8-9417-7fd20736d7b6,Fully Paid,175010,Short Term,723,1168129.5,4 years,Home Mortgage,Debt Consolidation,23390.33,24,59,10,0,677521,809600,0,0,N
85da406d-d226-427f-ab0f-463bcc4dac05,39fb4ac1-798f-4646-ae79-c3f2c22acd1c,Charged Off,232760,Short Term,725,654493,10+ years,Home Mortgage,Debt Consolidation,13526.1,20.8,51,17,0,359195,938828,0,0,Y
f5cdc513-90ff-415a-a3eb-20b970556888,5570f76e-5113-460a-a5f8-6cc0b44a9b83,Fully Paid,176528,Short Term,702,1010021,3 years,Home Mortgage,Debt Consolidation,4957.48,18.3,33,8,0,68096,463782,0,0,N
9c27cead-5672-4a7b-94c0-1eb14c08b069,575bad5b-ac46-43eb-8e4c-6edff7985a83,Fully Paid,338162,Short Term,695,753692,6 years,Rent,Debt Consolidation,21040.6,19.2,33,14,0,524533,654478,0,0,N
3ec19f09-4534-458f-81cd-bc81fc202ac6,38d74813-5774-4e82-95e0-fb3ef557e599,Fully Paid,486002,Long Term,688,1217957,< 1 year,Rent,Debt Consolidation,24866.63,18,33,12,0,511917,614240,0,0,N
c7088a6a-b800-4969-9667-ea462d9975ae,9358e279-5801-484b-87cb-ebef567bc122,Fully Paid,46596,Short Term,705,692664,2 years,Rent,Debt Consolidation,10274.44,16.4,33,11,1,37430,361086,1,0,N
09737c47-c3f4-478a-aaab-e6febe94057b,6e8cf0e7-979a-4f14-a2fe-ba740d6ba278,Fully Paid,311960,Long Term,702,1393517,10+ years,Home Mortgage,Debt Consolidation,8779.14,13.5,58,14,0,115349,344212,0,0,Y
84f7d3ac-f5a7-406e-a8df-18e4d421a8c6,3b423e5c-b7e1-42f9-9157-487237d1c31b,Fully Paid,71698,Short Term,718,676324,5 years,Home Mortgage,Debt Consolidation,3409.74,16.2,54,6,1,71744,180994,1,0,Y
deebe306-4b24-48ee-8170-71d1a24d0af9,e19b2b24-af9d-4b3a-a17e-8b583dc6e72a,Charged Off,329604,Short Term,723,1168129.5,10+ years,Home Mortgage,Debt Consolidation,14648.05,28.7,46,15,1,644860,968462,1,0,N
2ba4c2fa-9755-46d2-9b5d-fd9d254e69c2,666cc3ad-65fe-4708-9fd4-75910d6b5ccc,Fully Paid,638660,Long Term,656,1226032,7 years,Home Mortgage,Debt Consolidation,26053.37,20.2,49,10,0,547143,1151876,0,0,N
f631e84b-63ce-406e-b497-5547fd8ea67b,6706eabd-8728-4cbe-9893-145f3b22be1d,Fully Paid,548174,Short Term,663,3467557,6 years,Own Home,Debt Consolidation,24272.88,14,39,14,0,222300,503734,0,0,Y
98722d22-b79e-4caf-ae0e-45923528b28d,55034780-31c1-40bd-9c2c-e7898d360362,Fully Paid,215974,Short Term,741,1865230,6 years,Home Mortgage,Debt Consolidation,25180.7,22.7,35,10,0,180215,356092,0,0,Y
6c0f9fc7-c005-4602-a58b-28521838534a,c10cd4e0-1805-439b-b062-25a8df63396a,Fully Paid,731852,Long Term,677,1438680,10+ years,Home Mortgage,Debt Consolidation,25057.01,22.4,36,11,2,106324,172172,0,2,N
4d8336a3-7f4d-4805-8adb-3919cb20d08c,0ec0d182-cf8f-40db-9462-d4b374ea36df,Fully Paid,563750,Short Term,723,1168129.5,< 1 year,Rent,Debt Consolidation,20351.47,14.1,33,8,0,284867,1110560,0,0,Y
73355945-9099-41cf-b30a-4881d0ddf04c,48558568-496f-437f-b04b-6a99d8390fc3,Fully Paid,21824,Short Term,748,622041,< 1 year,Rent,major_purchase,6163.6,15,33,6,0,15333,21824,0,0,Y
ec74ba19-c5fa-46fb-b181-6ea7c36b0b44,8147b8dc-d83b-449e-a7ef-8ffa03702f5d,Fully Paid,255662,Short Term,724,763040,3 years,Rent,Debt Consolidation,14561.22,12.5,33,13,0,273714,395208,0,0,Y
6b65f9f7-4bf7-4836-8493-da8a4942983d,15f9a4a2-d071-49f9-bef7-0a7b41e28d24,Fully Paid,266871,Short Term,744,1107396,3 years,Home Mortgage,Debt Consolidation,7714.95,10.4,26,6,1,101878,165924,1,0,N
b22a78a2-3a54-4332-9262-26953a6607cb,d65533b4-2903-440e-8934-dbdf0e26fc88,Fully Paid,467324,Long Term,723,1326086,10+ years,Home Mortgage,Debt Consolidation,12266.21,14.4,33,7,0,410761,750178,0,0,Y
3207ac19-8475-4041-98d5-ea0397614050,5bad259c-eb19-49f6-acf8-b4fe2f24b700,Charged Off,80234,Short Term,730,461928,< 1 year,Rent,Debt Consolidation,7660.23,8,33,12,0,47994,66880,0,0,N
9f153e33-853e-4ea2-9039-ca09fccef25c,a9742d60-56a6-4ab0-b3d9-b463eab995eb,Fully Paid,377674,Short Term,737,753084,9 years,Home Mortgage,Debt Consolidation,14873.39,17.1,33,16,0,378670,2149312,0,0,Y
ff60fadd-93f0-4d6b-b145-952a940ad3ea,17baf7de-35aa-4755-90d7-fffc1eaeff3a,Fully Paid,112508,Short Term,746,2055515,10+ years,Home Mortgage,Other,5549.9,20.3,33,10,0,0,0,0,0,Y
13c34f9c-8546-480a-86b9-69f83568b37c,93774e00-bedb-4ce4-8582-9cb01c10b702,Fully Paid,355124,Long Term,701,1533528,5 years,Rent,Debt Consolidation,22747.37,14.1,53,16,1,215308,951544,1,0,Y
8342e0e4-abea-4aa3-8e5e-c50e993bfd70,1042c873-8a49-420f-b62a-08dfcc71cb5e,Fully Paid,761222,Long Term,678,3287095,1 year,Home Mortgage,Debt Consolidation,48758.56,28.4,33,24,0,1740609,2883320,0,0,Y
af749f53-ad31-47ce-ab7e-41a681ef2291,a58b1f58-8799-4537-a014-14706d0abb55,Charged Off,135124,Short Term,737,583509,10+ years,Own Home,Home Improvements,11816.1,25.6,33,17,0,229444,326348,0,0,N
080b4c37-63ab-40cf-829f-7256e7cf413d,d0a63fa7-5d32-4775-890a-8cd2e92faf24,Fully Paid,66550,Short Term,745,1245374,10+ years,Home Mortgage,Home Improvements,31756.98,14.8,33,14,0,265164,864886,0,0,Y
c0f12c56-0bf4-4d27-910c-cf012ab67f4c,7f9d9c68-622f-43bf-a2a6-54dff3c1836f,Charged Off,129668,Short Term,744,466602,10+ years,Rent,Debt Consolidation,10887.19,23.4,33,9,0,129789,198770,0,0,Y
89a7b635-b11d-42bc-8ff8-2c363d5731de,c5c7c00f-e785-4221-8204-e1959e5e6982,Fully Paid,216106,Short Term,742,1343794,10+ years,Rent,Debt Consolidation,23202.8,21.5,25,10,0,316160,527494,0,0,Y
5c0d160d-798c-4139-b101-d7d2033a219c,957f81ed-be3c-4d28-8786-8de65160c78d,Fully Paid,443960,Long Term,638,3163215,4 years,Home Mortgage,other,67218.39,15.5,8,17,0,120726,170874,0,0,Y
b2710378-c7ec-4f23-a673-915db745c9d8,c5d1ed0a-01b1-465f-bc67-93ad442e9ecf,Charged Off,128986,Short Term,747,1142622,< 1 year,Own Home,Debt Consolidation,16472.81,11.4,33,10,0,28994,107910,0,0,Y
2a52ff8e-88ba-4130-a5d1-3b538ba24527,47ffb722-c5ef-428c-a9e9-697e9b89b36c,Fully Paid,554906,Long Term,596,3833820,7 years,Rent,Debt Consolidation,30510.96,45.3,33,29,0,568936,1438360,0,0,N
0265d098-d3b9-4f38-bf94-494d7a0d9edd,e2e48aed-a63a-4e86-b726-eeaac2163064,Fully Paid,624250,Long Term,702,2672540,9 years,Home Mortgage,Debt Consolidation,23384.63,29,33,15,0,495216,864864,0,0,Y
806404c4-9787-4054-b5b3-35ab98b947c2,187eb9b2-aaec-4360-8a20-195d00a39cb8,Fully Paid,266871,Short Term,734,456589,2 years,Own Home,Educational Expenses,4489.89,19.6,33,8,0,2907,13222,0,0,Y
f06b745f-eefc-42e4-94cf-83500688aa22,26877bff-3569-4024-a7e2-af24ae637977,Fully Paid,266871,Short Term,747,2157906,4 years,Home Mortgage,Other,11149.2,36,74,18,0,257526,1192730,0,0,Y
124c87b2-a833-43bc-8498-1b61088af08a,22435cfd-b071-455f-901a-dd2a9d3eda3c,Charged Off,366014,Long Term,726,1072493,< 1 year,Home Mortgage,Debt Consolidation,21271.07,15,33,16,0,156997,646932,0,0,Y
d186edf9-aa9a-4d94-a037-366a1bd5e2cf,47110b7f-da2c-4574-a1cf-dd1ea84ce804,Fully Paid,334290,Short Term,723,1168129.5,< 1 year,Rent,Other,10826.39,15.4,33,12,0,0,0,0,0,Y
77d9b695-7d04-4aa7-a98c-cb840ec2002e,cd02c9c2-4702-4252-9e7c-5e7577942a3a,Fully Paid,154594,Short Term,723,1168129.5,10+ years,Own Home,Debt Consolidation,10075.51,12.7,33,7,0,97280,255420,0,0,Y
bf6ff477-ae04-4124-9996-ecc2af00e242,54d8a404-711d-44dd-8226-cd94ac5afe1f,Fully Paid,661188,Long Term,690,5139234,10+ years,Rent,Buy House,31434.93,29.3,3,16,0,275424,791362,0,0,Y
40c359a1-d9bf-43f7-a572-bd9d5b426e6d,31ab777c-c885-45fb-a0d4-471a6a144d69,Fully Paid,501138,Long Term,713,1518632,9 years,Home Mortgage,Debt Consolidation,14679.97,13.5,33,8,0,584155,1184568,0,0,Y
bc4e1285-f4a7-458d-b47b-827a47ae3e50,3b501624-1455-4427-96f4-2b92411e9652,Fully Paid,555170,Long Term,684,1150716,5 years,Home Mortgage,Debt Consolidation,23014.32,32.3,33,11,0,172691,333256,0,0,N
56ef7189-4b8e-4a11-a665-3b002c013e1c,8cb62404-9df4-4102-ae2a-78a19389f9bc,Fully Paid,51414,Short Term,744,386118,4 years,Rent,Debt Consolidation,6885.79,28.8,29,7,0,27360,94006,0,0,N
a557bb39-6009-496a-8076-13345c2d655c,09551bce-da2c-4512-b811-6c32a07c11c8,Fully Paid,263714,Long Term,717,4744775,8 years,Home Mortgage,Debt Consolidation,72357.89,34.5,55,10,0,594738,760078,0,0,Y
2b57ad62-6d10-4a3f-a4c0-50f51c34fb81,ad04e26e-bc99-4680-967a-a19f809993c6,Fully Paid,327294,Short Term,738,1224873,2 years,Home Mortgage,Home Improvements,19189.62,11.3,33,8,0,127775,294734,0,0,N
28f4855e-bb5a-4e94-8645-f4a4fa9fad50,a8215401-eadb-488c-9775-578794150174,Fully Paid,195096,Short Term,717,664468,9 years,Rent,Debt Consolidation,14950.53,28.6,33,15,0,179094,296670,0,0,N
4914ea8e-368d-463c-9f84-9c421e4e7795,0c03bf72-7ce6-4ba9-a929-e4103da5dba5,Fully Paid,212256,Short Term,727,907212,4 years,Rent,Debt Consolidation,20261.22,14.1,33,6,0,265164,348898,0,0,Y
f6dba095-0240-4889-9c89-8fb9b76aa794,34d7bc55-4b3e-4587-8c80-dce023c9be6c,Fully Paid,266871,Short Term,738,1147524,< 1 year,Home Mortgage,Debt Consolidation,27731.83,11.4,3,16,0,143488,433752,0,0,N
34dfead6-70c8-4e4c-9342-2329bbc3a395,9b904ba2-1fd1-4b7f-94d6-018682203871,Fully Paid,120274,Short Term,747,779095,10+ years,Home Mortgage,Debt Consolidation,13504.25,16.5,33,14,0,308693,981948,0,0,Y
fc2e35d8-dac0-4387-a99c-aee459419ad0,839feba9-0007-417c-917e-802af3aac580,Fully Paid,218878,Short Term,747,1058642,2 years,Own Home,Home Improvements,11115.76,16.2,33,9,0,15086,356466,0,0,Y
1218409a-5539-4380-a0d8-5651bf15666e,71cf355b-6a1d-450d-8e0e-c9dbf4e945c5,Fully Paid,197032,Short Term,723,1168129.5,7 years,Home Mortgage,Debt Consolidation,22156.09,16.5,20,19,0,210463,476872,0,0,N
ca4c226c-7895-4c66-b824-9a39885e0f61,0c006a8d-9e9d-4e10-abd8-a213d7766b8c,Charged Off,186362,Short Term,708,492328,< 1 year,Own Home,Debt Consolidation,8492.62,17.3,33,8,0,221255,326766,0,0,Y
f11e0912-e1da-4105-b028-87e9432dc3e0,4dc21984-2dc1-492c-bd1f-c0bb2bc51f0e,Fully Paid,233508,Short Term,723,1168129.5,3 years,Own Home,Debt Consolidation,6644.49,14.4,33,12,0,213731,966724,0,0,Y
e5bc21b0-f4d9-4fb8-8962-33fa85c5415b,4cfb59ad-828c-42d2-9ba7-cf242f2845bc,Fully Paid,35816,Short Term,720,1198501,1 year,Rent,other,20074.83,13.5,33,13,0,413098,501380,0,0,N
944fc9ad-6c60-48f8-b951-0f89718547df,9e673c26-e703-48cb-81a6-a6756684a219,Fully Paid,266871,Short Term,657,929518,9 years,Rent,Debt Consolidation,12548.55,16.9,33,18,0,263549,521642,0,0,N
19a948f3-dc77-40ff-bfd4-e0d3a22f746d,32b9f205-1f85-4fc9-ace0-8e0e52ee309d,Fully Paid,693660,Long Term,673,2957863,10+ years,Home Mortgage,Debt Consolidation,55460.05,21.3,37,22,0,350151,630542,0,0,Y
a52d20e1-7d03-4fdc-a255-dd32e3ca56d5,f751cace-c532-4677-998d-a9d74a8d9806,Charged Off,48268,Short Term,720,217911,< 1 year,Own Home,other,4013.18,7.4,29,6,0,71782,138292,0,0,Y
bda83e17-ae59-4135-b3fd-afa0c26930dd,27e215bd-7daf-40ce-ace8-5b5568e62eed,Fully Paid,786940,Short Term,723,1168129.5,1 year,Home Mortgage,Debt Consolidation,36821.43,33,33,19,0,1061967,1779514,0,0,Y
65d214ef-4659-4429-8a81-93acd3a96893,51015fd2-7eaa-4996-bddc-2a99b3cf9dbe,Charged Off,142912,Short Term,723,1168129.5,2 years,Rent,Debt Consolidation,6147.64,9.5,37,7,0,123291,301158,0,0,Y
fd1ea2b3-b1e1-49b3-81ed-2a8c5c1626a6,8d74cf56-941a-41b4-bb8b-5bda59397a1a,Charged Off,107360,Short Term,723,1168129.5,10+ years,Own Home,Home Improvements,8793.58,16.7,33,12,0,94943,488576,0,0,Y
66360ea7-1b4e-4475-bf23-55bc7715aa87,cdaade7b-fce4-430c-96ab-cc072212088c,Charged Off,317152,Short Term,713,972990,10+ years,Home Mortgage,other,18567.94,12.4,33,7,0,484234,797588,0,0,N
1f8b8ef4-9c7c-4491-8dd8-d26dd564217b,bd4174b5-b81c-48d5-84a2-efce7273360e,Charged Off,386408,Long Term,709,1019711,6 years,Rent,Debt Consolidation,19289.56,23.5,72,8,2,429419,798116,0,0,N
4d3eb8da-0403-495d-86a6-e13ae6ec6a8e,07693021-ce94-437a-a82f-2b8483a769ce,Fully Paid,152746,Short Term,699,1225006,3 years,Home Mortgage,Debt Consolidation,10718.66,13.8,33,12,1,103968,159258,1,0,N
c8b9b690-cbc5-477c-b163-fb744af2b8dd,06eadc94-9408-4b48-9520-38864489871f,Fully Paid,264748,Short Term,744,1238458,< 1 year,Rent,Debt Consolidation,11971.71,11.8,44,10,0,275443,540584,0,0,Y
0671d136-c9c6-4813-aeea-4442ac6cb31b,70ced9d2-7718-4201-a94b-1a1067142ffb,Charged Off,325248,Long Term,723,1168129.5,10+ years,Rent,other,14561.98,26.9,53,23,0,452219,1407604,0,0,Y
6b7e065a-9950-4422-842b-1e5c5046b299,8b7827e2-15a3-451c-8f4f-17858c5e81fc,Fully Paid,313456,Short Term,710,932482,10+ years,Home Mortgage,Debt Consolidation,20980.75,17.9,34,7,0,527554,725494,0,0,Y
8b23f72d-8fe8-4f86-b0f9-66bba581e64d,25410b76-2896-48b4-ae77-a1e30c7f2089,Fully Paid,130064,Short Term,738,936130,10+ years,Home Mortgage,Home Improvements,11389.55,25.9,77,8,1,53656,119262,1,0,Y
d842f210-bcc8-4bb7-8449-fef68414cf79,a5ab2a03-4e66-4a0b-ba2e-b77cee28cb93,Fully Paid,43626,Short Term,696,1676465,7 years,Home Mortgage,other,19418.95,11.3,33,12,0,212553,318384,0,0,N
fd55eae8-3cb9-4666-a4b3-e3859c479316,1cc6e22c-5007-408e-ad2d-eed48279474a,Fully Paid,108174,Short Term,750,1603144,10+ years,Own Home,Debt Consolidation,10580.72,37.8,33,7,0,35017,737154,0,0,Y
0b05708b-5e88-4d5b-a134-eb70f674656e,4c5b171c-40d9-4cb9-beab-27bbc3bce9d3,Fully Paid,445192,Long Term,707,1230345,10+ years,Home Mortgage,Debt Consolidation,18250.07,21.2,33,20,0,226879,788898,0,0,Y
0b437e0d-e562-47e4-92b1-064f7548df6a,84f6332f-91a2-47d0-9212-09c33c60ec63,Fully Paid,331562,Short Term,723,1168129.5,5 years,Home Mortgage,Debt Consolidation,17562.08,12.6,5,17,0,344014,543422,0,0,Y
181f3567-7f2f-43c3-9778-3c7509e0ef93,45809eb7-4537-40bd-84aa-820f7ab277c7,Fully Paid,219758,Short Term,708,873031,2 years,Home Mortgage,Debt Consolidation,17751.7,19.2,23,8,0,76114,98912,0,0,Y
44baae9a-51f5-474b-8165-8c4d007824c6,3b4fc8db-2218-4c9d-9824-ca06626e0211,Charged Off,127952,Long Term,733,1222536,6 years,Home Mortgage,Debt Consolidation,16076.28,22.1,58,8,0,92169,268136,0,0,Y
ea0d7850-367b-41af-994f-a5f1d23a258c,a2e3645c-dac6-4f31-8e42-99d76e20aa78,Fully Paid,699006,Long Term,707,1886510,< 1 year,Rent,Debt Consolidation,16349.88,15.4,33,6,0,18411,204996,0,0,Y
8e18adcb-6c48-4100-831f-1ecd02cc9e0f,f4c5fe16-e3e8-43cb-8253-1d28c25770e7,Fully Paid,191092,Short Term,728,1875490,10+ years,Home Mortgage,Debt Consolidation,20161.47,15.6,14,12,0,231914,568942,0,0,Y
80993df0-72f2-4a88-b9ae-5c7b9dbb5690,f0a14b11-fba2-4ebc-a49a-09a27fb0cc40,Fully Paid,66484,Short Term,723,1168129.5,10+ years,Rent,Debt Consolidation,2795.28,29.1,37,11,1,81529,166188,1,0,N
12b19ba7-f6d9-44b3-be79-8a683d79103f,2bd2c7ac-7a04-472a-940f-e8a64ad63160,Fully Paid,129976,Short Term,719,561222,10+ years,Rent,Business Loan,10008.44,21.1,33,6,0,117401,142934,0,0,N
931d398e-752f-4000-acca-939ad83b300a,c5512d92-3712-40a6-b1f5-f196403e503d,Fully Paid,536492,Long Term,720,1061834,10+ years,Rent,Debt Consolidation,14069.12,19.4,33,7,0,629603,1347544,0,0,Y
f8773f4a-1eff-4309-aef0-d7aef45773f0,465a6349-38d8-477c-a51f-46f78153fbfa,Fully Paid,266871,Short Term,745,2873370,10+ years,Rent,Debt Consolidation,24184.15,25.5,33,9,0,844702,1142592,0,0,Y
bb51c5ae-a4dc-4836-9bb8-13d4f2eae77f,4c394e3d-b54a-499c-8dae-243317a60720,Fully Paid,262460,Long Term,696,793364,10+ years,Rent,Debt Consolidation,18049.24,14,9,25,0,197220,542432,0,0,N
43da398c-2f0f-4cda-9a83-6972a590e29d,20fd9020-9463-43b8-9c22-194bbebf101f,Fully Paid,270226,Long Term,723,1168129.5,10+ years,Home Mortgage,Debt Consolidation,26717.23,33.5,22,11,0,635398,913946,0,0,N
9d7206fe-4551-4500-a051-897e0d550fa9,a78200ed-9a91-4667-9647-47cfe8041150,Fully Paid,173712,Short Term,723,656355,3 years,Rent,Debt Consolidation,11978.55,12.5,27,9,0,124051,271524,0,0,N
76817d2c-4dd9-4d3a-83fa-a6d6ac192ca9,02a92d8a-0508-40eb-9bb5-a9c6fc1019cd,Fully Paid,453530,Long Term,667,1506472,1 year,Rent,Debt Consolidation,16571.23,18.7,50,12,0,353875,628430,0,0,Y
1d6f6777-8c37-4475-b808-8a48a0d1e408,d4bf240e-2751-441f-914d-0a49e112a7c9,Charged Off,226512,Short Term,723,1168129.5,10+ years,Own Home,Debt Consolidation,10180.77,14,80,6,3,45068,109648,0,0,N
3b8a134b-963c-4331-9588-8c0b4311b021,608611e2-f6f2-4516-9b0f-80cee808c05d,Fully Paid,538450,Long Term,692,1860100,9 years,Home Mortgage,Debt Consolidation,34876.97,14.4,28,13,0,222490,417538,0,0,N
71dbb036-d133-4611-b387-a1ba62cd5ae5,b8720b8a-10df-4c9c-b499-021a8cb9dd5d,Fully Paid,234102,Long Term,715,1097516,10+ years,Home Mortgage,Home Improvements,20121,18.4,67,12,1,469015,767052,1,0,N
2da623d4-fee7-4be4-9863-303f1a4f059e,c99be92d-e51f-4bec-9cd9-8732c7dfa298,Fully Paid,155078,Short Term,745,1626305,10+ years,Home Mortgage,Debt Consolidation,30357.82,28.2,33,11,1,98496,349844,1,0,Y
2b2bac14-29ab-40cf-9879-87a6d7d366f0,1a38d11c-9698-4695-9070-f8d818a9c6dd,Fully Paid,198484,Short Term,743,952280,8 years,Home Mortgage,Debt Consolidation,15633.2,17,18,15,0,277856,744744,0,0,Y
258be36a-d8c7-4e2e-a72d-e8c18e69fd7b,9df45839-070a-4ca9-8823-fad775d80f7e,Fully Paid,120472,Short Term,711,677502,< 1 year,Own Home,Debt Consolidation,8638.16,8.1,37,19,0,146699,206162,0,0,Y
e313bce4-93d8-4f28-a988-41c341da1291,bba9601f-b719-4b29-a1ab-649a2b60fa6f,Fully Paid,40524,Short Term,723,1168129.5,2 years,Rent,Debt Consolidation,6611.24,11,3,6,0,14478,40524,0,0,Y
6d9158f5-ab8e-4d07-8938-07e10691f7b3,59d717c7-daba-4eac-b818-ee5a6a257083,Charged Off,207636,Short Term,738,933945,4 years,Home Mortgage,Debt Consolidation,2015.9,14.2,72,8,0,106666,307208,0,0,Y
504193be-27ea-41da-8718-e5cf1f51c446,e6c640ef-c258-4fdc-b92a-af7f8acf34da,Fully Paid,173118,Short Term,714,672790,4 years,Rent,Debt Consolidation,17604.45,10,33,6,0,129010,183964,0,0,N
790cd783-f073-4046-b4bf-98d53e56acdf,adb75e4c-be7f-4032-8ced-da782f476bb2,Fully Paid,109318,Short Term,736,1888220,5 years,Home Mortgage,Home Improvements,32556.12,17.3,33,12,0,1133122,1789942,0,0,Y
cf6a8f45-b463-45d0-97f0-66a3dbe6ce8e,bbb3383b-f33c-407c-98f4-9dd63b878928,Charged Off,225060,Short Term,742,796917,3 years,Rent,Debt Consolidation,17864.18,15.5,14,11,0,135470,270006,0,0,Y
5ad2079b-8ea0-46a1-ba0c-5feb8f95f927,82e6f16a-2597-4559-8eea-5229fe35d6e5,Fully Paid,394900,Short Term,747,1686269,6 years,Rent,Debt Consolidation,15878.87,9.1,54,12,0,8987,611688,0,0,Y
3b40832c-9495-4cad-af09-d941d2660e8f,d4683df2-6cb0-4417-a1b7-af6e37757085,Fully Paid,198616,Short Term,717,773072,3 years,Home Mortgage,Debt Consolidation,16492.19,13,69,13,0,74252,109670,0,0,N
fe6c3e43-1a38-4cc8-be14-c90b286d38a2,95b42ab3-3ba6-45ed-8aa9-a019ad0dc1c4,Fully Paid,519024,Short Term,723,1168129.5,7 years,Home Mortgage,Debt Consolidation,38328.13,24.5,33,15,0,871872,1126708,0,0,Y
a7073b56-b5b3-4c1c-906a-1ba9d40539cd,9da1da45-484e-42cd-b450-b81764db5e56,Fully Paid,756932,Long Term,677,1561382,10+ years,Own Home,Debt Consolidation,29015.85,21,33,10,0,760608,1242164,0,0,N
fbb6d957-4ecd-493d-aaef-c5210b1a8a6c,306a3005-7f22-4c19-a8e6-cb69c50faa43,Charged Off,399168,Short Term,730,1398096,8 years,Rent,Debt Consolidation,11883.74,15.5,33,9,1,164958,470448,0,0,N
18284c6a-f5c3-473d-89a4-0ff57958d13d,4476c490-e6dc-4044-8939-57ebc97b5ca3,Fully Paid,78430,Short Term,723,1168129.5,< 1 year,Rent,Debt Consolidation,2970.46,9,33,10,0,56905,134200,0,0,Y
fccc0f89-d3a1-4cf2-9b39-bb915ae97b9a,91e4ce3b-d824-4041-aedb-fb4f64142cd9,Fully Paid,429264,Short Term,715,704387,4 years,Rent,Debt Consolidation,9391.89,13,16,12,0,26809,229900,0,0,N
7ae169b9-3f99-41a8-815b-27f30d785baa,3ddfc2ab-e751-47bc-88ad-cce07763e3f5,Fully Paid,65692,Short Term,684,1040193,8 years,Rent,Debt Consolidation,17509.83,16,5,25,0,185231,841082,0,0,N
4164ce0b-89bb-45b4-8fe5-3f385e772916,56577b66-07a6-417b-acca-394d7a42170c,Fully Paid,306240,Short Term,714,1205683,9 years,Rent,Debt Consolidation,9725.72,32.2,8,7,0,18506,93192,0,0,Y
577e60b6-d08b-40a1-9a96-fbbc71aa65a6,cd45d3db-94cb-415b-95ea-a0d7705a015d,Fully Paid,256454,Long Term,707,1045627,10+ years,Home Mortgage,Debt Consolidation,29800.36,19.5,35,18,0,347225,825572,0,0,Y
47a15fc2-b947-4b94-ae1b-88d2833da784,4f19270e-385b-4c2f-be91-731164511e85,Fully Paid,266871,Short Term,717,3055200,< 1 year,Rent,Medical Bills,32079.6,17.5,33,22,0,573895,921646,0,0,Y
f79462ac-df21-4f5b-919f-dbf3bd3b7815,60715bc6-ea96-44d4-bb93-3a67e777d397,Fully Paid,306130,Long Term,714,1605158,< 1 year,Own Home,Debt Consolidation,18191.55,13.5,18,15,0,271757,590370,0,0,Y
32103c81-24c2-40d4-8081-289516176fb4,f606379c-7a3e-4a8d-b5cb-5284c6997ba1,Fully Paid,266860,Short Term,723,1168129.5,< 1 year,Home Mortgage,Debt Consolidation,29336,10,17,21,0,119966,583682,0,0,Y
71227ba8-edea-4c69-a624-5cff10971fbe,044ed96e-752a-41b9-a21b-18f9b18c1c34,Charged Off,171952,Short Term,729,742520,10+ years,Rent,Debt Consolidation,13612.74,12,72,8,1,93974,165616,1,0,N
c713b6bc-d7a0-4a64-9743-c4f655cd453c,780f2dba-adea-4d8b-bbd1-c55e37882c40,Fully Paid,266871,Short Term,739,1501912,2 years,Home Mortgage,Debt Consolidation,27409.97,42.3,33,14,1,180405,412808,1,0,Y
af59e49e-30ac-4da5-b2b0-16067db4256c,56d3612a-75ed-4655-b2c2-ad769bb851f2,Fully Paid,142824,Short Term,723,1168129.5,10+ years,Home Mortgage,Debt Consolidation,12886.75,39.4,10,14,0,257298,1038092,0,0,Y
4f56e8af-1e9e-4f10-afae-21e7f1f93c01,8e31da98-a5d1-43a4-bd7d-08d389ccd9aa,Fully Paid,324258,Short Term,735,2427022,5 years,Rent,Debt Consolidation,34180.43,17.7,20,20,0,2682306,3649624,0,0,Y
163cfd9f-0d9b-4f5d-aa4d-c18727be447d,da832d82-ba12-4be1-a2c9-944bfa59c9dd,Fully Paid,108064,Short Term,715,563844,4 years,Rent,Debt Consolidation,5920.21,9.4,47,3,0,37753,45034,0,0,N
e6279784-61ef-4a90-8c63-fa7f7210fb8b,cbd968ff-3af4-493b-86d0-9bbc1a0c9100,Fully Paid,111012,Short Term,699,325945,10+ years,Rent,Debt Consolidation,2015.52,9.2,33,7,0,45410,383724,0,0,N
4a8dbe7c-e0f9-4a0d-a1b5-d935dc42d04e,5aa43efa-9173-40b1-9f33-ef2b4c7c77bf,Fully Paid,522500,Short Term,723,1168129.5,10+ years,Rent,Debt Consolidation,24274.21,16.4,33,11,0,378670,680834,0,0,N
251134b4-ef01-474d-ba80-d6e731c00ef9,48ecb5f6-bd0f-4c88-b254-74e8e1eeb814,Fully Paid,325512,Short Term,713,930601,10+ years,Rent,Debt Consolidation,15044.77,12.2,20,6,0,161025,242462,0,0,N
fbc9f89d-8558-4e31-8f76-ea7b307ce829,43de4f4e-4813-4b98-ab3b-ebb116e0a569,Fully Paid,67562,Short Term,719,1264279,8 years,Home Mortgage,Debt Consolidation,19490.77,12.5,78,8,0,112385,130636,0,0,Y
0d8b45cb-6065-470d-9c91-42c2c4068618,8be64d8f-9259-4536-bd9d-0c49e463c9f0,Charged Off,718498,Short Term,723,1168129.5,2 years,Rent,Debt Consolidation,30122.22,20.4,67,13,0,436164,890714,0,0,Y
f14beecb-a681-4427-bcb7-906b17a2e02e,b065373b-88fd-4ae4-a7be-ccb8f757453c,Fully Paid,303050,Short Term,723,1168129.5,10+ years,Rent,Debt Consolidation,18487,18.7,33,7,0,192375,317306,0,0,Y
965df1a4-0218-48ac-a232-165397cc084a,1918512f-7d02-4e03-ad10-c321db9bd0d6,Fully Paid,78430,Short Term,699,620977,< 1 year,Rent,Take a Trip,11384.61,11.4,33,15,0,87837,309144,0,0,N
3eeb4dc0-aaaf-4178-9d64-ce143cfd613f,d942d440-d71a-4c23-b5eb-45d4a4169c9a,Fully Paid,218174,Short Term,731,1168215,10+ years,Home Mortgage,Debt Consolidation,12947.93,25.4,33,8,1,156522,208318,1,0,N
4a564226-8499-49fb-9ed6-ffc79cbc8bb3,29e6a2dc-2570-4c76-980e-083ba8096bb5,Charged Off,265408,Long Term,723,1168129.5,6 years,Rent,Debt Consolidation,13036.28,11.8,33,9,0,82878,311586,0,0,N
98ab2ab3-1671-4990-a1e3-48ee089e4679,259d8be6-6afb-46b4-9309-14bfdcc9fedc,Fully Paid,449680,Short Term,739,1747620,7 years,Home Mortgage,Debt Consolidation,36263.21,9.9,45,15,0,313405,707388,0,0,Y
54417e35-2e25-4aea-b83a-d52a060b1398,6201f781-d2a6-4bbf-8f5b-afa83c412559,Fully Paid,269478,Short Term,715,930905,6 years,Home Mortgage,Debt Consolidation,26143.05,20.8,76,16,1,265772,575212,1,0,N
11c56dc7-0462-4efc-b84a-3bafeb7523ca,87da6da3-1ae1-416f-9921-04e1baab18cc,Fully Paid,310948,Long Term,723,1168129.5,10+ years,Rent,Debt Consolidation,12634.81,10.3,33,12,0,183445,495110,0,0,N
625e8957-b19f-45fa-be5e-1384afb5a24d,4f1eb263-76e7-42e0-abb7-99358e951730,Fully Paid,433752,Short Term,724,5806362,9 years,Rent,Business Loan,28306.01,15.7,17,6,0,354559,546656,0,0,Y
2416cfeb-a146-419f-9c59-b672c27360fa,511909f0-3ab2-4929-a383-6bf74f93b74d,Charged Off,212058,Short Term,690,763116,3 years,Rent,other,7313.1,6.8,33,10,0,142861,386474,0,0,Y
32abfc3d-a1d8-4344-a558-4a1be51c1c18,6742cff9-8609-4f27-8de8-be461bde7a04,Fully Paid,213752,Short Term,747,1153794,10+ years,Rent,Debt Consolidation,19056.81,17,19,10,0,8474,755326,0,0,Y
58f94256-7aac-4d31-8301-00f640d48f21,4da089b3-2a0e-4bd1-ac95-1ba125bdcdbb,Fully Paid,112706,Short Term,744,973275,10+ years,Home Mortgage,Debt Consolidation,7688.92,13,14,9,0,99750,220814,0,0,Y
baf18f61-2b8a-4758-b73c-0ce30ba72665,e8877a7e-0591-420b-9a81-8b82659ab882,Fully Paid,266871,Short Term,709,1858010,2 years,Home Mortgage,Debt Consolidation,3623.11,26.8,33,5,1,79686,148346,1,0,Y
a1e703c3-1afe-46d8-a2e4-b34bee9631dd,6b128802-bdc6-4a16-ae1c-c0851167e752,Fully Paid,519508,Long Term,660,3084536,10+ years,Own Home,Debt Consolidation,35214.98,17.6,33,13,1,424555,664334,1,0,N
a16cee04-d77b-49ef-8c6a-7605130afe1e,d0ff9097-bed0-480b-80d1-39777a50792c,Fully Paid,150216,Short Term,740,1760597,1 year,Rent,Debt Consolidation,9551.3,20.9,16,9,0,13129,183040,0,0,Y
5ca7a4c5-cb38-48f9-97ba-6b3798e3cf5d,c85e8ff9-0e5e-482c-9ad6-35acd16cdeab,Fully Paid,327008,Short Term,737,941355,< 1 year,Own Home,Debt Consolidation,3749.84,5.7,33,10,0,192223,573650,0,0,Y
48c2a8f7-07b8-408a-96af-d047e388f2da,2af8bfa6-3ab7-4f14-b71a-2ee5dfed5038,Fully Paid,214522,Long Term,723,518757,4 years,Rent,Debt Consolidation,6441.19,17.6,33,7,1,148675,214654,1,0,N
970e0eab-a5b7-481d-af88-62e858f4c441,6504d7a6-628f-4b67-b2cf-a62876bf65bd,Fully Paid,543466,Short Term,748,1163978,10+ years,Home Mortgage,Debt Consolidation,10572.93,25,33,9,0,197657,908182,0,0,Y
8f6aa88d-0584-42db-b455-3ab4432239b5,836644a0-fe8f-4c39-b62a-83472d9bb3b2,Fully Paid,118514,Short Term,723,1168129.5,3 years,Rent,Buy a Car,2289.12,9.5,33,4,0,47462,127226,0,0,Y
2b842cb5-4ada-4b91-b600-5b0144f6b5ee,5052efb5-c669-4b69-ad7a-41b06b9b3f83,Fully Paid,171776,Short Term,723,1168129.5,< 1 year,Rent,Debt Consolidation,9462,6.6,33,5,0,101270,210518,0,0,Y
b4d4d659-289d-43d1-bcc6-d9ea07e22c06,e14cce30-64ca-4c2d-a561-2a9e32794fae,Charged Off,238854,Long Term,703,693861,7 years,Rent,Debt Consolidation,16652.74,14,39,13,0,132240,293348,0,0,N
dfad3d69-ae9b-4296-be7d-c4723fdd361d,2434920b-19e0-4d33-b293-5186f5c88e2e,Fully Paid,266871,Short Term,738,2228586,< 1 year,Home Mortgage,Other,15804.39,19.6,33,11,0,168207,740542,0,0,Y
978eac4f-957b-4930-b967-6e767a7dfc1a,be208dcb-f79d-44b2-9f69-75589499372c,Fully Paid,352396,Short Term,699,1141254,5 years,Rent,Debt Consolidation,19972.04,13.4,33,5,0,530309,746988,0,0,Y
375b94f3-cd8e-4b23-92f9-5dd1171ffe56,1ad45ded-1e86-4f41-ba2c-3fbb11a7228d,Fully Paid,673464,Short Term,739,2617326,10+ years,Rent,Debt Consolidation,25737.02,21.1,33,6,0,889162,1208394,0,0,Y
1505cfeb-5663-4507-804b-af43ba9ee877,804213f4-73b3-49d4-9f6b-cd8bfa09d279,Fully Paid,257444,Short Term,739,1037609,10+ years,Home Mortgage,Debt Consolidation,17985.4,29.1,63,9,0,191710,765468,0,0,N
577dbb23-32c6-4f81-b21a-bcc59063f6f6,1f8a2969-be14-4b17-9ed0-bf7d9465c962,Fully Paid,642246,Long Term,691,1207830,6 years,Home Mortgage,Home Improvements,12581.42,16.9,33,7,0,129276,645194,0,0,N
b2676c17-4dcf-4329-8990-f5a072af30bc,f1ca4068-7914-4058-b276-a40d4e71d6c0,Fully Paid,112728,Short Term,736,584079,5 years,Home Mortgage,Debt Consolidation,8031.11,22.5,33,4,1,38893,281512,1,0,Y
50e18433-b72a-44ec-9415-45334d2be69d,8f316f59-314a-4dbb-9625-a9f1df648c0d,Fully Paid,237930,Long Term,711,1245374,1 year,Home Mortgage,Debt Consolidation,30511.72,22.9,44,11,1,145635,201938,1,0,N
7de7326d-9fdb-4b43-b0f8-291e402a16cf,755a116f-d5b7-40fb-b8f0-583c9b52cabc,Fully Paid,287386,Long Term,705,700967,4 years,Home Mortgage,Buy a Car,34.96,6.5,33,5,1,38,0,1,0,N
67dd14b9-318f-490d-8e3f-b0898b5d5ff8,a5ceece0-c917-49f4-9c92-933093287117,Fully Paid,545842,Long Term,676,1123660,4 years,Rent,Debt Consolidation,36331.8,17,49,20,0,445341,935858,0,0,N
fb5cd812-5554-4208-a412-388f0394cd77,0a1cbeab-44e8-4366-bd31-9459dcce1ff0,Fully Paid,670758,Long Term,665,2124067,10+ years,Home Mortgage,other,34693.24,15,49,8,0,68989,272668,0,0,N
aafce20d-f592-49a4-96a1-20ec80813969,2d783eed-deb5-42b7-a7a4-d34408141253,Charged Off,613668,Long Term,738,1608787,8 years,Home Mortgage,Debt Consolidation,31384.77,17.6,33,13,0,891708,2335982,0,0,Y
6b79022e-6712-41a5-855d-20311ab40d2f,85ee2e04-1cd1-428d-a66a-e658f9ea48f7,Fully Paid,245278,Long Term,683,916009,8 years,Home Mortgage,Debt Consolidation,15648.59,9.5,73,7,0,75886,291962,0,0,Y
2670012f-e8b1-45e0-b3d5-ed42dccbb2d0,48af83bc-a382-4872-aa82-362c7d23c440,Fully Paid,398222,Short Term,719,1108175,10+ years,Rent,Debt Consolidation,22440.52,31,22,20,0,478154,1006654,0,0,N
a30597fe-521e-4cf8-84b2-1e204d2916c9,32821491-7434-4977-b5d3-0c54c17d8869,Fully Paid,153362,Short Term,746,1892210,4 years,Home Mortgage,Debt Consolidation,19174.42,31.7,18,8,0,468806,714252,0,0,N
3d9ea4ff-e667-4640-a266-bb1abafca5ee,24eeadbe-2a30-47d8-8289-bced495414ac,Fully Paid,85954,Short Term,718,556719,3 years,Rent,Debt Consolidation,1874.35,4.9,33,4,0,73131,193336,0,0,N
5c414250-86e1-4e1d-bbfd-15f128df0a30,c4552960-5389-4827-bbc9-ecfa0c7fe071,Charged Off,308858,Long Term,733,1095559,10+ years,Home Mortgage,Debt Consolidation,11868.54,16,33,4,0,1995,289564,0,0,Y
beb84bf1-a731-47c3-9895-1b2fa9b8b829,74643cfc-8bf9-48ce-a5e6-55a5f21ccbdc,Charged Off,348524,Long Term,723,1168129.5,< 1 year,Own Home,other,16963.2,15.9,33,12,0,328301,576818,0,0,N
02be1b9c-6ab9-4340-996f-b476571ecb33,96c6e2cf-9715-47d7-adee-8e58478be793,Charged Off,718916,Long Term,697,2522364,< 1 year,Own Home,Debt Consolidation,8092.48,10.6,33,8,0,87115,478082,0,0,Y
405e2c6a-3fba-450e-b1b2-fce50d1a7b1b,5662ddce-b424-441f-964e-014976f54537,Fully Paid,278740,Long Term,723,1168129.5,1 year,Home Mortgage,Home Improvements,16457.8,16.7,48,14,0,72542,240680,0,0,Y
0da75f9b-70f1-4656-86d9-2281400e7eae,29e515ed-e8d3-4d25-a096-0a2f11c0db92,Fully Paid,346522,Short Term,723,1168129.5,2 years,Own Home,Other,10387.49,16,33,6,0,161044,966196,0,0,Y
990ab02a-82c7-4907-a171-e18e6657d2ae,a2f53cf0-4be4-4fb3-b256-99715f5310ca,Charged Off,261052,Short Term,747,2160528,9 years,Rent,Debt Consolidation,24305.94,20.4,50,23,0,160265,751322,0,0,Y
8ce143bf-7cb8-4127-8167-2f4707c9946e,baff779b-6db6-4aa4-ae9e-612f8cd9965a,Fully Paid,173338,Short Term,723,1168129.5,10+ years,Rent,Debt Consolidation,19703.38,17.4,12,10,0,479902,765402,0,0,N
8d5b0ade-a997-4b71-b861-ebe0d34d1390,2fd6c069-3088-425c-a103-2bcd39045412,Fully Paid,138534,Short Term,703,1215126,2 years,Home Mortgage,Debt Consolidation,13568.66,14.2,47,6,0,47500,56298,0,0,Y
7a6b5013-731d-4b0a-a169-a6470932a193,4a02d4be-9e81-47a8-a21d-ea56d82e1fea,Fully Paid,44726,Short Term,723,1168129.5,< 1 year,Rent,other,9094.92,10,33,10,0,83125,190234,0,0,Y
6f589ad6-6917-4512-a6ce-78844465294a,4f136098-a7fb-4473-aa86-4f7e140bde0f,Fully Paid,217470,Short Term,747,1877219,10+ years,Home Mortgage,Debt Consolidation,12201.99,30,12,22,0,407968,1769240,0,0,Y
dcc18986-8444-4af2-89fb-767a0138aee0,5e0dbf17-0568-41fa-8534-d5336c6ed89a,Charged Off,644094,Short Term,734,2225052,3 years,Home Mortgage,Debt Consolidation,34859.11,19.4,33,20,0,413060,534402,0,0,Y
7b5bf9be-f2c1-4cfa-a409-4ffec9f8027f,748bc205-e205-481b-9012-60f0385f288f,Fully Paid,244420,Long Term,696,2461184,4 years,Home Mortgage,Buy a Car,31585.22,27,2,27,0,227373,2289430,0,0,Y
3cb4f09d-f0f9-4e38-8701-5f0fc5118bb5,27aa06c2-806d-4fe0-8726-a94a767424eb,Fully Paid,189376,Short Term,733,1127916,8 years,Rent,Debt Consolidation,18704.55,14.4,33,24,0,137731,239470,0,0,N
43c5c245-1f03-4b7f-b683-b92ee01137a2,7db5f79b-ebae-49a4-9055-a7562b285389,Fully Paid,108856,Short Term,672,1692045,2 years,Rent,other,23688.63,6,17,13,1,83600,509498,1,0,N
050e083a-a5b8-44ad-abf4-59523ab5f79d,0b0d12e0-e593-49fc-9dd2-e01b8a3ae121,Fully Paid,216194,Short Term,731,552539,10+ years,Rent,Debt Consolidation,10820.69,15.4,9,11,0,251674,419298,0,0,Y
7881546c-1915-4043-94a3-1e2fa7085d52,77da2104-80fc-4d65-a095-65dea123fe10,Fully Paid,266871,Short Term,689,2072026,8 years,Home Mortgage,Debt Consolidation,25382.29,17.5,25,15,0,344147,591228,0,0,N
ea33fcf7-2771-4c10-b8fb-e07e27f63833,eaa4e4e9-ea49-43c9-b49f-8c45fb8e7de6,Charged Off,107492,Short Term,681,807576,4 years,Rent,Other,3936.8,9.1,16,5,0,43833,111782,0,0,N
0d89044a-2450-4e89-93d0-67a9164f6938,10b6058c-c637-4a3b-a909-ac130555ed0e,Fully Paid,455532,Short Term,716,1121285,2 years,Rent,Debt Consolidation,6419.34,14.5,33,16,0,361779,856680,0,0,Y
434e98ad-e9df-4c2d-9a0a-f7400a3f40a8,2fbbb212-4c9a-4469-a001-4096ab2ed7f7,Charged Off,204600,Short Term,719,1007019,10+ years,Home Mortgage,Debt Consolidation,16028.4,16.1,33,13,0,347928,540012,0,0,Y
ca105766-06af-4dc3-b11f-449ddfc18b53,8a68583c-6dde-4d14-bb90-e79e853f8bd5,Fully Paid,266871,Long Term,676,2042766,9 years,Rent,Debt Consolidation,32513.94,24,31,20,0,856330,1404436,0,0,N
73466ab6-4de6-4f10-8b68-a308913f8985,4ea67148-38ca-4688-9356-db14e56d6e10,Fully Paid,505912,Short Term,747,1238952,10+ years,Home Mortgage,Debt Consolidation,13835.04,21.9,33,26,0,674785,1676642,0,0,Y
4c08b61e-3496-4900-aaf8-51f3d9381357,2a78a14e-2781-44c0-ba03-7f629d975429,Fully Paid,266871,Short Term,742,896990,5 years,Home Mortgage,Debt Consolidation,14277.17,19.9,33,18,0,456057,1239568,0,0,Y
59b214e3-05d5-4a03-824d-cd82e90907ca,d5d149e7-5918-478c-8af0-889eb06e4352,Fully Paid,266871,Short Term,720,2003854,4 years,Rent,other,14294.27,22.6,33,9,1,137446,254232,1,0,Y
c442f5ce-8cdd-42cf-a885-a31959ff69a4,d03efca2-adbd-4d48-baef-f78d62d6be80,Fully Paid,266871,Long Term,726,1465774,5 years,Home Mortgage,Debt Consolidation,38843.22,22.6,5,17,0,634847,1904386,0,0,Y
55a0fd70-9af7-40db-b989-eee88471f485,da1de7f3-8d7e-4680-b47d-5ec0c205b9bc,Fully Paid,172040,Short Term,730,479275,2 years,Rent,Debt Consolidation,7828,9.7,33,12,0,219355,310508,0,0,N
a3c9cfd7-f768-4875-87fa-0e0516bd6b13,de668fb9-8638-4676-870f-d24a47bbc0f2,Fully Paid,266871,Short Term,731,1688796,4 years,Rent,Debt Consolidation,10948.94,9.6,37,12,0,379392,536382,0,0,Y
d2b72d1b-c95e-4e3e-95bf-e7d4bd60564c,b96a8da7-7c9b-42c5-b0cc-baec86acfd44,Fully Paid,266871,Short Term,745,1435127,10+ years,Home Mortgage,Other,30017.91,17.5,45,12,0,162070,461098,0,0,Y
db221c1c-feff-4616-8823-185af6d87610,0d8daa84-5a54-4736-9761-b882d3b559f3,Fully Paid,266871,Short Term,651,3244535,8 years,Home Mortgage,Business Loan,15925.23,7.4,33,6,2,40622,199276,1,0,N
16c87061-fa1c-4be4-85ce-11149f6ae05f,68f48b57-2a62-4da7-8e4f-b53aae8c1a4d,Charged Off,780560,Long Term,614,1637135,5 years,Own Home,Home Improvements,43383.84,25.7,30,10,1,265354,618200,0,1,N
93850ed0-5ae6-4f1b-b12c-dc44c33621f4,ac1693b3-7df6-4456-88ea-51a21724661a,Fully Paid,441452,Short Term,720,869288,2 years,Rent,Debt Consolidation,20717.79,15.6,33,9,0,301169,345620,0,0,Y
da7c2887-d8ff-483a-94c5-1a3d4f3e6f29,192bc557-cd9b-4c14-a9e6-59ba96fc5f06,Fully Paid,111078,Short Term,745,1841879,< 1 year,Own Home,Debt Consolidation,9454.97,24.4,33,16,1,526870,1289772,0,1,Y
29625605-3a25-4cd8-9a46-95ecc758d123,9fb1ad76-eeb4-4e22-9533-4b94d89edf02,Fully Paid,444840,Long Term,728,916275,5 years,Home Mortgage,Debt Consolidation,10995.3,7.8,33,8,0,354692,613910,0,0,Y
5dbbbf95-a124-4887-869b-f38f83edb91e,61c1ced2-5271-40e4-92c8-e8425fd52143,Fully Paid,178178,Short Term,747,827127,10+ years,Home Mortgage,Debt Consolidation,4446,39.6,34,12,0,86070,324676,0,0,Y
05bc9d93-9564-4a05-ba83-729e7615a2bb,2c433864-b08e-4dfa-850b-395a36e84950,Fully Paid,371272,Long Term,681,890929,3 years,Rent,Debt Consolidation,18858.07,9.9,33,7,0,356307,541420,0,0,N
4dcda11c-b123-45ac-877d-fff32249a0fd,60f0f4e0-3986-46e3-bb5e-64bdce9c045f,Charged Off,432168,Long Term,693,1404632,9 years,Rent,Debt Consolidation,24229.94,12.3,17,15,0,308047,457886,0,0,N
b52fedbc-5830-4c1a-90da-c100a30ea7f9,d19fe356-f219-4624-ab6d-be53df6deee7,Charged Off,268708,Long Term,730,870219,5 years,Rent,Debt Consolidation,16454.57,23.3,33,5,0,169195,201542,0,0,Y
f95fe414-2e62-4d41-82be-e162e5715fef,54886261-722c-4032-b622-994f4a980926,Fully Paid,266871,Long Term,713,2239416,10+ years,Home Mortgage,Debt Consolidation,44228.2,17.3,33,17,0,632263,1247180,0,0,Y
750154f6-ddd4-4bdb-a44a-294e99e2eccb,f99719f4-0dc6-4ed2-ac0f-2e1e88e7ac3e,Fully Paid,215886,Short Term,707,783085,2 years,Rent,Debt Consolidation,8809.54,11,33,11,0,179949,304612,0,0,N
ef51cf9c-f0ee-4e36-be39-240ee4a1d8cb,7c8e2129-fb3b-480c-b0eb-532a151812c5,Fully Paid,544940,Long Term,708,1780870,3 years,Home Mortgage,Business Loan,16398.9,17.4,33,10,0,429229,1453254,0,0,Y
6c82f757-27d6-4bed-89fa-f00ac622cfe0,b1c7f131-45fa-4a53-ace7-1f538715e130,Fully Paid,266871,Short Term,747,2071817,7 years,Home Mortgage,Buy a Car,19164.35,25.9,36,12,0,503538,1154560,0,0,Y
9ad4bbbb-f6c8-489b-bf72-59e1b2540d3f,b5f3fb8d-95f7-4df9-8180-e5ee8a46de70,Fully Paid,789096,Long Term,681,2433900,6 years,Home Mortgage,Debt Consolidation,39956.43,28.1,33,17,0,2191726,2589576,0,0,N
61b5d8e4-1b37-446c-b4b6-8d781e60c54c,bc301b42-c7ac-43a0-afc4-f628d1ae8918,Fully Paid,444444,Short Term,704,1458592,10+ years,Rent,Debt Consolidation,25768.37,22.5,33,24,0,616113,1017698,0,0,Y
ae52a4ae-e7d1-41a9-89c4-85a86c787d0d,cc58d787-d423-40ee-b1e5-706be95eaf7f,Fully Paid,536976,Short Term,668,1780775,10+ years,Rent,Debt Consolidation,27453.48,38.8,39,11,0,732754,968550,0,0,N
a4b012da-2f40-44ce-b13d-6dd8d165c2f4,27f90c43-00bd-4d09-bdec-1a865c679f00,Fully Paid,223080,Short Term,721,2022930,10+ years,Rent,Debt Consolidation,14379.77,8.5,33,7,0,100852,269698,0,0,Y
00b06b0e-562d-403c-a97d-0bd61fd6a4d0,0cbfb2a5-ff94-4dbb-bcf9-6bc0bd5c9e95,Fully Paid,329780,Long Term,679,918194,8 years,Home Mortgage,Other,7957.77,19.1,33,3,0,123120,145464,0,0,Y
e508445e-a2a7-45ab-83e0-33be6e578996,28f97812-a3ad-40e0-acf8-426a838504f1,Fully Paid,451154,Long Term,726,5306301,3 years,Own Home,Home Improvements,43246.28,13,33,13,0,191691,932624,0,0,Y
a1df67c8-5722-4492-8393-a456b3d43ba4,eb37cb89-507e-4390-8a9c-c9e1eafc2d50,Fully Paid,266871,Long Term,711,1708974,9 years,Home Mortgage,Debt Consolidation,23925.56,20.2,33,9,0,284430,411158,0,0,Y
a9ec8211-2632-4dd9-b950-a07b51c81aae,31f34c02-a3c9-4384-adff-a591b06a177c,Fully Paid,116930,Short Term,724,1320557,10+ years,Home Mortgage,other,10366.4,16.2,33,5,0,63764,101112,0,0,Y
e943b10e-4e5c-4abb-b481-1c96d1143ca5,2446bd8f-e614-4a93-8c99-55c4824eba13,Fully Paid,167772,Short Term,719,835943,6 years,Own Home,Take a Trip,11981.78,26.1,33,6,1,45239,131274,1,0,N
73c6c64b-f8cb-4b28-a0ac-6e5b7a9a4386,a7abd60b-7a59-425d-9925-460987ec6c3e,Charged Off,392722,Short Term,748,1168215,< 1 year,Own Home,Debt Consolidation,15089.42,30.9,30,18,0,120498,375056,0,0,Y
a0deb0da-ff81-4ef8-8c50-18f1dc8d9058,c82a8ee2-8c19-42f4-abb3-026a6c715e00,Fully Paid,178486,Short Term,723,1168129.5,5 years,Rent,Debt Consolidation,6224.59,15,33,7,0,161500,229724,0,0,Y
ee5b133c-c078-4450-ae8b-208000e5e2dd,9c015267-04ee-4b5f-bed8-0e10f6ea36ea,Fully Paid,120164,Short Term,737,741228,1 year,Own Home,Debt Consolidation,7288.59,11.9,33,19,0,196213,584078,0,0,Y
a53517c8-92b9-4742-85be-ac6df3b23815,603246c5-8c17-4aa7-8879-e1a5c9c3de87,Charged Off,217514,Short Term,654,525996,10+ years,Own Home,Debt Consolidation,4996.81,9.7,33,7,0,122227,202202,0,0,N
35b95e62-356a-4526-8f1a-281d2526f8af,8d4039e2-37db-400c-9fd8-b63fbf875555,Charged Off,234058,Short Term,707,2467530,7 years,Home Mortgage,Home Improvements,14126.69,17.5,36,9,1,86583,169356,1,0,Y
5b71a3ed-a581-49fd-bb3b-e64137ef56e8,30c4cfc2-15e7-4833-b4fd-8823d362118d,Fully Paid,223234,Short Term,724,1156758,2 years,Rent,Debt Consolidation,5668.08,13,33,7,0,156370,203214,0,0,Y
5c9addeb-1331-409e-9c79-a6f0b726a2b0,fdd59d55-6bfb-497c-9858-42883d4ba3f6,Fully Paid,428846,Short Term,703,823042,10+ years,Home Mortgage,Debt Consolidation,13854.61,19.2,50,13,0,487407,990132,0,0,Y
59519170-e8bc-49a6-8683-16420289091b,726e50be-3ae4-43c4-bd59-cdc406a8b056,Charged Off,67562,Short Term,723,1168129.5,10+ years,Own Home,other,5055.33,23.1,13,15,0,243333,759418,0,0,Y
aa1934ab-3127-4af2-acdd-28868d36ba80,0c4e47e3-f426-4e0b-8436-3c91d02fda0c,Fully Paid,583352,Long Term,723,1168129.5,10+ years,Home Mortgage,Debt Consolidation,15582.47,24.5,66,16,0,641307,1847208,0,0,Y
7b388c82-920d-4f79-93bf-1ae6e3d606b1,a49ad179-164a-4109-8353-b7589d8bf594,Fully Paid,348348,Short Term,709,846108,3 years,Own Home,Debt Consolidation,6938.04,14.9,33,8,0,190817,265562,0,0,Y
b7d10ce5-7318-4270-84f0-578344759489,6181e925-d5d8-46a2-af7c-2eb1e0880257,Fully Paid,43758,Short Term,701,1228464,10+ years,Rent,other,7503.86,23.8,33,8,1,57874,183590,1,0,N
d2b2850d-2a4b-475e-addf-af074cfc456e,59d3bc3f-9409-4911-b987-cb2ae9b89ccc,Fully Paid,411730,Long Term,725,2621164,3 years,Rent,Debt Consolidation,18020.55,16,33,3,0,117762,592856,0,0,Y
029f5a5b-a081-4135-af73-698eb818f12d,9699568c-ea41-4c89-a184-a19fc876459c,Charged Off,776710,Long Term,723,1168129.5,3 years,Rent,Debt Consolidation,22921.79,14.5,33,9,0,255341,658482,0,0,Y
19999768-a086-471d-95d4-82b41b62ef00,69cf6d62-9f60-4786-a2a8-afaedf87ce2e,Charged Off,215578,Long Term,665,595783,4 years,Own Home,Debt Consolidation,8291.22,11,33,11,0,220115,407154,0,0,N
8d5b20d2-2552-4a19-8f6e-0d020a5b5495,f7e430c4-029f-4ca6-9ca3-21ffca56f5bf,Fully Paid,198308,Short Term,706,846431,6 years,Rent,Debt Consolidation,4753.99,16.4,31,8,0,58881,112310,0,0,Y
219a0003-2f76-459b-a943-71637a1b0276,2cf5aba4-6eca-419c-8a99-afbbe1cefbdd,Charged Off,272866,Short Term,723,1168129.5,3 years,Home Mortgage,Debt Consolidation,11670.75,21.5,33,9,0,211204,445456,0,0,Y
33ea9584-8aa9-4765-b235-8e9e44a0d708,8d1de553-e0ea-429f-9791-f55fa8c99ee1,Charged Off,292490,Short Term,739,1029857,10+ years,Home Mortgage,Debt Consolidation,21713.01,22.1,31,15,0,387714,811800,0,0,Y
8f3b3480-9378-4632-aaf3-a54c8d17b7f9,6944e76f-c877-4782-bd47-8689b418d091,Fully Paid,668712,Short Term,684,3368890,10+ years,Home Mortgage,Business Loan,53902.24,29.7,28,11,1,141037,265100,0,1,N
b4da4220-cd62-4a94-b9d2-69f9eafb4e07,e4b13240-43a4-49e6-be12-bf70f69d9492,Fully Paid,220880,Short Term,744,1239940,10+ years,Own Home,Home Improvements,1797.97,13,51,4,1,42370,225038,1,0,N
7f632a5b-e102-468f-b67f-63b18ea4bda1,349a9d0c-f5b0-49df-991e-1d628d2f47c1,Fully Paid,110286,Short Term,736,969513,10+ years,Home Mortgage,Home Improvements,12280.46,9.6,33,6,0,31160,70620,0,0,N
206f6202-418f-4a41-bfe8-0a82e121f8af,336159c4-7a7a-4ece-ac14-dbba1de63e4a,Fully Paid,249480,Long Term,708,1124154,3 years,Home Mortgage,Debt Consolidation,7925.28,14.9,15,5,0,160569,701580,0,0,Y
91b9e620-3653-4ce6-b0fc-ab9872a5df5c,c91f11ac-68fe-4303-8f44-8a4dc3d1e0fe,Fully Paid,334400,Short Term,735,1058908,8 years,Home Mortgage,Debt Consolidation,20295.61,19.3,33,14,1,256348,463804,1,0,N
9a753de2-d0bf-471f-b542-dd6f2b06fc2e,f03980f5-58c2-46b6-ba61-55c5b71c3471,Charged Off,325578,Short Term,747,749816,9 years,Rent,Buy a Car,12934.25,14.5,33,7,0,207138,329890,0,0,Y
dc5caefb-5db3-4256-a7a9-acb6a4944876,5c9f4154-4962-4f0f-abf5-db4f2a8ce2d5,Fully Paid,111034,Short Term,701,1150716,7 years,Rent,Debt Consolidation,25891.11,16.7,2,13,1,178334,357258,1,0,N
b63df631-2d55-4532-a2b3-44f435bc8ee9,9547beca-dd1e-4da8-8a3e-d121eabe920c,Charged Off,420684,Short Term,746,810616,10+ years,Home Mortgage,Debt Consolidation,15469.04,17.1,7,10,0,235505,529474,0,0,Y
b266ca49-7619-4fb7-98c6-8d0e9fe30462,d40c5b24-8646-4128-8fec-6e005d4bcaff,Fully Paid,267806,Short Term,692,1060048,10+ years,Rent,Debt Consolidation,10688.83,18.5,24,9,1,243428,319220,1,0,N
bd5e0a60-66a2-4d27-b362-30b6af6ec756,dace8b80-194b-410d-8eec-5df2afb17310,Fully Paid,346544,Long Term,722,972686,1 year,Home Mortgage,Debt Consolidation,24073.95,22.5,33,14,0,434606,944130,0,0,Y
b1f4b72a-3b17-41f8-a844-073f04f0c51d,da591410-ac89-4bdb-9dbb-a4dc0a514350,Fully Paid,24684,Short Term,724,697547,10+ years,Home Mortgage,Debt Consolidation,18310.49,13.3,33,6,0,31445,246026,0,0,N
98e41e05-d5c5-4609-9600-73582183fc87,2448e353-eaa6-48b3-9c84-b1555faf5d2c,Charged Off,207680,Short Term,733,529511,10+ years,Home Mortgage,Debt Consolidation,7589.74,14.5,33,9,0,113316,390522,0,0,Y
f43ddc04-f6bb-4a45-b793-b0f631c09021,9e13a612-6c1e-461d-b830-e77e5752c2b5,Fully Paid,110836,Short Term,742,765700,10+ years,Rent,Debt Consolidation,3407.46,13.9,33,5,0,107293,255090,0,0,Y
209a5d6e-c41f-4251-bdf7-69b77bd0aa27,f79fecc8-b33e-43ec-b850-521380e615e7,Fully Paid,676170,Short Term,744,1557240,10+ years,Rent,Debt Consolidation,18297.57,24.7,33,5,0,712994,1120196,0,0,Y
4754988e-60ad-4459-8fb3-8d7ed1f644df,f00775f8-f70a-47e2-84c2-7597aab3b430,Fully Paid,548790,Long Term,686,2972189,10+ years,Home Mortgage,small_business,6885.6,30,41,12,0,21565,402930,0,0,Y
9888d520-0152-48e9-967b-1df32115fa18,5f071653-25b3-4940-82b2-74a44cb5c052,Charged Off,185306,Short Term,716,1223771,10+ years,Rent,Debt Consolidation,17948.35,16.1,32,19,0,109896,130768,0,0,Y
b2731419-5e06-4e4f-9959-e66bb1ef47fa,37a544e5-7dc7-42f1-916b-23a259fac590,Fully Paid,266871,Short Term,743,1265134,7 years,Rent,Debt Consolidation,33315.17,14.5,33,13,0,190152,410036,0,0,Y
c161b75e-c925-4592-bf38-9aa505486dbe,13f860f3-73e4-4d7b-a6e6-82a7d0fe8df5,Fully Paid,173624,Short Term,723,1168129.5,5 years,Rent,Debt Consolidation,24835.09,11.3,71,11,0,234745,313874,0,0,Y
aff638fd-7f75-4f33-b7d4-8cffb332717e,8a72143c-e6b8-4331-81a6-49dcdd78a0f1,Charged Off,534556,Short Term,723,1168129.5,1 year,Own Home,Debt Consolidation,11249.52,17.9,33,19,0,451136,1949112,0,0,Y
115eb14f-350e-4ba4-bdb8-4e88b717bc2c,28720c21-9466-4e16-8b15-047adae95389,Fully Paid,729542,Short Term,734,2044438,< 1 year,Own Home,Debt Consolidation,57414.77,10,33,12,0,811243,1369302,0,0,Y
41774013-1735-4e63-a967-516731826a50,cf1eb3c5-c14c-444f-8151-a67ff76800d2,Fully Paid,287034,Short Term,723,1168129.5,1 year,Rent,Debt Consolidation,16331.83,6.9,33,5,0,272403,830060,0,0,N
54e70d31-fee1-4f17-9689-19d970243b24,ad9257ea-3056-4867-a4d3-7b1938405649,Charged Off,560956,Long Term,668,3391253,2 years,Home Mortgage,other,35325.56,30.3,22,29,0,570912,2592348,0,0,Y
3da2fe99-4bda-4506-bf6b-133d01681d45,6c75b88b-30d4-4109-83c6-f5134fe42195,Fully Paid,782936,Short Term,715,1719405,10+ years,Own Home,Debt Consolidation,29373.24,10.7,33,12,0,561830,1115840,0,0,Y
d9a3d1cb-6cf2-4895-9798-3c4439109ac2,0332dbab-ce6a-4eea-89f0-6b9e1c42eb21,Fully Paid,266871,Short Term,730,857489,10+ years,Rent,Debt Consolidation,3265.53,20.1,22,15,0,112575,413798,0,0,Y
487448a0-1b9a-4786-85bb-6eb24365c5c6,c2ddd5b7-5938-46f1-bfc0-321c571ebf9e,Fully Paid,215798,Short Term,725,1358994,7 years,Rent,Debt Consolidation,2502.87,15.5,33,7,0,114133,211442,0,0,Y
3c1de8f5-fa64-40b1-8cd9-d6a9fcafc1bf,908e07ff-9c66-4f3a-9cd4-ed1255c83eb8,Fully Paid,150788,Short Term,723,1168129.5,5 years,Own Home,Debt Consolidation,14511.82,31,33,10,0,262789,652982,0,0,Y
31f45540-7e9e-4c41-8c4a-178bd980ff8b,fa62964d-e8b9-4bd8-8fbc-9c75ae934fb4,Fully Paid,266871,Long Term,738,1341704,6 years,Rent,Debt Consolidation,5646.23,18.9,33,10,0,182058,932734,0,0,Y
75dd782e-3f48-4aef-8f94-61f09c9eee53,f596990e-f36d-4914-b29e-9d87c99b200e,Fully Paid,270116,Short Term,746,1652468,10+ years,Home Mortgage,Debt Consolidation,16937.74,14.7,33,7,0,261402,441232,0,0,Y
522d9785-1a21-41b2-9d76-106b56b93115,4963d404-5a22-4183-91a7-5c71db5f56a4,Fully Paid,266871,Short Term,749,1068598,4 years,Home Mortgage,Debt Consolidation,18255.2,20.6,33,10,0,409051,923252,0,0,Y
beb8fca0-ca0e-40eb-b484-11774e87c75b,5686a1f4-1250-4376-be77-51e222766d37,Charged Off,177144,Short Term,723,1168129.5,5 years,Own Home,Debt Consolidation,9437.49,6.7,33,6,0,155268,256828,0,0,Y
0fb0c185-553a-45db-ae72-5c47b8838dc2,4a369b32-499f-4112-adf5-0f739ffbf8bb,Fully Paid,585266,Short Term,706,1273000,10+ years,Rent,Debt Consolidation,20686.44,16.4,33,12,0,505343,645854,0,0,Y
4e0fa88b-6664-46e0-b578-d84be4ff9eda,57df5806-e920-48df-842e-361487781af6,Fully Paid,265320,Short Term,744,916560,3 years,Rent,Debt Consolidation,13137.36,9.5,33,8,0,183198,564168,0,0,Y
1d764f26-86f6-4a55-bf24-54314de3e8bf,2ce109a0-456f-49fe-a40f-78fdf4ac5223,Fully Paid,75394,Short Term,723,1168129.5,6 years,Home Mortgage,Home Improvements,17317.55,25.6,27,9,0,205409,417274,0,0,N
2596a446-45a6-4432-9489-f7e76fc45709,0fde2e42-e7af-4ec6-b51a-b74b5c410f03,Fully Paid,432168,Long Term,714,2090114,2 years,Home Mortgage,Debt Consolidation,18114.41,18.7,18,10,0,154508,378202,0,0,Y
f06daad7-43af-4477-9241-07cc85a71ec9,a76aab6a-4b42-46ab-8898-91351e25d969,Charged Off,324258,Long Term,695,896135,10+ years,Home Mortgage,Home Improvements,21133.7,28.2,33,15,1,109459,551034,1,0,N
d01913e4-80ed-4447-8afe-e9269c1db3fc,2f77b396-4687-4189-9781-dd7edec088d1,Fully Paid,434236,Long Term,728,1828237,1 year,Home Mortgage,Debt Consolidation,19166.06,12.7,33,8,0,356307,574596,0,0,Y
c28ee21c-119f-48a6-93e7-e8880b4e1ec3,30e42314-3fe5-49e7-a758-dabd45d5901c,Fully Paid,457402,Long Term,670,903526,10+ years,Home Mortgage,Debt Consolidation,22362.24,27.5,24,15,0,306736,369578,0,0,N
33e228bc-e8ac-4aee-91ec-551cfe1afad2,b55aada5-7b8d-4cbe-b982-6e6fca8fc19c,Fully Paid,118030,Short Term,723,1168129.5,10+ years,Home Mortgage,other,4366.01,17.7,33,10,0,229007,1012132,0,0,Y
6af9b9ee-7608-47b4-90b8-f17db9e75bd6,5e4a0b86-f639-4aad-a38c-7646c7bb15d3,Charged Off,335258,Short Term,737,1534516,3 years,Rent,Business Loan,25319.59,13.5,33,6,0,269211,551694,0,0,N
9f821aab-f199-44ce-b149-570e075edd4d,2a070e0e-0d08-4966-b857-0c57eeef4931,Charged Off,128678,Short Term,723,1168129.5,2 years,Rent,Debt Consolidation,23172.02,17.8,9,19,1,19076,133122,1,0,N
02ce3201-1a51-4d0a-a45a-fcec6242e8e9,65220108-67b8-4631-8497-059168fcc464,Fully Paid,167002,Short Term,723,1168129.5,10+ years,Home Mortgage,Debt Consolidation,18040.5,13.2,11,6,0,79097,178178,0,0,Y
670f9352-3686-4e6b-b172-c06874ac574d,4962cffe-c225-4f8c-95b2-7207a1655a4a,Fully Paid,786104,Long Term,701,2715594,3 years,Home Mortgage,Debt Consolidation,52501.56,38,33,23,0,1762725,3836580,0,0,Y
97c3f3e9-1c8f-4e91-9b97-27f2c972808e,05d6e70e-6bff-4918-acba-50f76ac58cde,Fully Paid,266871,Short Term,716,1458345,6 years,Rent,Buy a Car,33055.82,13.5,44,18,1,261801,495330,1,0,N
785cc4ed-f8fc-4526-b3d3-63f827bb9c36,a3de6da6-d59c-4320-b4b9-d32404bc7a1b,Charged Off,291500,Long Term,609,840731,10+ years,Rent,Debt Consolidation,20317.46,15.1,33,5,0,125191,151470,0,0,N
51fba638-6e4c-4ec3-bbec-25644a2cf9a4,e1886207-6d8b-4bcd-b6e9-0c7d7ce1b4ac,Fully Paid,266871,Short Term,746,3058829,9 years,Home Mortgage,Debt Consolidation,20213.72,14,24,5,0,21679,374528,0,0,Y
fcc00be4-73ae-4747-a6e2-7e9f79ca37e5,534be4c3-45bc-486d-8658-21c32fae814e,Fully Paid,39776,Short Term,723,1168129.5,10+ years,Home Mortgage,Debt Consolidation,12255.38,14.8,66,6,0,23484,72908,0,0,Y
3fb03af3-3dbc-4d59-8a0d-07c672e19d7a,f4ab24a6-9bbd-4a0b-8dc1-d1388e1a5882,Fully Paid,266871,Short Term,718,853898,10+ years,Home Mortgage,Home Improvements,12381.35,13.4,33,10,1,122227,375408,0,0,Y
a750c61b-b479-4285-ac66-ef151a650b87,0fdd6b51-cf89-4a42-9064-c88c90581acc,Fully Paid,194722,Short Term,718,1643481,10+ years,Rent,Debt Consolidation,18215.3,19.9,33,6,0,775637,1228612,0,0,Y
ece3b54a-304a-48d1-980e-9421cdd7d29e,75fc6688-6d38-4b76-b145-c80552130679,Fully Paid,328152,Short Term,699,944680,6 years,Rent,Debt Consolidation,18027.77,15.6,71,16,0,301169,385308,0,0,N
8759eaa6-1227-45aa-aeb9-fb3c4f446c56,d91ac4c6-6023-43e1-bc0e-1c1cdbde66ec,Fully Paid,197516,Short Term,723,1168129.5,10+ years,Rent,Debt Consolidation,10894.98,17.1,33,9,0,415226,654126,0,0,Y
98aaa636-696c-448f-9d93-0771813e2eb2,af21db09-b0d1-42c7-92e6-170170f5dcf8,Fully Paid,29172,Short Term,696,406942,10+ years,Own Home,Other,8850.96,16.5,33,7,1,31673,188012,1,0,N
2a6d58eb-6f57-4927-b18d-03e7e6d92228,3e14ef2e-8a50-40e8-bbf2-b895124d1486,Fully Paid,266871,Short Term,702,1238610,1 year,Home Mortgage,Business Loan,9712.8,17.7,33,9,0,43757,888910,0,0,Y
455b836e-bb8f-415e-85e7-2a5a34b7bb80,ad125cf7-946f-459a-a3d0-08d36748b7aa,Charged Off,229790,Long Term,678,2351250,7 years,Own Home,Debt Consolidation,38795.72,14.9,33,16,1,512202,1068584,1,0,N
efbdc17f-315c-4e09-94b3-1eb60793ce15,f0701754-e783-414c-83de-af8cd9d920ed,Charged Off,162580,Short Term,723,1168129.5,10+ years,Home Mortgage,Debt Consolidation,21805.35,29,40,13,0,281371,624140,0,0,Y
210901b4-3edf-43ed-aadd-176b0a03aeb6,0427866b-c3da-4794-aa74-b13e9f30fa17,Fully Paid,266871,Short Term,733,971660,1 year,Own Home,Debt Consolidation,15465.43,19.1,33,8,0,249375,301400,0,0,Y
d9199925-e2b0-490a-89e4-bbc038ce6d66,d5c36d65-43eb-4fe6-9d73-ccf70a6f7147,Fully Paid,773696,Short Term,723,1168129.5,< 1 year,Rent,Buy House,8120.03,14.4,33,16,0,361570,1162942,0,0,Y
d903b7ea-ed9b-4c30-a1ae-6308ad44863d,c8065825-f4d7-4db3-bede-5005691ad175,Fully Paid,266871,Short Term,737,823878,8 years,Rent,Debt Consolidation,11671.51,9.5,33,5,0,202388,374946,0,0,Y
f7fbc77d-4158-482d-80ab-d024943a4c83,c4ced673-112c-4495-8f48-59d22c09b8c2,Fully Paid,240966,Short Term,723,1168129.5,10+ years,Home Mortgage,Debt Consolidation,25311.42,16,27,15,0,306432,438064,0,0,Y
0b3751f0-84de-4a24-bd5b-2e1f90866049,fd2a90b1-b171-4416-a473-4272aeb1b7e8,Fully Paid,609092,Short Term,750,1690848,3 years,Rent,Debt Consolidation,17049.46,23.6,33,8,0,109877,1479500,0,0,Y
b06551fc-0c7d-442e-90ec-476f36ba44bf,2b7823a3-a277-4ca0-8e70-a52608a32549,Fully Paid,166232,Short Term,723,1152312,10+ years,Rent,Debt Consolidation,18532.98,21.3,65,6,1,31312,258918,1,0,Y
a6737bd4-ff1f-4a26-bfec-674c746be9ac,5da32a38-7c53-4ab3-931f-1754150c1f06,Fully Paid,266871,Short Term,706,562685,9 years,Rent,other,1359.83,11.1,41,4,0,47823,146124,0,0,N
a84256af-13f1-47dd-b775-e1cc6e219e51,58ddda92-44e9-4eef-b2e4-4de06813de2b,Fully Paid,670538,Long Term,603,1302849,7 years,Rent,Debt Consolidation,28120,17.5,33,8,0,195700,279400,0,0,N
0733731c-3f37-4ba7-84c2-5492f9b89c85,cd86abe1-15ef-44ca-b9a4-32abe32000aa,Fully Paid,266871,Short Term,742,1139088,10+ years,Rent,Debt Consolidation,19934.04,14.9,9,32,0,106818,479446,0,0,Y
afbc3693-8400-411e-8692-386c310f0288,c6572bf6-9c30-46d1-8ce6-bce9dc55b9f2,Fully Paid,215798,Short Term,723,1168129.5,2 years,Rent,Debt Consolidation,3091.87,16,33,2,0,33535,43186,0,0,N
9b44657f-fb4c-4f0e-bdaf-a984058c5742,64eae788-ea19-403a-b2d5-9bc9d1c8ce12,Fully Paid,206602,Short Term,741,1607666,10+ years,Home Mortgage,Debt Consolidation,18622.28,11,35,11,0,173242,310024,0,0,Y
b6a811ce-f244-41b2-8516-f38e88bf0160,5b8abdb0-207f-4ed1-8d13-2dad5f5e78eb,Charged Off,335720,Long Term,723,1168129.5,8 years,Home Mortgage,Debt Consolidation,18375.28,12.9,33,14,0,97337,473572,0,0,N
7ee7bf16-9b99-4c95-805e-a63184acfa84,0c91f352-514c-4e46-ab16-72812c7009d7,Fully Paid,266871,Short Term,720,1977748,2 years,Rent,Home Improvements,6295.84,15.7,33,13,1,151506,504064,1,0,Y
014d9c3a-8fc7-47a9-b8cd-68338a955912,11ddc5c8-23f4-4a8d-b75a-20197df401c2,Fully Paid,266871,Long Term,738,1678878,< 1 year,Home Mortgage,Debt Consolidation,17908.07,22,41,7,0,93879,216128,0,0,Y
3ea33bd6-0431-4c49-9b2e-7e7d9bc25711,9dbdf5a9-9d16-4ade-8c3f-2c0b86636f60,Fully Paid,301620,Short Term,724,1068674,10+ years,Home Mortgage,Debt Consolidation,23867.23,27.1,19,18,1,170962,423896,1,0,Y
2bba8a0c-d76d-4ed6-99ea-4e140d0ce375,db573cbd-d6ca-4847-bc94-0e0f5114cf63,Fully Paid,258500,Long Term,723,1168129.5,2 years,Rent,Debt Consolidation,28031.27,14.5,33,16,0,34713,638066,0,0,N
f49bf1f0-5db4-4c82-83cd-406ca16a225c,3efc3a71-b34c-4ce8-9087-ccd589ea2529,Fully Paid,283052,Short Term,714,1062442,5 years,Home Mortgage,Debt Consolidation,26472.51,16.5,33,16,0,224922,341770,0,0,Y
97a949af-0d6d-443d-9563-eb1185230c2f,ed62d057-7b85-4de7-8fd1-9a0a213eef6e,Fully Paid,607926,Long Term,647,1807166,< 1 year,Rent,Debt Consolidation,23643.79,16.2,33,8,1,306888,440330,1,0,N
be62e571-646f-46d5-8ea2-9cec481f6df2,70e18920-01ef-4210-99cb-b4cb5f6dd5fd,Fully Paid,446028,Short Term,693,2118633,5 years,Rent,Debt Consolidation,16083.88,16.8,33,6,0,381976,446292,0,0,Y
a9a806b2-8c91-4f5e-8c8b-08816e8f920c,c8a92289-6e3a-418e-acf6-c0ebcd93983c,Charged Off,531850,Short Term,749,1626799,9 years,Home Mortgage,Debt Consolidation,6547.97,15.8,70,12,0,380114,1202542,0,0,Y
864df804-a2ad-4439-a2c7-d2f8d5b22327,f6b656ba-bd37-441a-bdf4-96b2f5544fd4,Fully Paid,355454,Long Term,723,1168129.5,10+ years,Home Mortgage,Debt Consolidation,24123.35,13.9,33,21,0,263663,377828,0,0,Y
5401d2ee-b69a-4893-a1ea-20c966dfd034,b1c51dbc-523f-466a-a72c-c18d0d619b84,Charged Off,492536,Long Term,693,1070707,8 years,Home Mortgage,Debt Consolidation,21146.43,19.8,10,14,0,479845,736890,0,0,Y
8d7ca37a-68f5-405a-bf78-83f649d8c60e,d1e5e19b-7960-4444-a337-c013a33bde09,Fully Paid,140096,Short Term,723,1168129.5,4 years,Rent,Debt Consolidation,12406.43,8.7,33,10,0,155078,292930,0,0,Y
bd65cbab-c9c7-4d80-9c63-a03c199bed72,3c5478e3-eabc-4103-af2c-c132af2998e7,Charged Off,107448,Short Term,692,668059,< 1 year,Rent,other,4804.53,17.4,33,4,0,131404,242660,0,0,Y
1a60b701-62f7-47cb-9dc9-ff2b4be48678,be88bd89-226e-4349-90e1-8647f88bb5d0,Charged Off,184492,Short Term,741,758708,4 years,Rent,Debt Consolidation,14099.33,10.5,80,7,0,104329,408078,0,0,N
d6f8d42e-128f-41cc-ab9e-2e9d75079b47,621b894b-261a-41dc-88a3-ea6d863a3a61,Fully Paid,483010,Short Term,749,1536112,10+ years,Rent,Debt Consolidation,27394.01,16,33,12,0,232579,1235366,0,0,Y
730b4c0f-3144-4399-a72a-82ae0e32d156,312f4113-ca71-436a-a016-ae45958ddde4,Fully Paid,132374,Short Term,723,1168129.5,10+ years,Own Home,vacation,38903.07,25.9,65,13,0,591432,825088,0,0,Y
333dbc8e-31f8-4a9f-8576-484d9fa8dd72,8a8fdc4a-6ccc-4b32-8414-20be994692ab,Fully Paid,105842,Short Term,723,1168129.5,10+ years,Home Mortgage,Debt Consolidation,10381.6,21,40,12,0,314811,538428,0,0,Y
b1aa098e-4e68-4d53-9c34-e23136f56343,b5b425c5-c4b6-48c4-95e3-53792305f6ed,Fully Paid,267586,Short Term,722,1315237,2 years,Rent,Debt Consolidation,25318.26,13.9,33,7,0,458793,578688,0,0,N
29004eef-d4ae-45b4-b742-78bee9843ee5,3af35d63-33c0-4d72-868d-e485331e0da6,Fully Paid,342144,Short Term,696,671593,5 years,Rent,Debt Consolidation,10577.49,8.4,33,4,0,186181,564344,0,0,N
2f8289ad-08a4-4e79-a28e-4a8d1c57e082,265c20dd-90b0-4fd3-8429-1dd4bf918af3,Charged Off,475332,Long Term,667,988969,10+ years,Home Mortgage,Debt Consolidation,11702.86,15.3,33,12,1,206207,414546,1,0,N
b251d7a5-1725-4ce6-a7e6-2cf576ce8ca9,4d1a6974-a684-474e-b47c-b1496352e95c,Fully Paid,384648,Short Term,745,1267110,10+ years,Rent,Debt Consolidation,26081.3,20.9,33,13,0,344831,413314,0,0,Y
b6f1fbf3-e79f-4a99-82e4-0e9324257c8e,e104b113-a9e7-459f-b196-cff5c6de9f12,Fully Paid,206074,Short Term,682,578930,1 year,Rent,Debt Consolidation,11385.56,9.8,65,6,0,85424,182842,0,0,Y
b8eac0af-96d4-4e57-99ff-9c0ddc794960,1c80d5ad-8367-4894-ab6f-cdda4c5504af,Fully Paid,248952,Long Term,713,1156150,1 year,Rent,Debt Consolidation,31023.58,15.4,67,19,3,80408,151140,1,1,N
03fd301d-d36c-4ce4-805d-5efb00c08240,a1a1755e-9ef6-4af4-b331-444e2756dac4,Charged Off,540628,Long Term,722,2898659,10+ years,Rent,Debt Consolidation,27778.95,25.2,33,7,0,603022,778404,0,0,Y
76049649-fdae-47ea-8256-b0d9a4693fcf,3e7e8f60-1fc1-411f-886b-3964cb9bc807,Fully Paid,322652,Short Term,733,724470,6 years,Rent,Debt Consolidation,11048.31,14.8,42,10,1,120422,188958,0,0,N
045b2063-0e78-4893-96bc-9737cf39938b,65dd53bb-6b66-46c4-87c5-137dbed15bf6,Charged Off,193996,Short Term,735,2233944,10+ years,Rent,Debt Consolidation,8246.95,16.5,16,14,0,285171,530860,0,0,Y
ba9a11fe-1225-4e11-aa27-c5ab94a6a8e7,e49ded88-29f1-40f8-8048-5ef1a30eeef6,Fully Paid,87648,Short Term,746,305102,6 years,Rent,Debt Consolidation,5313.73,11.4,33,3,0,120498,356840,0,0,Y
96bc93ef-b906-466b-891f-7779c0fdfefa,8cbfe936-992a-436f-b005-6edb06018847,Charged Off,781088,Short Term,731,1541888,10+ years,Home Mortgage,Debt Consolidation,22999.69,20.1,33,15,0,477983,769758,0,0,Y
b6d8f0db-e036-42f1-a2b5-73786010d2c7,e604834b-2b48-44dd-9e24-19fad4c81602,Charged Off,621918,Long Term,715,2148425,10+ years,Home Mortgage,Debt Consolidation,20947.12,20.5,19,9,0,585884,784278,0,0,Y
7bae7f66-d6e6-4ce3-99d7-d5880e9d7fe5,5e1c9374-3032-4e45-94a3-db149205ce0f,Charged Off,431948,Short Term,723,1168129.5,10+ years,Rent,Debt Consolidation,25109.26,16.9,8,15,0,554230,1356740,0,0,Y
e8860175-045f-44cb-b4e0-64699028fa8d,705577ba-484d-47f0-a553-d4c2c88d6e51,Fully Paid,448734,Short Term,723,1168129.5,10+ years,Home Mortgage,Debt Consolidation,16742.42,18.4,7,21,0,495672,2539526,0,0,N
8e28a16c-1d62-46ea-91e8-b0b34ab14275,c0ed6375-b0bf-4897-9435-3e60e03248ab,Charged Off,319374,Long Term,723,1168129.5,10+ years,Home Mortgage,Debt Consolidation,12721.64,18.6,21,4,0,58558,200024,0,0,Y
ca1b32a7-e38c-4cbb-ad09-01441ee08630,9fcf07e7-abc3-4ef6-b1d5-26a6561d25d6,Fully Paid,266871,Short Term,751,700758,3 years,Rent,Debt Consolidation,14482.37,25,33,13,0,259730,1432090,0,0,Y
f5d43f75-ee0f-4e7c-aa49-1887dae22665,91688b35-d725-4ac5-85f8-981a9a75b06d,Fully Paid,133914,Short Term,699,1831182,2 years,Home Mortgage,other,17243.45,16.5,61,9,1,33364,58014,1,0,N
c30ac970-ed8b-4f72-b71f-b85e8fb9276e,f0dbbaf0-b2d7-48d5-8248-073986908b40,Fully Paid,286968,Short Term,719,1408185,10+ years,Home Mortgage,Debt Consolidation,20066.66,17.9,6,17,0,457900,1109218,0,0,Y
c662dd95-cdfc-4935-8150-935826c92c06,a1156a6b-62a3-4cea-b7d3-27592e8f26ed,Fully Paid,568392,Long Term,712,1906916,6 years,Home Mortgage,Debt Consolidation,34006.58,18.1,33,19,0,474430,682396,0,0,Y
2cc29e40-4d9d-4363-b667-85b8e68f78c1,d698584d-c6aa-4a57-8eed-0d8db2d2f633,Charged Off,756602,Short Term,723,1168129.5,8 years,Home Mortgage,Debt Consolidation,48618.34,30.2,33,13,0,1265723,1787280,0,0,N
7b19326e-a88e-466e-ac9e-a91a54961c68,81e5428b-a03d-4f53-b150-00aef1d1ed68,Charged Off,431948,Short Term,671,932615,3 years,Home Mortgage,Business Loan,10258.67,16.2,33,12,0,120194,529166,0,0,Y
73c340ab-cfeb-46d8-ac80-19ea09f2d85d,1e1534ac-8c70-4298-a7e0-eb74462ae000,Fully Paid,479490,Short Term,747,1223524,7 years,Home Mortgage,Debt Consolidation,28344.77,25.9,78,9,0,277134,438372,0,0,Y
b7e7162b-8cde-4972-ae95-ea122d0dccae,716fec9a-d973-48ec-b5f2-84f4dfe78298,Fully Paid,266871,Long Term,713,2597870,3 years,Rent,Debt Consolidation,19462.46,13.3,33,7,0,286729,529518,0,0,Y
b15e7140-b4f1-49ca-9222-e31850538de2,8de45d20-3cb2-408d-b886-1b1d58ac37ba,Fully Paid,266871,Short Term,706,983744,< 1 year,Rent,Debt Consolidation,14977.51,17.8,33,7,0,423852,683518,0,0,N
afd80564-9b2e-4796-915c-ab0331813cad,379c1838-fe78-4132-a7fc-df948703a0ac,Charged Off,117876,Short Term,723,1168129.5,1 year,Rent,Debt Consolidation,11014.3,5,37,5,0,63935,157872,0,0,N
2b0e59b2-59e9-4575-a471-c683a14c7db4,0e467f42-e276-4bee-a032-de91fc0571c2,Fully Paid,352418,Short Term,745,1512305,10+ years,Rent,Debt Consolidation,8204.39,25.9,33,9,0,283708,585574,0,0,Y
a29af53d-7954-428c-9619-47bb2b9efee5,1e8561ec-4905-42f6-b4e3-2310e45227e0,Fully Paid,408540,Short Term,718,1335054,8 years,Home Mortgage,Debt Consolidation,21027.11,14.7,18,12,0,271548,335566,0,0,N
6ba671df-e5e3-4c24-bf62-70d18df8cfe1,90dcefd9-b407-45eb-9937-cf0b0177eb10,Charged Off,300388,Short Term,692,1152996,3 years,Home Mortgage,Debt Consolidation,25750.32,10.1,28,17,0,130302,369798,0,0,N
86fed8c5-74f9-47f5-b429-26ec42e8a348,e5ba349d-d3a4-4822-870b-d333152133db,Fully Paid,327800,Short Term,749,1226735,2 years,Home Mortgage,Debt Consolidation,19627.57,14.1,79,14,0,290776,1058750,0,0,Y
3b6ed95c-b362-4493-9454-bbc0b6d4bb22,fca4d57e-e22e-48e2-9d1a-42b750452c25,Fully Paid,266871,Long Term,727,1467256,10+ years,Home Mortgage,Debt Consolidation,21153.08,38.5,33,16,0,635968,1207206,0,0,Y
633cbdd7-48cc-47b5-91f3-0a91d89bc1ae,0f772e7e-f71a-4fd0-ac87-50db06d4f263,Fully Paid,188672,Short Term,652,1008748,10+ years,Rent,Debt Consolidation,3127.21,11,47,5,0,68153,96580,0,0,N
10e4ce39-fe80-4c85-94fb-a6f2ccd06239,3a2ab379-e2b1-468e-ae54-72c784616788,Charged Off,546876,Long Term,723,1168129.5,5 years,Home Mortgage,Debt Consolidation,24642.62,23.4,33,13,0,141094,214698,0,0,Y
071d87cc-ed23-42d1-8c16-00cd38846164,eb6e6610-5f80-4552-8839-ce4d88ada950,Fully Paid,225126,Short Term,725,1263785,9 years,Home Mortgage,Debt Consolidation,15165.23,10.6,48,11,0,106571,333498,0,0,Y
1346c887-197c-41f1-8043-a32bcc207ef8,823f3d4a-da40-4f0e-85f7-83e3fd0aa351,Charged Off,450208,Long Term,658,1030370,3 years,Rent,Debt Consolidation,12536.01,18.7,26,11,0,341411,945758,0,0,N
75c83c61-3aa5-4604-a73a-435104fcaed9,85bc0dad-26b3-429d-83e8-486559bb4640,Fully Paid,328658,Short Term,731,1589464,3 years,Rent,Debt Consolidation,20133.16,20.6,78,12,1,94278,983378,1,0,N
88062008-50ae-4cd8-a1c2-3a144f307b78,0b920c5c-a312-4356-b9d0-c3eb4e3ca486,Fully Paid,171622,Short Term,723,1168129.5,10+ years,Home Mortgage,Debt Consolidation,6221.93,13.2,26,7,0,111131,199474,0,0,Y
a5645db1-7675-4cf1-a2fa-591338945450,ce2d5b7f-5c98-40ac-a6fc-e3f23ad7878d,Fully Paid,399630,Short Term,712,1335985,4 years,Rent,Debt Consolidation,28946.5,10.2,33,13,0,579025,687632,0,0,Y
51709345-5300-4357-a2bf-2a6767f4abc5,9d143754-01a5-444d-8f02-acf85b51c55c,Charged Off,365178,Long Term,714,788614,4 years,Rent,Debt Consolidation,10514.79,19.3,33,8,0,242991,318296,0,0,Y
0f93124e-f44d-48ba-a6f3-fc6a2bf6b801,d2d7893c-27c4-4cc7-8e40-69e4e83eb358,Fully Paid,351296,Short Term,723,1168129.5,4 years,Home Mortgage,Debt Consolidation,45129.56,12.1,33,22,0,149264,297990,0,0,N
444a956c-ac6c-4988-a63e-109290d52660,e4f235d2-1867-4741-813e-9896f760ceb6,Fully Paid,86218,Short Term,720,468255,1 year,Rent,Debt Consolidation,12721.07,13.9,33,6,1,27322,158202,1,0,N
dc3a6291-13f7-4db7-8d66-255cfa1ecd8c,f1a06b3f-5500-4988-b7dc-551304c90e22,Fully Paid,460284,Long Term,639,1211497,2 years,Rent,Debt Consolidation,13225.52,9.4,33,14,1,91371,542564,1,0,N
4d4f8510-8be4-41d9-9dcd-752333055407,3a91fac6-fd28-464a-990f-f0a533d2efe0,Fully Paid,618398,Short Term,714,4100941,10+ years,Home Mortgage,Debt Consolidation,16403.65,26.1,33,30,0,637165,1901482,0,0,Y
a49f7d73-f386-453c-8986-d6a9589ada0c,8b07719a-4f23-4e50-9abb-dec1929755e3,Fully Paid,266871,Short Term,694,741228,< 1 year,Rent,Debt Consolidation,21371.96,9,33,10,0,244188,525536,0,0,N
f58042c2-a927-4ea5-9e96-5bd08da0ed67,49b74cc7-4736-40f6-9f72-e9c98a787c08,Charged Off,179256,Short Term,702,677312,10+ years,Home Mortgage,Debt Consolidation,6208.63,14,33,5,0,277647,344960,0,0,Y
370a83a0-e4a6-420a-b71d-91748b2499a8,0c1ed830-7fe1-402b-af4a-ab7e722c2a49,Fully Paid,132330,Short Term,692,761900,< 1 year,Rent,Debt Consolidation,10730.06,7.4,33,7,0,91295,132308,0,0,Y
4481679b-4f0e-4d1e-a3d5-7f2a0859a1a5,289cbf03-97f2-4c1c-98ef-7785ccdc0e94,Fully Paid,69982,Short Term,723,1168129.5,10+ years,Home Mortgage,Debt Consolidation,4362.59,15.9,72,9,1,121220,293040,1,0,N
08b667e7-3a5b-4626-860a-a800d238b4e7,68dcbeb3-fa40-459b-abbc-27190252dab6,Fully Paid,324500,Short Term,711,971508,< 1 year,Home Mortgage,Debt Consolidation,19915.8,15.1,33,23,0,333431,547624,0,0,N
e7388a66-89c4-4f9a-99b0-c866357518e8,5f182706-5f96-4d9c-a103-3796e3a0a612,Fully Paid,643500,Long Term,739,1852500,10+ years,Home Mortgage,Debt Consolidation,20377.5,22.7,33,16,0,356193,1422190,0,0,Y
63bad4af-e996-4a84-95a9-fe19c13e408d,3b11af3e-fe5a-497a-adbd-910ed6f6f306,Fully Paid,756140,Short Term,723,1168129.5,5 years,Rent,other,24208.85,9.5,33,11,0,248995,553366,0,0,N
8666e18c-d2f7-4997-a681-ef8ab1324c27,20cec3d1-26e8-4b68-9d5e-92c9482ef377,Charged Off,172370,Short Term,742,800166,10+ years,Home Mortgage,Debt Consolidation,20737.74,25.5,33,11,0,289180,558052,0,0,Y
a1646494-c78c-4234-9959-a02c2b8660a8,54d6bb24-4e69-44e2-ba19-a846cf648335,Fully Paid,671616,Long Term,723,1168129.5,9 years,Home Mortgage,Debt Consolidation,28013.6,16.8,33,10,0,186561,544126,0,0,Y
e61c9a50-448b-4f14-a4c7-1bdb29848b67,f3d82ff4-05d0-4513-9254-a267db8be887,Charged Off,262790,Long Term,728,756504,10+ years,Home Mortgage,Debt Consolidation,10339.04,16,21,14,0,718694,1524138,0,0,Y
ba234eb5-1996-4f26-9b93-dfab67c44e19,3bbee81c-510a-490a-84fe-a3a2e42ba220,Fully Paid,266871,Short Term,744,1232283,9 years,Home Mortgage,Debt Consolidation,11193.28,14,33,7,0,203984,628188,0,0,Y
b38448e1-c898-4d52-9aa2-381801e0abfa,60218360-9629-4cba-a91b-111951e7dbba,Fully Paid,292952,Long Term,649,2062260,1 year,Home Mortgage,Home Improvements,18388.58,9.1,43,8,0,68780,143770,0,0,Y
68b063b8-90d1-40ed-8cb1-f31e3af4d624,4d99f63f-df13-4e54-aec1-1f0e77dee138,Fully Paid,380050,Long Term,698,1520817,9 years,Rent,Debt Consolidation,18249.69,19.8,15,8,0,367802,835076,0,0,Y
3c4fcda4-c163-4c8e-90a6-134f9f5b95d0,359d092f-2884-4cad-adec-5c3bfe2fbf76,Fully Paid,360998,Long Term,729,2319672,1 year,Rent,Debt Consolidation,17126.98,23.4,7,9,0,175864,557898,0,0,Y
52a8125b-8be2-4c31-80ae-6a5b57e62dab,a8694f04-0d6f-4b18-851a-2b5496bbc394,Fully Paid,768856,Short Term,739,3737395,4 years,Home Mortgage,Debt Consolidation,29026.87,19.7,43,10,0,130853,470514,0,0,Y
94e1a11a-30b0-46b4-9070-e99d3e91a0dc,b0fac61e-b41a-4aa5-8217-1763c5237337,Fully Paid,266871,Long Term,684,1239446,3 years,Rent,Debt Consolidation,30159.84,8,33,13,0,287736,808676,0,0,N
af831586-6ad8-4dd5-bdac-5ece27180ef3,02c36826-da5d-41b3-8b8e-5b58add0c339,Fully Paid,354530,Long Term,724,822890,5 years,Rent,Debt Consolidation,15730.86,11,33,15,0,262637,1055912,0,0,Y
1be2a814-897c-4cdd-989d-9ce8d55d6790,dd44a6d0-4997-487f-adf0-e85f537dd45b,Fully Paid,218350,Long Term,676,1282310,5 years,Rent,Debt Consolidation,7020.69,16.9,33,8,1,232617,406252,0,1,N
3f6d65e8-8d88-4a42-9a1f-bdf323e3f98e,773c2c9b-59c4-4667-994d-bd42b87aa403,Fully Paid,266871,Short Term,703,844056,10+ years,Home Mortgage,Debt Consolidation,13927,28.6,33,13,0,368353,478676,0,0,Y
72202a4e-ef48-4ee6-a738-7b0a5e717a71,b1db9aaf-739a-4e1a-9453-1cb51ed562f1,Fully Paid,112904,Short Term,749,1337353,5 years,Home Mortgage,Debt Consolidation,12259.18,11.5,33,5,0,67735,122540,0,0,Y
336f1df7-cb66-4d64-9a20-1f9364a53c3e,3a7885b6-fc27-4105-a779-97bcf7d1dca7,Fully Paid,266871,Short Term,743,920626,10+ years,Rent,Home Improvements,10126.81,30.2,33,5,0,197752,429616,0,0,Y
6152b894-14c9-4d17-a0e8-f2f03aff7f40,06d51e8e-ef9f-4ccf-9b6d-219e97b15fb3,Fully Paid,244310,Short Term,743,1216361,6 years,Rent,Debt Consolidation,24732.49,28,44,19,0,334267,716760,0,0,N
f962ac70-3a74-4505-9536-8b3a51782211,daef3dd3-ac49-43e3-a90e-e44f45af8dca,Fully Paid,118184,Short Term,704,286330,< 1 year,Rent,Debt Consolidation,7349.01,13,38,6,0,164483,278454,0,0,N
0e90ec5b-6772-4281-81d3-d630b7343a52,b8a66042-638c-4b8e-88f1-6b9c7d094bb4,Fully Paid,68244,Short Term,740,1871310,7 years,Own Home,Debt Consolidation,2744.74,20.7,14,6,1,64125,160380,1,0,Y
b6fd45cc-5271-4913-ba7e-bb305c773814,f78f3759-9ff6-483b-a277-695810b0b8eb,Fully Paid,319572,Long Term,723,1168129.5,10+ years,Home Mortgage,Debt Consolidation,33020.86,19.1,33,16,1,178600,408672,1,0,N
5d16f9b3-c749-4528-b9a7-3aff55569878,4287473b-57b4-44f6-bdc2-8bb70a8c5b85,Fully Paid,422092,Short Term,723,1013384,10+ years,Rent,Debt Consolidation,11653.84,29,65,9,0,412680,651882,0,0,Y
d51d7a15-da32-4e78-89e4-d4dcbeb57751,d40f741a-92e1-4547-addd-775eed289441,Charged Off,67320,Short Term,723,1168129.5,7 years,Rent,Other,7031.9,16.7,33,8,1,95,112222,1,0,N
4b9b3c5c-01a4-456a-be14-5529c89710b5,29ccf1c2-c56f-47bc-ba23-cc40f58076b9,Fully Paid,343486,Short Term,751,6489070,5 years,Home Mortgage,Other,3785.37,15.4,33,11,0,38019,285912,0,0,Y
197ee44e-f633-49a2-80e6-4e883d700e89,5875264a-d7cf-4f6b-8be6-9cb4ed78142b,Charged Off,132814,Short Term,717,1022523,10+ years,Home Mortgage,Home Improvements,26074.27,14.9,25,12,0,94411,153098,0,0,N
b11e59d5-4b41-453e-8a30-5276806bfb4c,01d86d59-a20f-4d2e-9cb4-b9157a6b13e8,Fully Paid,218416,Short Term,716,867711,4 years,Home Mortgage,Debt Consolidation,12798.59,12.4,31,12,0,93138,194326,0,0,N
19859b4f-f791-4fb1-9ba7-9cfbd9d1d1f4,3ff1f7f8-d578-48f8-9466-7550c3aa0e85,Fully Paid,436788,Long Term,720,980780,1 year,Rent,Debt Consolidation,7691.01,18,29,6,0,343748,510928,0,0,Y
4dee899d-6d72-448a-a9db-24f2ce2f16f3,c33445ab-e7a6-4218-a199-579ec286d04e,Fully Paid,266871,Short Term,738,792490,6 years,Rent,Debt Consolidation,7990.83,11.6,33,6,0,238925,366894,0,0,Y
57b2f7c2-006a-413a-9492-7b46e5d30f37,6b257294-0226-467c-8767-3ef94c7fb2c7,Fully Paid,43890,Short Term,749,1326808,1 year,Home Mortgage,Other,6269.24,33.5,33,19,0,92625,957638,0,0,Y
ca36ae06-3002-403c-9529-abe54dcf2645,145159fa-cfd1-4b9c-9848-f80631497bb6,Fully Paid,173646,Short Term,710,875026,6 years,Home Mortgage,Debt Consolidation,13949.61,21.4,19,11,0,112176,195294,0,0,Y
1da10df5-a125-431c-983e-be08e172a5b6,b28905eb-a713-4f51-88ca-e264d2667f54,Fully Paid,438372,Short Term,737,1703673,10+ years,Home Mortgage,Debt Consolidation,18314.48,18,14,17,0,287527,545776,0,0,Y
ceeef5de-d497-4ac3-b84c-207d12b46dbb,33748f75-2183-410f-80f1-6137f15dc6cf,Fully Paid,44924,Short Term,647,582027,< 1 year,Rent,other,1668.39,6.4,33,5,0,52839,179982,0,0,N
37e2c6b8-dbf2-4be7-ac16-d146c6564a78,f1f9e87c-d5a6-4315-be58-ef2992d3d185,Fully Paid,257840,Short Term,741,835088,7 years,Home Mortgage,Debt Consolidation,15448.9,27.2,34,12,0,193325,328724,0,0,Y
ba7f5018-b482-4783-96f5-1f592f45977c,29a594bc-1ca1-4272-b9d4-1ac2fcd0cdc6,Charged Off,757152,Long Term,723,1168129.5,6 years,Home Mortgage,Debt Consolidation,26778.41,32.5,13,11,1,131879,445192,0,0,Y
ce1aba64-a09c-4fd3-9ae0-1aaa9b9d96cc,8c6678d2-f486-428d-9ea2-a9a54ffb5246,Fully Paid,522456,Short Term,735,2068055,9 years,Home Mortgage,Debt Consolidation,44290.71,24.5,39,16,0,392502,598774,0,0,Y
336cc143-5a82-444f-82be-5bc59e19bfd0,d85626a4-48c9-4746-b073-3348864324f5,Fully Paid,337766,Short Term,746,1050111,7 years,Home Mortgage,Debt Consolidation,16276.73,19.2,33,10,0,334704,1203598,0,0,Y
8498318e-d390-4614-9c91-d95423a5def5,2dd6f780-0831-4779-ab97-f913ed0b48f6,Charged Off,440836,Long Term,723,1168129.5,10+ years,Home Mortgage,Debt Consolidation,28338.88,18.8,18,12,0,596258,838882,0,0,N
4c57c2d2-fbb2-48d6-8bf1-d176e49693c2,94c8b781-f9eb-4dc1-932d-ab47ad51d042,Fully Paid,324104,Short Term,721,3358782,10+ years,Home Mortgage,Debt Consolidation,22084.08,13.4,33,12,0,292429,538340,0,0,Y
1bdece96-5613-4a36-a65e-c307c6219b53,a18cb579-6dd3-484e-abd9-65846d31bca7,Fully Paid,116138,Short Term,718,361399,10+ years,Rent,Debt Consolidation,5421.08,24.5,33,7,0,180481,257048,0,0,N
9fc274c7-8ccc-4a40-a29a-2ec15cc0c39c,fa54d330-b6a8-4c39-b245-9527bb483378,Fully Paid,558866,Long Term,685,1835989,3 years,Home Mortgage,Debt Consolidation,27233.84,26.6,33,12,0,427177,635778,0,0,N
93573153-fe03-4d49-a8c8-aa759c0003cb,58569d71-b1d2-4226-b524-8fd1bacb5453,Fully Paid,529496,Long Term,721,1043024,7 years,Home Mortgage,Debt Consolidation,13646.37,17.9,66,7,1,141037,174460,1,0,N
e9652de2-2eea-46b7-98f2-934f12746ca6,c03878ff-cce3-496a-8055-b5baa510084b,Fully Paid,189244,Short Term,645,482125,10+ years,Own Home,Debt Consolidation,6106.98,15.2,33,11,1,92416,321332,1,0,N
e3a72639-7b2a-4ba0-bc4c-b8ac3e40c07d,945ebe95-ca44-41f5-b1fa-dfdefa4e0477,Charged Off,131538,Short Term,737,1098143,10+ years,Home Mortgage,Home Improvements,26538.44,21.8,33,8,0,690042,861916,0,0,Y
e8cbdce5-a592-4c5c-8f1c-551e0f3e4a8a,b4f48ac9-19a5-4f4f-a5d4-8465f8b8a7d0,Fully Paid,266871,Long Term,738,1576620,6 years,Rent,Debt Consolidation,24384.98,12.6,33,11,0,87970,499290,0,0,N
143c51a1-9acb-41df-b728-7c5a5decba3c,a75fc3a1-677e-408b-bc43-8cd272905092,Charged Off,239360,Long Term,730,563787,< 1 year,Home Mortgage,Debt Consolidation,9819.2,9,33,23,0,145578,581218,0,0,N
40d5bd13-af35-424d-8951-793c09372695,ed74b109-325f-44b5-9d66-619bb2a8fff0,Fully Paid,519178,Long Term,715,1120962,10+ years,Home Mortgage,Debt Consolidation,17281.45,27.1,16,5,0,272137,361350,0,0,Y
14f72055-5f58-441b-a82a-d25cde829b60,33aa069d-a514-4c4e-b8c5-eaf9d20831aa,Fully Paid,187726,Short Term,725,694811,10+ years,Home Mortgage,Debt Consolidation,16964.91,22.5,33,12,1,184186,318296,1,0,Y
63fce24f-1e0b-48c9-8f01-b2d73699acb1,8c979501-9968-4e5b-8eca-8c22405a899c,Fully Paid,78452,Short Term,724,941070,5 years,Own Home,other,22507.21,22.4,38,13,0,43738,267960,0,0,Y
7c54f2c5-1b06-453f-99ac-b43231adc028,63c5a3e5-1b7d-423b-9a8e-b93e8ff2ad3b,Fully Paid,427328,Short Term,710,1029895,6 years,Home Mortgage,Debt Consolidation,23172.78,19.7,33,11,1,79192,203302,1,0,N
0b365725-f220-42de-9681-d8c9369d5036,649c03f7-478d-439f-abcf-260688117cc7,Fully Paid,105798,Short Term,689,228437,5 years,Rent,Debt Consolidation,7138.49,12.5,33,12,0,197809,235862,0,0,N
894a70ba-30da-4020-b262-04fe67926ac9,cc3cdc8d-b2ec-48c3-8c50-5e597443296e,Fully Paid,326744,Long Term,724,1693071,< 1 year,Rent,Debt Consolidation,27653.55,15.2,4,9,0,333621,568106,0,0,Y
57d51a4a-bbbd-486f-a7ee-bea7a3a40e07,2a4a6121-e607-49f7-82ea-6c12297affec,Fully Paid,43824,Short Term,723,1168129.5,7 years,Own Home,other,12111.36,16.6,80,4,0,102106,131516,0,0,Y
c7aada93-a5dd-4b60-a39c-c7805a7e7eff,b8602659-ced8-47b6-bb1e-34036163c025,Fully Paid,336006,Short Term,739,2321496,10+ years,Home Mortgage,other,9111.83,24.1,33,6,0,502170,1321518,0,0,Y
2a37110d-89e8-497f-aab6-c8e9f2688ba6,686dbe54-31da-48de-aa5e-23209628ee30,Fully Paid,213664,Short Term,736,776948,2 years,Rent,Debt Consolidation,8028.45,8,20,5,0,124203,191246,0,0,Y
f9ef1009-e58a-4f89-813a-f88747b31dd1,1f364296-f23f-4f4e-ac15-ca0328004750,Charged Off,64460,Short Term,725,280706,10+ years,Rent,Debt Consolidation,3508.73,7,33,6,0,69597,125906,0,0,N
d8e01459-c8ff-4150-b2e1-040b5cf891cd,5b1d9cf7-d09c-4a2f-91c8-79ea213f3afb,Fully Paid,266871,Short Term,714,556263,10+ years,Rent,Debt Consolidation,3504.55,9.8,33,4,0,102866,255618,0,0,Y
ab3017ba-b2c8-49dc-b3b5-55f3dc40e290,9b9602a0-2fd0-4a2e-be3a-de02542e3286,Fully Paid,76670,Short Term,723,1168129.5,7 years,Rent,Debt Consolidation,6487.17,16.2,38,6,0,24890,48444,0,0,Y
64a8c4b5-df27-49b0-a024-81ad5c445675,d37955be-29fb-42e9-b9fc-2795dfd2a381,Fully Paid,200706,Short Term,701,655899,2 years,Rent,Debt Consolidation,12352.66,8.2,33,9,0,50996,164934,0,0,N
85f6b882-d2ca-4837-9fcb-ba3b8e1a86c9,3c0cf898-1a00-4d16-a4ed-7f09fa5e71ea,Fully Paid,208582,Long Term,691,1262797,5 years,Home Mortgage,Debt Consolidation,26150.65,20,33,8,0,982566,1182654,0,0,N
6b1fb430-8465-4876-b811-891c221d2d4a,c7624725-b91d-4eec-a065-0430f9e4a8ce,Fully Paid,137610,Short Term,735,1114122,7 years,Home Mortgage,Debt Consolidation,8615.93,10.7,33,10,0,119738,298804,0,0,Y
3877e759-c486-474b-96f1-2314617ee2f3,80f1cdaf-3225-4f44-8b1c-f88bbcae57c5,Fully Paid,206690,Short Term,655,1499176,4 years,Home Mortgage,Debt Consolidation,22737.49,15.7,13,10,1,65683,140844,0,1,N
400915a6-3049-471f-91aa-34e8303a71e6,d05d78b2-4a68-4819-b944-28ac99f3815b,Fully Paid,266871,Short Term,743,518111,7 years,Rent,Business Loan,9442.43,11.2,33,6,0,98629,189090,0,0,Y
9c977660-96d2-487f-886b-bfc23e2d2dab,7d960bb3-0274-4b69-9d07-11e7af87ba70,Fully Paid,540518,Long Term,687,1556024,10+ years,Home Mortgage,Debt Consolidation,27360.19,14.6,33,10,0,2114738,2817760,0,0,Y
1a2f768a-5dc4-4013-b5dd-29a8563a9a13,9804713b-61de-44a9-9efc-14e520018481,Charged Off,347688,Long Term,703,1058699,8 years,Home Mortgage,Debt Consolidation,9439.96,15.2,48,8,2,100111,287650,2,0,N
5e25f365-dda0-436d-ba4b-d97f6f8e93da,e1a08473-db17-4a07-b888-b4425368aedb,Charged Off,134464,Short Term,723,1168129.5,1 year,Own Home,other,26965.75,8.3,30,10,0,86298,167926,0,0,Y
ace31dcc-114f-432c-9cc5-84513fa3788e,d18edc72-d117-4491-b73f-f6f4761c36cb,Fully Paid,211508,Short Term,722,908010,6 years,Home Mortgage,Debt Consolidation,13090.62,12.5,18,13,0,68989,108526,0,0,Y
17abed39-8d82-4457-965e-49c2ac51dd5f,90b0ee93-dabc-4e96-851b-e5865bb02fa0,Fully Paid,175934,Short Term,739,816677,3 years,Rent,Debt Consolidation,3763.52,13.5,12,5,0,149055,221540,0,0,Y
7f331be5-d6bb-4f86-8447-fdd976a0f7df,7d592a84-c9c5-41ef-9e95-56182f1d657d,Fully Paid,396506,Long Term,721,1750280,10+ years,Home Mortgage,Debt Consolidation,13491.71,25.8,41,11,0,48013,96866,0,0,Y
3c631b52-0876-43fd-9805-65929545f148,51a37845-1b53-450c-9e65-83d462be3270,Charged Off,770616,Long Term,694,1996596,2 years,Rent,Debt Consolidation,50414.03,15.4,33,10,0,455031,1039214,0,0,Y
7be5b375-e010-4624-a9b3-92f034e31a2d,2728bf13-764f-44da-8938-0c1cea146b4e,Fully Paid,143352,Short Term,699,671783,< 1 year,Rent,Debt Consolidation,11868.16,9.9,33,7,0,236531,377740,0,0,N
42267206-3d42-4b58-aa12-eefaf8e2077b,ced8bb43-4628-43bb-8018-eeb25fc8403e,Charged Off,242748,Long Term,680,795910,10+ years,Home Mortgage,Debt Consolidation,8887.44,11.3,28,6,1,111169,242880,1,0,N
6830ce0a-133c-49c1-95b1-94fe8cbfb2fd,6fb791ca-5124-4149-a445-b9f1bc40d990,Fully Paid,65230,Short Term,741,1107776,10+ years,Rent,Buy a Car,5686.7,18.2,33,7,0,36347,243298,0,0,Y
c1106fa2-7b95-4bbe-b650-00feb3f92c57,4c4f7973-829d-48bd-91db-1f96ce1d6f24,Charged Off,265716,Short Term,719,658312,7 years,Rent,Debt Consolidation,11959.36,27.5,33,9,0,397119,594858,0,0,N
7ddc72db-449a-441d-b0ee-620d87b08f09,cdfd06c1-7e1f-4ffa-b89e-25e3e41f4753,Fully Paid,266871,Long Term,680,870561,5 years,Rent,Debt Consolidation,6993.52,30.5,33,10,2,261934,421256,0,2,N
4d8aba64-ad09-445a-a7b7-10dbfe9391a6,0d327452-6657-45d3-9260-cd9ae68ffaa2,Fully Paid,387244,Short Term,725,2316480,2 years,Rent,other,4285.45,7.1,33,6,0,75544,403062,0,0,Y
8ef253a7-388a-47ea-93ea-3e339315a631,3e0f7e65-9dcb-4da1-8166-d0a10d92fa58,Fully Paid,304678,Short Term,723,1168129.5,7 years,Rent,Debt Consolidation,28972.34,18.5,3,15,0,239020,685014,0,0,N
4c1d5195-f43a-44af-8322-f831800ce490,e849b404-a91e-4ffe-92f1-2a06e99d65a6,Fully Paid,751300,Short Term,716,3614978,6 years,Home Mortgage,Debt Consolidation,72600.71,11.9,69,29,0,957752,2128522,0,0,Y
383db62f-3821-494e-bd7d-6bf91fc0dde7,292f4ac4-71bf-44e2-b8b0-5b594a9456e4,Fully Paid,266871,Long Term,733,1503280,2 years,Home Mortgage,Debt Consolidation,31694.28,15.5,74,11,0,497344,1225268,0,0,Y
4ec27de2-8e13-4abc-a415-471e8bcbd94c,dbec6e5e-d9f4-4a31-bb2d-c48788f08448,Fully Paid,334158,Long Term,674,1074013,5 years,Own Home,Debt Consolidation,9003.91,10.7,33,11,0,261155,316316,0,0,Y
0630db1e-2280-4ce9-843c-a751a55dbe89,4b6003ad-5e2a-404e-b955-b4ec6a1d4123,Charged Off,213378,Short Term,723,1168129.5,10+ years,Home Mortgage,Debt Consolidation,10135.36,9.3,33,10,0,231686,379984,0,0,Y
8eae6581-c2c6-4670-9002-414af94380a1,bbd0e803-568b-4574-b260-a96efbeae309,Fully Paid,314688,Short Term,723,1168129.5,2 years,Home Mortgage,Other,8736.01,18.6,33,13,0,188480,808258,0,0,Y
62e6fcf3-67ec-489f-8e47-f4ec21a8c419,b1559fc5-f350-4930-ac2d-cfb347693b93,Charged Off,191686,Short Term,710,1166334,1 year,Home Mortgage,other,13510.14,23.4,16,5,0,423282,527010,0,0,Y
dd4a2634-7be8-492a-9632-b72a3d916258,4297b6ab-e01f-472c-b2f0-755deabddd30,Fully Paid,266871,Short Term,737,898358,3 years,Home Mortgage,Debt Consolidation,16919.12,28.9,69,12,0,607886,889834,0,0,Y
f501c18e-da84-41be-9e01-97e9e7f078a4,29b4a514-5220-40d8-bd70-aeb73d08831e,Fully Paid,323840,Long Term,672,1277161,7 years,Rent,other,15112.98,8.5,33,10,0,292220,716870,0,0,N
a40338eb-d5ac-44e1-9a1c-0bbdc844a5f4,96b7db3f-0a45-4260-b8e2-6d04c2f7c0b0,Fully Paid,348612,Short Term,719,715065,10+ years,Rent,Debt Consolidation,19247.19,12,33,12,0,288895,427218,0,0,N
71d01f04-baa3-4ae6-85e5-b40011135aa3,b33e028b-37e2-4b60-8348-a57a9ae8ef42,Fully Paid,266871,Short Term,730,758328,2 years,Rent,Debt Consolidation,9416.02,12.7,14,21,0,147079,743666,0,0,N
85db91a1-f510-4548-a96e-03d8a2faffb4,8f29694d-8b10-433d-908c-f78f736ae40d,Charged Off,265760,Long Term,711,994612,3 years,Home Mortgage,other,15002.21,34.2,11,10,0,350854,766502,0,0,Y
b4bb4e2d-27ac-4e2b-bb65-fdccd0bcc572,569bdc25-e6f9-4f99-bcfe-2ae85a5e944d,Fully Paid,106766,Short Term,728,1786608,< 1 year,Rent,Debt Consolidation,22034.87,11.9,6,10,0,82346,226996,0,0,Y
c018ddce-4209-47ee-b7d2-429d97f98cd9,a0f51fd3-d44e-478a-93e5-8eb103aae837,Fully Paid,109890,Short Term,718,778145,4 years,Home Mortgage,Debt Consolidation,6056.63,15.1,8,8,0,75962,158180,0,0,N
ebf0bbc1-8ea0-4835-84e1-2a37fbdc434b,92be0d20-ef42-48b9-9cd3-70aa8eb6146a,Charged Off,356444,Short Term,723,1168129.5,10+ years,Home Mortgage,Debt Consolidation,4368.67,14.9,33,8,0,155306,222816,0,0,Y
da0a8780-4f58-4afa-9562-adbb7e54bfb7,bd2970f9-92ce-4192-b80c-ff83cea87bd3,Fully Paid,221716,Long Term,719,1131906,10+ years,Rent,Debt Consolidation,20940.28,14.7,27,13,0,111150,262130,0,0,Y
ee85f8b6-9f16-4d37-bf83-2ea7f946a372,01bd144a-479e-4317-adff-8138388bf998,Fully Paid,510488,Long Term,685,1102171,8 years,Rent,Debt Consolidation,14971.05,26,15,9,0,428906,1232308,0,0,N
682d90da-8315-468c-af69-ba4a04a92589,4143f442-9590-4552-9eb3-baf1ca0326a9,Charged Off,352000,Long Term,716,1140000,1 year,Home Mortgage,Debt Consolidation,6726,25.8,33,22,1,185117,570064,1,0,Y
e65eeb0e-0db0-4a49-aae6-e85cb574973e,dd151820-42c3-401b-aae1-c49ced57a6ba,Fully Paid,74272,Short Term,740,1072303,8 years,Home Mortgage,Debt Consolidation,10186.85,27.2,33,9,1,160854,763290,1,0,N
b9522a28-7177-41e8-b15a-16c4f25842ca,0f6d5e13-d94d-4174-a035-caa2518c017d,Fully Paid,266871,Short Term,740,1305262,10+ years,Rent,Debt Consolidation,27693.45,20.3,33,5,0,439584,643478,0,0,Y
29ecf77f-fd6e-4cab-98bd-c3aeec8ad6c0,a55184ff-cd24-4248-893a-4e0f93d91e47,Fully Paid,215666,Short Term,691,651909,3 years,Rent,other,2982.62,11.3,36,7,0,79496,196262,0,0,N
2c8467cc-af02-4fb9-8db5-bf202367c22c,93479576-2563-451f-9752-120784c76ef2,Fully Paid,108240,Short Term,721,1458136,10+ years,Home Mortgage,other,24788.35,19.7,23,10,0,162070,700260,0,0,Y
5dea8d37-1223-43d9-896c-9d9949dc23fd,8b2f90cf-d08b-4b9e-9583-c415a383050d,Fully Paid,263714,Short Term,743,3416238,10+ years,Home Mortgage,Home Improvements,14547.54,13.8,33,9,0,271966,775654,0,0,Y
ed1fa9f9-b861-42e2-9462-914bd20fbfa6,bc1b324c-f66d-4f60-a8ec-525fe6456ab4,Fully Paid,436480,Short Term,679,2261760,3 years,Home Mortgage,Debt Consolidation,19790.4,15.7,30,9,0,341145,530222,0,0,Y
492832c1-1b01-4f8e-8df0-f447b2b78cba,5b351e23-f3ca-4a7e-ba50-b2ae9b7071fc,Charged Off,439868,Long Term,738,893855,10+ years,Home Mortgage,Debt Consolidation,13556.69,17.3,33,5,0,233130,5191098,0,0,Y
690593cb-e9bd-459a-aef1-e29caca5d5bf,10cb1231-2c52-4636-9837-3d00cd32ff99,Fully Paid,433928,Short Term,747,1030579,1 year,Own Home,Debt Consolidation,13740.99,20,33,7,0,264708,1001660,0,0,Y
44d84931-161e-4e98-837d-e50d0baff540,c7ca1a28-e92a-4008-8150-db0bce34b03f,Fully Paid,356422,Short Term,723,1303932,9 years,Rent,Debt Consolidation,15321.22,21.1,33,10,0,323323,446226,0,0,Y
80c1524a-7c0b-49fb-ba37-2eeeb249f0f8,2014280f-4223-404a-b077-e79ba9a79cff,Fully Paid,544346,Long Term,684,1692387,2 years,Home Mortgage,Home Improvements,3511.77,31.9,33,9,1,137047,337612,1,0,N
a1199a69-c5c5-4d19-a352-6f9edf007e90,49abfdda-f725-47f1-9ecc-e56a426dfc43,Fully Paid,440220,Long Term,661,1083551,10+ years,Home Mortgage,Debt Consolidation,17336.74,11.9,18,9,0,105298,330418,0,0,N
79569fac-8f77-49ac-8516-3a7d0415448b,b568aacf-dd27-46b8-acf1-522c7de59985,Fully Paid,394174,Short Term,654,1915846,< 1 year,Own Home,Buy House,22990.19,27,29,15,0,71516,507958,0,0,Y
9faf226a-d089-4f87-8cac-74274e8b33cd,8bac7b01-376b-4d3c-8134-965683795f55,Charged Off,259512,Long Term,713,1251359,6 years,Rent,Debt Consolidation,25861.47,28.4,55,15,0,433276,534270,0,0,Y
94c65e52-07b1-49f2-bfa1-4b33ed1e451c,b181b75f-cb87-48eb-bbd0-fca933dcd395,Fully Paid,222002,Long Term,723,1168129.5,3 years,Rent,Debt Consolidation,11690.13,8.5,33,5,0,155743,217536,0,0,Y
abe875e5-d8ef-42ae-9f52-8d0bda19f40e,40061953-706e-4329-919c-faa927a9adbe,Charged Off,90090,Short Term,711,1653437,< 1 year,Rent,Buy a Car,27695.16,18.5,33,16,0,265696,479952,0,0,N
74529cd6-f1f6-4460-9935-5b3865842a80,4de7f66c-71a9-4b46-841b-1690269e98a2,Fully Paid,218020,Short Term,737,860491,10+ years,Home Mortgage,Debt Consolidation,6403.38,24.9,78,11,1,140125,377322,1,0,Y
16da4a61-566e-4cd7-9f73-6886c56ce6d4,4a448cc6-5759-4e8d-bdbb-ab728bfb7dc8,Fully Paid,197472,Short Term,720,909530,8 years,Home Mortgage,Debt Consolidation,17357.07,17.1,33,18,0,448647,700128,0,0,Y
1a77e93c-a84b-49d9-b1b7-91a31f63667b,e774b29a-b846-4025-b71f-7085b26d3420,Fully Paid,717794,Long Term,646,1549792,10+ years,Home Mortgage,Debt Consolidation,26346.54,22.6,76,9,0,552577,771804,0,0,N
1e17bf31-91b0-4e96-91cd-bb3b697f019d,476d4337-26cd-4f3f-9b78-06e0947f59bb,Fully Paid,216414,Short Term,706,1682127,10+ years,Home Mortgage,Medical Bills,11816.86,16.1,47,18,1,112347,357390,1,0,N
7f356c26-933d-49b3-8c88-d7fe915d4f63,f1988b5f-524e-4a99-b3ab-e4c5398f7eaf,Fully Paid,112706,Short Term,723,1168129.5,6 years,Rent,Home Improvements,14489.59,20,56,13,0,198588,332772,0,0,Y
dc9ec2d2-5535-4541-bc8d-a90c1b69ff50,79d10348-fba6-4e7e-98bd-848c1da87c90,Fully Paid,266871,Long Term,719,1285274,5 years,Home Mortgage,Debt Consolidation,11353.26,11.7,33,4,0,166250,302676,0,0,Y
21c441f3-426e-4a1b-b25b-f2380e842230,de5dd7c7-007d-48fb-b46e-86834df7030b,Fully Paid,215512,Short Term,708,1535048,10+ years,Home Mortgage,Debt Consolidation,9325.39,15.8,38,9,1,126388,206712,1,0,N
935d3ec3-c667-408e-b8f8-3691fe001a69,ea28c5f1-320b-41e9-b363-0ef8ff11f147,Charged Off,429220,Short Term,731,1297415,10+ years,Home Mortgage,Debt Consolidation,25515.86,22.2,33,14,0,444790,682132,0,0,N
91911285-3de8-4f10-8cbf-b3011bab07ac,b1e73481-ba55-4b0f-bb94-f5221888d790,Fully Paid,445456,Short Term,745,2885340,3 years,Home Mortgage,Debt Consolidation,53859.68,15.6,33,13,0,261231,598972,0,0,Y
a4ca0962-d976-491a-88c3-3e649aa64465,726acbef-b894-44aa-8827-f99fa541dba9,Fully Paid,274780,Short Term,723,1168129.5,< 1 year,Home Mortgage,Debt Consolidation,7562.19,12.7,33,14,0,120688,347644,0,0,Y
0ce59bcf-5f21-4285-bb46-0056f415e50f,15e78333-7be0-47c1-9440-6ea1da4f9bf5,Charged Off,99594,Short Term,723,1168129.5,10+ years,Rent,Debt Consolidation,13371.82,17.6,40,9,0,80978,669812,0,0,Y
4941d325-c00f-4fa3-bb32-b4b243e75da5,650bb2dc-df1e-4744-af4d-e4f2d7016c6d,Fully Paid,263626,Short Term,744,1290195,6 years,Home Mortgage,Debt Consolidation,29459.5,11.2,33,16,0,359138,973852,0,0,Y
a33bc3de-c5cd-4999-acfa-e16ea1f990a1,e5d35061-0c80-43fa-953d-837443a4dbec,Fully Paid,264924,Short Term,749,2497721,10+ years,Home Mortgage,Home Improvements,16713.92,19.9,33,7,0,217322,793804,0,0,Y
df443e44-8ce8-40b4-bfe8-a84b98a9fff2,524a08da-9a15-4796-b930-736dd4567d90,Charged Off,213356,Short Term,729,799083,6 years,Home Mortgage,Debt Consolidation,6306.1,10,18,12,0,118617,224422,0,0,Y
d616440f-2b88-4791-be66-0178ac7e6d91,75cdaf88-6cad-4a52-9264-53dae3afdb4d,Fully Paid,268664,Short Term,740,1102171,9 years,Home Mortgage,Debt Consolidation,27462.41,13.2,33,13,0,194313,635558,0,0,N
22551835-6199-4881-85c1-b9936a844399,d6eeb750-a12f-49ef-943b-d4a5c4d88907,Fully Paid,263274,Short Term,723,1168129.5,10+ years,Rent,Debt Consolidation,6065.75,14.7,33,6,0,191444,337392,0,0,Y
39e4fdba-ab5f-44e4-a4be-f401c3e567c9,0594396c-a1e1-4efb-9baf-6a80716d7c3d,Fully Paid,174108,Long Term,643,1221662,4 years,Rent,Debt Consolidation,10567.42,8.9,33,5,0,122265,169752,0,0,N
0897280b-6f56-4f01-9e42-a44e1105ed53,df80bc8e-d8fe-4ef3-b31d-ce38a91fce7d,Fully Paid,506264,Long Term,633,1821796,10+ years,Home Mortgage,Debt Consolidation,21405.97,23.3,17,11,0,192660,505868,0,0,Y
992e6eb9-474c-45ca-a688-d0a13de5e482,2afaa2bf-afe8-40eb-851b-c076bd9217e7,Fully Paid,482944,Long Term,696,1327872,10+ years,Home Mortgage,Debt Consolidation,11618.88,22.8,39,10,0,207974,254540,0,0,Y
7e9bd1a2-2c93-48ec-9526-a7fd94c397d5,c36ba462-46a7-48a7-afb6-b036750f996b,Charged Off,350592,Short Term,723,1168129.5,2 years,Rent,Debt Consolidation,33590.1,8.7,33,14,0,362615,471240,0,0,Y
ff22ce17-f691-473f-8a84-226a76f0715d,0f606a5d-9a63-4f00-8415-9d6cad41e08f,Fully Paid,32406,Short Term,732,1586253,2 years,Home Mortgage,other,10204.9,21.9,10,4,0,0,0,0,0,Y
5cdd41a5-60df-4bca-98cf-fadcf59b2245,4959fbc6-301c-4a74-8e4d-2c186f722e1f,Fully Paid,454058,Short Term,749,2644116,4 years,Home Mortgage,Debt Consolidation,9805.33,29.5,33,9,0,263359,1040798,0,0,Y
428cbe3a-9c54-47f4-bd6e-78e948897fa5,45153cbc-4c45-48cd-a927-33113dc00dab,Fully Paid,352880,Long Term,670,1055868,9 years,Rent,Debt Consolidation,28772.46,16.5,33,9,0,348764,702328,0,0,N
b664420b-344f-49ab-bc84-1a01c3d48a9d,b4775d32-426f-4619-a30c-67a3ae73d1a0,Charged Off,335060,Long Term,681,1936955,7 years,Home Mortgage,Debt Consolidation,20983.6,17.5,33,13,1,381691,598862,0,1,N
9d202cd9-d1e4-4555-ac5c-5a31e3945ffc,8a589bd6-5856-45e9-87f9-68ddda842c4e,Fully Paid,266992,Short Term,745,864671,2 years,Rent,Debt Consolidation,1441.15,17.2,33,8,1,31008,398992,1,0,Y
f08d7c52-d768-4eb3-a305-1c117b6e2f3c,7121f2ba-7291-4d14-9df7-37b1497c8aa9,Fully Paid,403172,Short Term,738,1973074,< 1 year,Rent,other,11443.89,6,33,9,0,94468,504108,0,0,Y
5daf1555-2663-49f5-8abd-34aab9276919,51912caf-1e03-4ac7-bfec-e899a2e2375b,Fully Paid,284328,Short Term,677,1818908,5 years,Home Mortgage,Home Improvements,23039.4,10.1,36,14,0,174401,332706,0,0,Y
03bf6263-6089-49ae-b435-159c3316bf8b,2e3817d2-1fd0-433a-8474-6855663ba1f9,Charged Off,242528,Short Term,698,582730,10+ years,Rent,Debt Consolidation,13451.43,14.2,30,13,2,252301,404052,0,0,N
8aa24ad6-f51b-4737-9cfe-4ac230cf6c39,0ac9c1a1-94b9-4894-af59-6a34ebcf14a1,Fully Paid,266871,Short Term,745,1042188,7 years,Rent,Debt Consolidation,20496.25,14,33,17,0,148333,596376,0,0,Y
a0226d24-dcfd-4170-bf17-bb111b43a573,9eb8ecc6-c7d1-4c2f-bf34-24ef39c577e7,Fully Paid,328614,Short Term,723,1168129.5,10+ years,Rent,Debt Consolidation,9193.72,17,18,8,1,207442,271722,1,0,N
a8c0f847-5a00-4ad5-8ba2-05f427f7e120,bb578c23-5a0d-474b-ba68-14cacc9b4081,Fully Paid,157410,Short Term,743,699124,5 years,Home Mortgage,Debt Consolidation,8739.05,9.7,33,6,0,60306,114664,0,0,Y
f978e674-daf3-49d8-a944-e9ab27eefad6,f4bdfc41-dee0-4457-adf1-0b83d61b8173,Fully Paid,472450,Short Term,747,1398913,10+ years,Home Mortgage,Debt Consolidation,17952.72,23.8,4,11,0,110523,699248,0,0,Y
226f7060-57e3-4ea8-929b-63e71107f312,7b439716-513e-46a3-bcec-9f8fec82101a,Fully Paid,772552,Long Term,717,1620339,10+ years,Home Mortgage,Debt Consolidation,19038.95,24.3,33,10,0,1096452,2057660,0,0,Y
283e5dde-9189-4e7d-b1bf-44d155354858,7d20bfbe-3a36-4eb8-b237-cab70920d527,Charged Off,171710,Short Term,731,926820,9 years,Rent,Debt Consolidation,12203.13,16.5,33,19,1,115672,379412,1,0,N
9df3588a-2b48-45e8-b738-6dff3c49da2f,afe5a05c-8165-4767-82e8-28d0b6e55136,Fully Paid,240240,Short Term,743,1400566,1 year,Home Mortgage,Debt Consolidation,19689.7,22.1,6,11,1,203889,618002,1,0,N
ab2497b4-e745-49e4-9a45-25f2c8b44b60,64cba960-e172-4db3-bc0e-a4fa5fc127bf,Fully Paid,44088,Short Term,735,868224,5 years,Home Mortgage,Home Improvements,12719.36,13.2,33,5,0,48070,154198,0,0,Y
d42f5276-2b29-4f2c-8c5f-56c9266f2b63,208fecb9-40fb-47aa-8e3b-e5d28faceea9,Fully Paid,224730,Short Term,747,873392,7 years,Home Mortgage,Debt Consolidation,3879.42,10.9,33,17,0,116033,574112,0,0,Y
85b793c6-9da3-4776-be1f-18f257c4b2a4,cd65a2dd-4f9a-4224-be7e-e03baac13687,Fully Paid,266871,Long Term,701,1571946,10+ years,Home Mortgage,other,26461.11,17.9,33,8,0,332196,404866,0,0,N
f560c315-5ac7-4d23-ab27-9627916d025e,78abf564-eebc-4086-bc72-2fbd79dd9e36,Charged Off,190806,Short Term,723,1168129.5,< 1 year,Rent,Debt Consolidation,10936.21,9.9,33,19,0,100035,171336,0,0,N
2e6a224b-4cba-4a26-937a-5c1b1674247a,0890811f-0a70-4caa-b8ca-adadcaa4a826,Fully Paid,225280,Short Term,743,778240,3 years,Home Mortgage,Debt Consolidation,7717.61,24,15,9,0,253232,430584,0,0,Y
80530120-aee3-48d4-97b7-f6c74c60da73,dfe87834-58da-4fd1-a688-16b7b5c1b8d9,Charged Off,324830,Short Term,717,709916,8 years,Rent,Debt Consolidation,12955.91,13.8,0,14,0,280421,753346,0,0,N
fe4f6385-5ac2-48af-bda9-d7fa76c2a4bd,94b29841-fd9f-44c6-8e2d-8ae244c7bb83,Fully Paid,752686,Long Term,715,1671525,7 years,Home Mortgage,Debt Consolidation,16018.71,13.1,33,9,0,336053,481580,0,0,Y
7e456005-76f4-4681-8043-fcd88c9dade1,483f9f34-14a6-4344-802d-8e371c06e157,Charged Off,112442,Short Term,724,1420782,10+ years,Rent,Debt Consolidation,23206.03,28.4,33,11,0,140410,193314,0,0,Y
08a91d45-2831-4047-abee-9a77fbf5d1d4,b1b25b17-bfbe-450f-911b-0f187ae6abf2,Fully Paid,520608,Short Term,748,1386316,10+ years,Home Mortgage,Debt Consolidation,23913.97,29,40,25,0,674918,3256132,0,0,Y
55145673-9a88-4744-8e06-fdfc1623eb42,a8821e0c-35c7-4279-a9e9-96984c838262,Fully Paid,172040,Short Term,731,612902,2 years,Own Home,Debt Consolidation,11134.19,9.8,29,29,0,98648,562628,0,0,Y
44eea5a1-573c-4830-b0e5-8f3f634f6472,6363f1fd-5f4f-43b0-8783-10fa9507fc8c,Fully Paid,396792,Long Term,723,1168129.5,10+ years,Home Mortgage,Debt Consolidation,15627.88,13.9,33,5,0,347852,452034,0,0,Y
459225ab-b6bd-4038-b0d7-2d6489a38b1c,5a169042-6120-4528-be22-c8d81582246a,Charged Off,215138,Short Term,734,1746461,10+ years,Home Mortgage,Debt Consolidation,11424.7,25.8,25,8,0,324501,393844,0,0,Y
c840c262-69ec-4c17-8a36-40d735999961,9ce8ebe2-7dde-428f-8f8d-ac7e2b101845,Charged Off,345664,Long Term,719,1306060,7 years,Home Mortgage,Debt Consolidation,17958.42,21.6,33,6,0,234099,311212,0,0,Y
e0f3ccff-ff32-4b59-836f-79cdb45dd980,353a480d-6ee8-4588-acc6-6a1c77363429,Fully Paid,37752,Short Term,715,767372,2 years,Rent,other,11446.74,14.2,9,5,0,703,205480,0,0,Y
aa1e4830-235a-4b35-9f39-587bbaea4705,1fa5ff55-f380-45bd-90ce-c8b35b0b0b29,Charged Off,156266,Short Term,737,965998,9 years,Home Mortgage,Debt Consolidation,21734.86,15,33,9,0,156503,495154,0,0,Y
f4b30061-35d9-405d-b075-0a306ffb5b83,b4f7b5d3-e138-46cd-b77b-2b28b70e2890,Fully Paid,197714,Long Term,746,1081480,10+ years,Home Mortgage,other,7209.93,20.5,33,14,0,101479,1129722,0,0,Y
028827d1-57a5-4ed7-817b-614deb6808ea,73cfea7d-a454-4e3a-84cc-ff274688a6da,Fully Paid,629860,Short Term,723,1168129.5,10+ years,Home Mortgage,Debt Consolidation,35438.99,17,33,13,0,984884,1798720,0,0,Y
a95fbede-1315-4e00-a4d8-1fc147a4b77e,ac24a40c-5ab4-4d57-a3dc-de7c86de4672,Fully Paid,281644,Long Term,723,1168129.5,10+ years,Home Mortgage,Debt Consolidation,17788.18,34.1,34,21,0,671593,1419044,0,0,Y
474f6d72-1bcb-478a-b38b-73edcc09301d,c4930dd2-fa40-487d-bbcc-51b3deb135f4,Fully Paid,266871,Short Term,748,2235255,7 years,Home Mortgage,Debt Consolidation,41910.96,15,33,13,0,840123,1487420,0,0,N
3aaf7e86-a62f-47ea-ad5d-65dcf4a92528,ea91b8ee-58bb-416f-a519-8dad286fb595,Charged Off,549890,Short Term,713,1082791,< 1 year,Rent,Debt Consolidation,18226.89,32.4,5,13,1,173831,575102,1,0,N
a3864fa1-d7d7-4b8b-95c7-0658ddf52c19,64c41a05-5d70-4d73-8292-23194f167da1,Fully Paid,257950,Long Term,730,851466,3 years,Rent,Debt Consolidation,19299.63,8.2,33,7,0,144438,268884,0,0,N
3b156d20-5031-4bad-a6e5-88791c063ef1,a97b4197-7c89-4078-a3b1-1618f4bb35be,Fully Paid,171820,Short Term,719,649249,6 years,Rent,Debt Consolidation,3468.07,20.5,33,3,0,97755,118162,0,0,Y
adf07b5c-8b38-4feb-9370-e40b17c79e05,3eb3d13f-9afa-4f01-b614-cb93795727e2,Charged Off,321794,Long Term,720,741076,3 years,Own Home,Debt Consolidation,12536.58,30.6,33,7,1,226423,306636,1,0,N
1798323d-a65d-48a6-a7e5-13ceca2266de,4a1f3508-77ef-493d-89bd-128026651e39,Fully Paid,154506,Short Term,718,732963,< 1 year,Own Home,Debt Consolidation,5094.09,10,33,8,0,68628,309210,0,0,Y
78531d66-5f15-4813-886e-0b18972b016d,35c0fc78-a2d0-48ca-abf3-50215ae8a6bd,Fully Paid,182776,Short Term,723,1168129.5,2 years,Home Mortgage,Debt Consolidation,4698.32,16.6,40,9,0,62833,128964,0,0,Y
073c20d2-8a88-4cb4-b046-44d3e0f31344,4d598004-cc29-4049-9b5e-03f101b399aa,Fully Paid,404404,Short Term,748,2522364,9 years,Home Mortgage,Debt Consolidation,6852.54,24.9,33,6,0,270370,692648,0,0,Y
cc094102-e979-4e51-9a6a-36bec0b7dd3b,2288c274-d686-4215-a9ef-9c82b313ca16,Charged Off,22198,Short Term,747,1437407,< 1 year,Rent,Medical Bills,2898.83,23,33,4,0,109212,239030,0,0,Y
ec576229-4566-492a-ad55-7190444b5d3e,c6f9d8c6-d3c1-4ee0-8638-12a29a11b9f6,Fully Paid,113784,Short Term,723,786125,1 year,Rent,Debt Consolidation,13429.77,9,33,32,0,188499,1705198,0,0,N
91a5b0ab-22e3-4559-817e-28a5c89b33b8,798df618-0e1b-4813-b0cd-953babc73710,Charged Off,310332,Long Term,723,1168129.5,2 years,Rent,Debt Consolidation,19574.94,13.8,33,18,0,273011,409464,0,0,Y
8710d756-2e28-45bf-83cf-9012b8c788bd,12a1dc68-9813-4265-8355-2821cfe623f4,Charged Off,357808,Long Term,586,1030066,10+ years,Home Mortgage,Debt Consolidation,24978.92,15.2,39,12,0,344470,470360,0,0,N
e60739fe-cc53-4fa1-a403-57d3ad9d312d,fdad9d0d-c631-4e4d-8914-cbe37e5ada02,Fully Paid,130064,Short Term,710,936035,8 years,Rent,Debt Consolidation,12558.43,15.8,64,7,0,233947,351362,0,0,N
d005edca-6461-4b28-8960-217df817850a,1cfad5a4-c54f-412c-963d-e8d6a9872147,Fully Paid,266871,Long Term,603,982167,10+ years,Home Mortgage,Home Improvements,3339.44,14.8,33,4,0,64980,118096,0,0,N
adc1a8c1-a0b6-45b2-a7ec-3ef0bb45da8b,27d3f54e-a464-47de-add1-24b30505915a,Fully Paid,757768,Short Term,716,2393335,6 years,Home Mortgage,Home Improvements,21739.42,22.2,13,9,0,205333,424578,0,0,Y
838854e2-3f82-40ca-8185-b15b10fc06ec,b7bf27b3-b9d0-40ad-a300-07ce865127b5,Fully Paid,180180,Short Term,723,1168129.5,8 years,Home Mortgage,Debt Consolidation,37062.54,10.1,45,12,0,150442,308308,0,0,Y
06121802-a0e1-496d-b93c-338f61d14adc,f2e2c480-fa67-4014-aa27-fcb2cbac5a81,Charged Off,151096,Short Term,721,671137,1 year,Home Mortgage,Debt Consolidation,12863.57,17.9,8,8,0,108509,209396,0,0,Y
b48149c9-5513-47c3-9177-a37c6b216d60,124273e4-98b8-41b3-a877-da1a539fd702,Charged Off,300674,Long Term,737,1813854,10+ years,Home Mortgage,Debt Consolidation,32845.68,28.2,33,16,0,608095,1747174,0,0,Y
6fe63e95-4834-433b-a765-400364b37f90,c4c869e3-2a17-4ff7-ad41-f39de0b214a6,Fully Paid,369754,Long Term,683,1257971,1 year,Rent,Debt Consolidation,28304.3,18.8,33,25,1,43206,685168,1,0,N
b7eca355-00e5-420a-b177-86199749c65e,b96ec9d5-8be9-40d2-8edd-18ca8c2b62ce,Fully Paid,335786,Short Term,704,1159950,2 years,Rent,Debt Consolidation,18462.49,15.3,33,9,2,227810,436722,1,1,N
1e63586e-3c0b-451b-8df6-423c2774b233,6c85e576-941f-4976-be30-658881607d79,Fully Paid,216062,Long Term,724,2145898,10+ years,Home Mortgage,Debt Consolidation,33082.42,14.9,33,12,0,243352,553564,0,0,Y
b8559ac8-9b60-42ea-b845-1e935899be24,f4d3a933-cecf-432e-a547-6cba6db72612,Fully Paid,86592,Short Term,750,1065786,6 years,Rent,Debt Consolidation,17407.8,11.8,33,6,0,35682,60654,0,0,Y
904a0ce8-2ad9-49ce-a01c-d8c818a6a504,6491574f-763e-40b9-8630-2905c89598b4,Fully Paid,329384,Long Term,710,738644,7 years,Home Mortgage,Debt Consolidation,14957.56,15.4,33,11,0,374965,977878,0,0,Y
0f73e53a-7d69-4148-a4fd-797d0225dff5,5bb9b80c-71bb-4f64-8e1e-62eea2969362,Charged Off,131318,Short Term,732,1361027,3 years,Rent,Debt Consolidation,19961.59,30.2,25,9,0,200564,323906,0,0,N
eb639ad1-7db5-4aca-9ec8-41ed1a484733,4a944c24-87b1-4079-9f7a-e28f03eb42ce,Fully Paid,132308,Short Term,716,721601,10+ years,Home Mortgage,other,5526.34,25.4,31,9,0,110466,167640,0,0,Y
711b9b6d-8560-4f7f-ba61-f87322ef2c95,3a1aa0e3-db3a-4d9b-be76-32b37f9bda3b,Fully Paid,108614,Short Term,701,1838345,10+ years,Rent,other,36613.76,17.5,31,19,0,439831,755612,0,0,N
3125ebd6-d485-40a9-bf25-32b4950329cd,464c6df6-9bf3-4c1a-b5cb-6084d36bdc76,Fully Paid,210650,Short Term,707,1705554,2 years,Home Mortgage,Debt Consolidation,19329.65,16,34,14,0,58045,193138,0,0,Y
8cf95e2b-1009-4973-948e-60be0d1b34f7,f8719eb0-ad2d-4bfe-a717-208df926d394,Charged Off,622974,Long Term,723,1168129.5,1 year,Own Home,Debt Consolidation,40069.48,21.8,48,19,0,594548,804232,0,0,Y
f95ccaf3-563d-4c9a-b579-669a05899431,6268a9d3-6896-4681-9ba0-8b8024f38dd8,Fully Paid,266871,Short Term,720,718466,1 year,Rent,Medical Bills,20356.41,15.9,33,11,0,109573,342914,0,0,N
93310389-8f3b-4f6d-8062-4b7ed30caa1e,1894c80f-a3e7-4e01-8c22-64c8d49b7f43,Charged Off,174592,Short Term,685,452352,6 years,Own Home,Home Improvements,9725.53,10.9,33,10,0,106001,259490,0,0,N
76c2cdbd-45ce-47e4-a076-525045872a4f,ec2502b6-b5fb-4b48-b06c-99c0ced63970,Fully Paid,268994,Short Term,751,1490645,10+ years,Home Mortgage,Debt Consolidation,10161.2,26.4,33,7,0,35568,370986,0,0,Y
45a79f99-7d2f-418c-be24-2d8f2dac9ae7,23c9fb16-14b9-403b-a1b7-6a6f53e3acdb,Charged Off,71258,Long Term,722,719549,2 years,Rent,Debt Consolidation,12592.06,16.3,33,7,1,27569,37290,0,0,Y
6f91a5a2-95fa-4218-bdc9-7019abeab328,ea180b24-4885-4db7-9994-cce672820151,Charged Off,269896,Short Term,696,1482912,2 years,Rent,Debt Consolidation,12604.79,10,33,9,0,186941,365024,0,0,N
fc59be41-8201-478f-b7cd-56bc5478c489,08fe30ec-1bc5-4108-a10b-af01acfe22c9,Fully Paid,266871,Short Term,725,2531712,9 years,Rent,Debt Consolidation,23418.26,15.4,7,11,1,445341,656898,0,1,Y
e2ba62bd-5ce9-46ca-80e7-73d405adcfa5,0cb93236-178f-4c4e-bd3e-483e49924f08,Fully Paid,360624,Long Term,734,1206861,10+ years,Home Mortgage,Debt Consolidation,19510.91,15.2,33,14,0,342608,1035804,0,0,Y
f8c775c2-e668-44c7-ba32-dd8ed63e389f,85d23b5e-2312-4e0a-89e6-3ffb241653d1,Fully Paid,359876,Short Term,718,961571,10+ years,Home Mortgage,other,24199.35,16.6,37,15,0,305900,587378,0,0,Y
71f63bca-aeca-44f1-915e-a2c7bdc7b702,322db8fc-2a16-4349-9903-eb8f9d0dab92,Fully Paid,568656,Long Term,690,1408033,10+ years,Home Mortgage,Debt Consolidation,27573.94,22.5,33,16,0,389234,519222,0,0,Y
5095ac85-179d-4630-a0eb-594a5a2e787a,4fc0a4e1-30e1-4df5-bcb5-ec7db9fc1fd9,Charged Off,554510,Short Term,732,1877181,4 years,Rent,Debt Consolidation,27688.32,13.6,33,10,0,331854,499026,0,0,Y
b1269723-7d4d-4594-bb90-e63aee5c54ca,1fab6177-f5c3-4f5d-8d6a-76fceb9054bb,Fully Paid,402336,Long Term,696,1544320,4 years,Rent,Debt Consolidation,23035.98,12.2,33,9,0,324216,574002,0,0,N
31ad9ca0-a186-41f2-8712-c5f1d8b3e1e4,4ccbe775-c172-4f1f-8642-3831c4be2f2f,Fully Paid,550330,Long Term,733,1996197,10+ years,Home Mortgage,Debt Consolidation,7535.78,39.9,33,5,0,245423,631488,0,0,Y
85f9d51e-bc6d-4cf7-a9dd-1030b6361390,5505ca45-e465-42b1-9dbb-d434bae74e1d,Fully Paid,336490,Long Term,686,1263538,< 1 year,Home Mortgage,Debt Consolidation,25060.05,22.8,24,11,0,177498,276980,0,0,N
acc3dfdc-0fd1-4fd5-a022-1006b2b2970d,31d940d1-a325-4bf8-9eed-c71d7f9d4eaa,Fully Paid,222860,Short Term,723,1168129.5,4 years,Rent,Debt Consolidation,9702.54,22,72,8,0,103740,165000,0,0,N
9079a9d9-1b10-4232-85ae-94782b36496a,295d68cc-7359-4604-96c2-2e0464dc5e5d,Charged Off,441408,Short Term,738,868604,10+ years,Home Mortgage,Debt Consolidation,11943.21,28.8,33,7,0,327009,554378,0,0,Y
a5146ef7-fbaa-4b6b-9271-b4163e95a9ae,03c4d4ba-1def-4e5d-b87e-3d62069d1660,Fully Paid,261008,Short Term,749,1744029,2 years,Home Mortgage,Debt Consolidation,38368.6,13.2,46,18,0,140999,519970,0,0,Y
180ee93b-48b0-4a4c-84a7-19a8336dc660,5a0dd0f3-f6e4-4713-8e89-d695cb0e2ce9,Charged Off,151118,Short Term,738,932235,10+ years,Rent,Debt Consolidation,22140.51,9.9,6,15,0,14649,678744,0,0,N
0a485f1c-bd46-4b35-be70-a67a3b6227f8,b33a9ce3-60a4-4e4f-8d8c-51c7944b4c0e,Charged Off,313698,Short Term,747,1411035,4 years,Rent,Debt Consolidation,19049.02,22.5,68,18,1,333830,686576,1,0,Y
414bf0e3-97a5-4108-afc5-76f894fdd868,dec07619-7502-4afa-8066-bd69a8109611,Fully Paid,614394,Short Term,724,1705554,10+ years,Home Mortgage,Debt Consolidation,14639.31,16.6,7,14,0,489820,1136586,0,0,Y
ebc039d4-aebf-467a-aa26-ebef684464e8,bd1e4061-1540-4680-846c-316f10d23c63,Charged Off,199078,Short Term,721,1031548,10+ years,Rent,Debt Consolidation,20716.84,37.1,70,10,0,163001,249986,0,0,Y
9afa9cc5-dbae-4337-9205-d0533efc0f7a,ee8d7b44-2acb-4285-853e-a3d9e4dd01b4,Fully Paid,626098,Short Term,748,2413950,10+ years,Home Mortgage,Debt Consolidation,21323.32,39.6,33,27,0,1261334,3502400,0,0,Y
688c5048-f7d8-4c16-86bf-3dc206a6131f,386fbae9-f1d7-4b31-bc8c-3b08e6c32cde,Fully Paid,54868,Short Term,701,473822,4 years,Rent,Debt Consolidation,3987.91,6.6,33,8,0,155572,296296,0,0,Y
f79f11ba-61cc-41c6-9ef4-aaa94ba42770,b7bd8b48-bd4f-4574-bed3-ccfc89c24233,Fully Paid,396484,Short Term,723,1141368,1 year,Home Mortgage,Debt Consolidation,23968.69,17,44,24,0,248938,557502,0,0,Y
a12b5294-45b2-427e-9ecc-9e9fd1e8e69c,a912d984-3920-46d0-9b82-334da50596d2,Charged Off,110726,Short Term,710,1606526,7 years,Home Mortgage,Home Improvements,16333.16,25.6,33,12,0,130663,239008,0,0,N
8e09b57e-69c9-4592-bc74-d3eb4b30e5e8,6a52efe8-8cea-460e-99f2-cabd86754fc4,Fully Paid,266871,Short Term,740,1113438,10+ years,Home Mortgage,Debt Consolidation,28485.37,12.5,33,13,0,301625,481052,0,0,Y
ad5c0c3e-a774-45a4-8355-7142d4252bab,728b75b1-a1eb-46e2-84e4-244ba0067b1f,Fully Paid,379610,Long Term,723,1168129.5,10+ years,Home Mortgage,Debt Consolidation,9838.58,20.9,33,9,0,130302,414480,0,0,Y
a14d981b-dff2-4a96-b2f3-d9e6822d7868,49814a80-cbd1-49cb-a490-890133c2bf47,Fully Paid,266871,Short Term,712,1490683,3 years,Rent,Debt Consolidation,18384.97,24.8,33,15,0,290852,2118028,0,0,Y
c42d4a77-2c43-4635-9de0-5ae53f6b8256,992b007f-65e9-4673-9136-55062a615c1c,Fully Paid,729344,Long Term,685,4673088,2 years,Rent,Debt Consolidation,56076.98,8.1,33,9,0,620787,858792,0,0,Y
f0bb1cfa-87c7-4326-8c2a-2eb10f7af774,acffb102-0839-4764-86f4-e76bffbf69df,Fully Paid,457666,Short Term,745,3293745,1 year,Home Mortgage,Debt Consolidation,51602.1,19.7,76,22,0,640338,924484,0,0,Y
d319fb17-b381-4ae1-89c6-f4b10a30c7c7,e13b36eb-1f88-4b41-8827-b1133c8bfb38,Fully Paid,151272,Short Term,698,1022846,10+ years,Home Mortgage,other,4185.13,10.3,33,6,0,101422,131384,0,0,Y
ce49a6da-4352-4374-98d0-ab090f30da3f,206499dc-8502-434b-a892-74231226cb29,Fully Paid,755150,Long Term,723,1490664,10+ years,Home Mortgage,Debt Consolidation,24720.33,25.8,42,14,0,949924,1964138,0,0,Y
cb967dc6-3ae6-4f9a-9311-f5fef6bac74a,d25bc86d-2a6f-4853-b064-ec966a73ceff,Fully Paid,267388,Short Term,745,2309184,3 years,Rent,Other,20205.36,9.8,33,12,0,80940,737924,0,0,Y
36451564-f9ec-4b3b-9077-90a8f4231087,5d789cde-6e92-4d61-a1a8-da8dd8c3668e,Fully Paid,80102,Short Term,747,1479530,2 years,Rent,Debt Consolidation,12452.6,15.2,33,7,0,198778,582692,0,0,Y
daf26351-b5cc-4ecd-ae4b-218ee0619569,7c8ca538-9ede-4473-b978-e8de6cace8f0,Charged Off,288222,Short Term,659,734027,4 years,Rent,Debt Consolidation,20002.44,8.9,33,24,0,52383,196262,0,0,N
48ce1ff4-1530-481f-b766-b6c08a0c6a13,ed635a2a-c667-45e4-9c56-a03c5af5fb97,Charged Off,419298,Long Term,687,1524712,10+ years,Home Mortgage,Debt Consolidation,24268.32,10.5,33,11,0,208658,399344,0,0,N
9306ad23-f35a-470e-bced-ac1b249c6dff,d438794b-f38a-4784-a6e6-ca98a1201e08,Charged Off,76186,Short Term,705,451117,2 years,Home Mortgage,Debt Consolidation,3740.53,14.8,26,9,0,99636,226226,0,0,N
d57ca826-4feb-4f72-9596-80b74e0d9ff5,04e5927e-4063-4b87-96bc-b0926869c8dd,Charged Off,105248,Short Term,652,1117181,2 years,Rent,other,31560.52,15,33,25,0,403180,745734,0,0,N
d09f5d4d-ab76-4696-a172-237d3964902d,e505cd69-a36a-4b1c-94a3-2a0a52ceb2db,Fully Paid,184536,Short Term,723,1168129.5,3 years,Home Mortgage,Debt Consolidation,15721.17,18.5,33,10,1,55138,249392,1,0,N
e1bd73f7-0d77-4ec0-b49b-dbece463203d,9b4868dc-715f-430c-b461-8325ee04a193,Fully Paid,266871,Long Term,637,1482760,1 year,Rent,Medical Bills,10552.22,8.2,33,5,0,22724,268488,0,0,N
20137544-fd36-47f6-8403-d20994335fd7,1836a793-fa6b-4635-a62a-c03b18806975,Fully Paid,353628,Short Term,723,1168129.5,5 years,Home Mortgage,Debt Consolidation,24350.78,26.9,23,10,0,299060,490490,0,0,Y
c345b517-3848-446c-a2b6-09a5952e158e,173110ca-491c-415b-97af-1acbfe0243a4,Fully Paid,620488,Long Term,723,1168129.5,10+ years,Home Mortgage,Debt Consolidation,35051.01,14.2,7,7,0,141987,233508,0,0,N
f438c6e6-f60d-4b2c-a9a5-559b7b1877ee,df37ec52-079d-4fe1-ac3e-9af957a1e86c,Fully Paid,266486,Short Term,706,1304141,10+ years,HaveMortgage,Take a Trip,28147.93,16.4,33,10,0,761672,1070322,0,0,Y
1395b99c-d4b9-4508-8b65-e26a410989f7,15979d91-955d-4351-8a60-e97babba6c68,Fully Paid,224994,Short Term,735,1282462,5 years,Home Mortgage,Debt Consolidation,17740.87,14.7,14,17,0,274189,851180,0,0,N
1e56fc84-fd0e-4cce-8e32-2e53326b6665,84a8f87f-fbed-46d2-8342-ca36513ac4a1,Fully Paid,266871,Short Term,729,629698,7 years,Rent,Debt Consolidation,13066.11,28.1,46,7,0,240331,302808,0,0,Y
31f118bc-7eee-464e-b598-632611b640b6,0bf8e7e8-371a-4575-9f5c-32617c8d16ff,Fully Paid,176836,Short Term,723,1168129.5,< 1 year,Rent,Debt Consolidation,16852.81,14.8,39,9,0,154280,207724,0,0,Y
ec7826a8-dcc3-4210-a2e5-bba871ac724d,a88f81dd-63e9-4ee0-b6b5-b544cee9a644,Fully Paid,266871,Short Term,721,2344429,2 years,Rent,Home Improvements,13597.73,13.2,21,10,0,234213,376134,0,0,Y
69dffad2-1cb6-432d-b8cd-a8e7d1b31799,7d33560e-5b32-4864-a54b-a5bf715bd882,Fully Paid,206382,Short Term,665,1336802,10+ years,Own Home,other,22168.82,15.9,33,16,0,846222,1092344,0,0,N
4ef5ff1f-5bea-421d-9538-da5ae8af578c,c1df0fdb-52a5-4e7d-a420-01751a56e47e,Charged Off,297330,Short Term,732,803035,10+ years,Home Mortgage,Home Improvements,9034.12,11.1,33,9,0,213237,447282,0,0,Y
7a7dd480-2e73-43b4-bf85-b769f27af610,22bfc751-6e54-4906-81b1-02a8c53236c5,Fully Paid,766920,Short Term,723,1168129.5,8 years,Home Mortgage,Debt Consolidation,43296.63,18.5,7,15,0,125780,241538,0,0,N
b0ac7b50-2e78-4562-9693-7f46b37c60e3,903248cd-fa88-4cfc-9a3b-87ad94994897,Fully Paid,720126,Short Term,676,1920919,10+ years,Own Home,Debt Consolidation,31855.21,24.3,5,25,0,554401,1017346,0,0,Y
4a95b2e6-16e4-4daf-9017-6bff75ae38b6,0194e40b-d2a8-4410-b580-2931b30d868b,Fully Paid,177276,Short Term,723,1168129.5,2 years,Home Mortgage,Debt Consolidation,15507.04,20.1,23,9,0,127376,203984,0,0,N
b438533e-b752-4e20-832d-3f9e26d04359,8db74807-7972-49d4-9285-ae960e18451d,Charged Off,400708,Short Term,723,1168129.5,10+ years,Home Mortgage,Debt Consolidation,8381.66,34.1,6,14,0,176073,350284,0,0,Y
c6561e48-cac8-41be-860e-7bee956d37c6,80caf145-783c-4f8d-aa6a-bd2d57e89c56,Fully Paid,393778,Short Term,710,1757101,9 years,Home Mortgage,Debt Consolidation,15667.59,19.6,38,9,0,286539,282128,0,0,Y
1024ddbc-c0fa-4ef4-a139-6968eeb5932f,cac82069-9262-42f7-b497-c5e38d7c743b,Charged Off,370282,Long Term,680,999001,3 years,Home Mortgage,Debt Consolidation,11155.47,15.5,33,10,1,26904,255288,1,0,N
a5abc63b-f5aa-40b2-a84c-9fd5de0de3e5,15e77ff6-fe81-4749-b5ab-182542d22e8a,Fully Paid,436876,Long Term,721,886654,10+ years,Rent,Debt Consolidation,11305,25.5,54,10,1,364667,497926,1,0,N
12d9489e-5a9e-430d-b044-77c0d367f263,b46d7e04-32da-405c-9396-4225cfeb94fc,Fully Paid,270204,Short Term,749,1633506,9 years,Home Mortgage,Debt Consolidation,31308.96,19.5,14,15,0,605777,1209362,0,0,Y
8d50bad8-5719-4daf-9523-6f5968ada058,cf80b3b2-3622-46a0-8bf6-f92bf329c3c7,Fully Paid,87934,Short Term,729,1180964,10+ years,Own Home,Debt Consolidation,23521.05,16.3,33,5,0,457254,545270,0,0,Y
93e2dcb4-6888-44cf-91f4-904e1f27e5a3,de9bfee2-6db8-430a-ab5a-f6430a0a93cc,Fully Paid,266871,Short Term,744,1186322,3 years,Rent,Debt Consolidation,13593.17,37,33,17,0,390127,955064,0,0,Y
9d584967-7c5d-40da-afac-df3760d58275,bb94fa1f-3774-4f49-925d-d9adb7dfa19a,Fully Paid,220176,Short Term,747,1357683,10+ years,Home Mortgage,Debt Consolidation,10420.36,23.7,33,14,1,444448,1111484,1,0,Y
24555ec4-53e2-40a8-b98f-c8842a894bbf,e91506f3-e37a-4025-ab10-407a25f8cb14,Fully Paid,499884,Long Term,737,1126206,10+ years,Home Mortgage,Debt Consolidation,28061.29,19.7,33,7,0,126939,347490,0,0,Y
6a1742fc-8050-4230-b95f-a479b3c9df2f,5ce0f793-44ef-494d-8105-5cc4ba5622e2,Fully Paid,109780,Short Term,748,2028934,10+ years,Own Home,Debt Consolidation,45989.12,22.2,33,12,0,1617375,3885398,0,0,Y
8ef7f492-bd19-4441-9fea-b128372e593d,29911bdf-fafc-49a2-a45c-a854ff0f444f,Fully Paid,433466,Short Term,748,947720,6 years,Home Mortgage,Debt Consolidation,12162.47,15.9,58,11,0,255683,627198,0,0,Y
5729856f-861a-45cd-9153-bdd2dfbcb9b1,bf87fb55-da6c-4fc8-ad65-56ccb8aae0f8,Fully Paid,660132,Long Term,714,1520304,9 years,Home Mortgage,Debt Consolidation,30532.81,12.6,78,11,0,430559,761112,0,0,N
8ee6251a-0491-425f-8a50-50ff112f7541,07c42abf-3348-4081-8c53-e45d06833ecc,Charged Off,232540,Short Term,723,1168129.5,10+ years,Rent,Debt Consolidation,18534.12,13.4,33,13,0,159847,253902,0,0,N
4cb5eb5d-160a-403f-ac14-783d04bcf641,f95c7892-188a-472f-ad85-39dec27ffe67,Fully Paid,269852,Long Term,709,1495471,2 years,Rent,Debt Consolidation,10505.86,19.3,33,6,1,178505,283536,1,0,N
9406fdfe-e396-44fd-a4bb-d96ba756d7cd,f1c23786-bf76-48be-8b27-9da9ee7e5a26,Fully Paid,467082,Long Term,724,1260574,10+ years,Home Mortgage,Debt Consolidation,9391.13,23.6,33,6,0,103550,224510,0,0,Y
228a176a-c920-4f13-adef-bcb63a413208,9c58ff57-72a5-4b56-ac26-9cca7e7d89db,Charged Off,183744,Short Term,723,1168129.5,2 years,Rent,Debt Consolidation,16860.79,12.8,33,8,0,165680,266794,0,0,Y
a79a9c1d-7475-4719-b8bb-ef0844433a96,33eaf352-8701-497e-b4e9-0442605335ce,Charged Off,377190,Long Term,700,4690454,9 years,Home Mortgage,Debt Consolidation,26969.93,21.9,9,11,0,280174,483472,0,0,Y
02f0e03b-aadf-49c7-a154-36da06bfc69c,d5bfc52d-e31b-4990-be6a-6d9299706138,Fully Paid,314468,Long Term,629,921462,1 year,Home Mortgage,Debt Consolidation,13668.22,26.5,33,17,0,193458,520960,0,0,N
c103f79d-806a-435a-bdd1-e24d7787263c,fd202d91-4d91-42e3-88f7-eb38ba631d14,Charged Off,135102,Short Term,727,795511,8 years,Home Mortgage,Debt Consolidation,18562.24,15,33,12,1,155572,286374,1,0,N
3fd7aea4-ca35-4640-8f02-f0a659478c78,3657dc46-f5a6-419f-b835-f942cc5e381d,Fully Paid,259116,Short Term,735,2237820,< 1 year,Rent,Other,19953.99,21.6,14,9,0,485241,855162,0,0,Y
05fcf30b-7aae-4929-b1ff-7e288c0ed992,4224da98-3662-4e91-9cff-1c7d2af1bbb4,Fully Paid,249194,Long Term,738,1056818,7 years,Rent,Debt Consolidation,23249.73,15.8,33,15,0,587556,1391258,0,0,Y
14c72850-5a6c-480b-baee-0ad42a43cf79,443fea84-3ddf-4472-8bc8-e4db719b3d35,Fully Paid,265342,Short Term,738,1283127,10+ years,Rent,Debt Consolidation,23737.84,27.4,8,18,0,147592,336446,0,0,Y
49541486-1903-4c0c-905f-24cf020ac95c,d6c644f0-2da9-4fd6-bf82-c9e1a1d4157f,Fully Paid,129514,Short Term,723,1168129.5,2 years,Rent,Debt Consolidation,310.65,10.4,22,6,0,0,0,0,0,Y
578d080c-1175-4a0b-948c-dfbbdf100f47,8d8f2eae-fe09-4cbe-bc84-3f9f9d374cf6,Fully Paid,446908,Long Term,685,1583935,7 years,Rent,Debt Consolidation,27718.91,18.9,25,16,0,383401,546062,0,0,N
db0dd4ec-a763-475a-9aeb-bf8b5108e883,417671d7-7f78-4710-8ecf-8c69136c5a4c,Fully Paid,563530,Long Term,738,2316613,10+ years,Own Home,Debt Consolidation,26641.23,22,33,9,0,514634,1398826,0,0,Y
48c9e321-a166-4070-a5d2-27cb8dba134b,599d3182-737c-4f11-864d-97f4da680f8c,Charged Off,421806,Long Term,723,1168129.5,6 years,Home Mortgage,Debt Consolidation,10571.41,16.5,57,13,0,229387,416966,0,0,N
be0f6271-9471-4aa9-9eea-aab8d749b9c3,4a21cd29-1a0a-4a64-8431-6dff208b636f,Charged Off,535084,Long Term,682,1347822,10+ years,Home Mortgage,Debt Consolidation,26282.51,18.4,8,10,0,254619,341242,0,0,N
6a99ee50-ed64-458b-9e64-ed5b16e05068,5a52b571-4ed3-45b4-8ab1-b35a8576d8a2,Fully Paid,111826,Short Term,744,521512,2 years,Home Mortgage,Home Improvements,12472.93,4.5,33,7,0,78394,174592,0,0,Y
35d5b5da-d431-452b-b653-65b422e82413,f74c8300-4f96-4bac-8ad7-2d5bede99073,Charged Off,301576,Short Term,727,525160,< 1 year,Rent,Debt Consolidation,11816.29,18,18,17,0,178600,429924,0,0,N
f35fdc02-badb-43e3-8e83-c42233b90b4a,272c55f7-f23e-47b7-ba21-c88554b9feb3,Fully Paid,433180,Long Term,723,1168129.5,10+ years,Home Mortgage,Debt Consolidation,21782.36,25.6,39,19,0,203034,236038,0,0,Y
47a5c0cd-0565-4084-82f3-e69eec0c9359,27cf0603-9f07-4ab5-8d9b-45bebce92589,Fully Paid,434632,Long Term,615,1557753,10+ years,Rent,Debt Consolidation,14539.18,14.1,67,16,1,146737,302302,1,0,N
ed9a123b-ebea-4696-ab6e-6a5439bc0d24,ff6617e2-b455-4541-b105-8e30fa0f87cf,Fully Paid,110946,Short Term,718,1628889,10+ years,Own Home,Debt Consolidation,22532.86,22.5,33,8,1,375326,510092,1,0,N
a3a4be46-c61f-4e9a-a064-e00fb8c93164,2efb40b1-c1ca-4ff9-b2e2-176960af0cd5,Fully Paid,262966,Short Term,746,757036,7 years,Home Mortgage,Debt Consolidation,7128.8,16.8,33,7,2,189601,381128,0,2,N
5600c1d0-a418-46a6-b4d6-1de48cb4bac3,fc5d0f5f-ffed-42eb-a5a1-6dcb145b1ea5,Fully Paid,57552,Short Term,739,439622,6 years,Home Mortgage,Debt Consolidation,11796.53,18.5,33,9,0,237063,589072,0,0,Y
81c24fee-97ea-4b60-b207-5b1fff90db43,2c62b35d-0b15-4a4b-bdec-0916fe60956d,Charged Off,240570,Long Term,723,1168129.5,1 year,Rent,Debt Consolidation,12324.35,13.4,33,7,1,119852,236390,1,0,N
9656fa93-fc91-4cdb-9de9-1a53d86a52b3,1c12fa16-9788-4efd-81ff-58aa00de59da,Charged Off,44660,Short Term,715,867749,< 1 year,Rent,other,7672.39,11,33,5,0,16986,22330,0,0,N
3f159fd9-514f-4ab1-b65d-be458a7b3fa2,b7abee8b-5086-4a38-a008-815e365aa8b3,Fully Paid,448624,Short Term,723,1168129.5,10+ years,Home Mortgage,Debt Consolidation,19010.83,21.4,33,8,0,389348,585464,0,0,Y
191a92bd-67d1-4998-b680-08489937390d,0e0fa488-b6cb-444e-b3cf-c2021a74cad8,Fully Paid,341352,Long Term,712,751108,< 1 year,Home Mortgage,Debt Consolidation,10327.83,13.3,33,11,0,81377,110858,0,0,Y
952c144a-d628-410e-b2f0-ef421c79473f,403b7303-92f1-456a-955b-9f3b5f066459,Charged Off,446952,Long Term,723,1168129.5,10+ years,Home Mortgage,Debt Consolidation,31668.44,21.5,36,13,0,298813,596530,0,0,Y
e222d2a3-5b45-47a9-ad99-12cec281e696,ca5a089a-f473-4a50-b7e2-34646d4677e0,Fully Paid,175802,Short Term,723,1168129.5,1 year,Rent,Debt Consolidation,11914.52,12.7,33,13,0,202711,342650,0,0,Y
f4f4ad2d-e2bb-45d1-9a62-eb9235a59d28,24e09d5f-5b36-4f80-ac2b-eb57b49765f1,Fully Paid,109670,Short Term,740,852359,4 years,Own Home,Home Improvements,22303.15,35.5,33,16,1,110181,302302,1,0,N
d83c33ba-7a69-4c12-a4f0-3f3a0c3a4190,f14d8042-6d7c-4f87-bfb1-e1e6758db9c3,Fully Paid,529848,Long Term,694,1151172,2 years,Rent,Debt Consolidation,27819.99,18.3,33,9,0,376029,570658,0,0,Y
f339adac-f4e0-4120-9f67-f27419e28471,9df09a54-befe-4438-8c4a-55d78a7ee306,Fully Paid,173932,Short Term,723,1168129.5,1 year,Home Mortgage,Debt Consolidation,12697.7,18.4,10,7,0,85937,546678,0,0,Y
bef9dc78-e223-49fe-85da-890980afa0e2,15458da9-e186-4945-b56f-4a8702020344,Fully Paid,348766,Long Term,712,1351546,10+ years,Home Mortgage,Debt Consolidation,38406.41,15.4,50,16,0,583661,1071004,0,0,N
7dda4cf4-ecc8-4ff3-9fb9-7f4777c5a6d2,fe285526-b332-4bec-8576-e554224a4962,Charged Off,650826,Long Term,648,1592561,10+ years,Rent,Buy a Car,26409.81,22.2,5,8,0,221939,293018,0,0,N
a83e1b3c-eca3-4154-a8b7-915bc698cb77,7b3f10eb-6b39-4122-81a4-b4f375d46da9,Fully Paid,420244,Long Term,703,728707,10+ years,Home Mortgage,Debt Consolidation,15424.2,37.1,3,13,0,341335,811558,0,0,N
9cd7a617-c2ed-4e6b-a515-627a4bf003aa,348d4912-a6b0-4328-aa6e-73caee88c600,Fully Paid,466972,Short Term,722,1442328,10+ years,Home Mortgage,Debt Consolidation,21009.82,38,43,12,0,606290,879736,0,0,Y
6cbaad80-dd77-410c-83b4-16c573c51dd9,c1c626d1-2999-44b7-a488-fb242f8d28bd,Fully Paid,131846,Short Term,730,1518176,6 years,Own Home,Debt Consolidation,14675.6,15.6,7,16,0,118617,164890,0,0,Y
2b000527-43e2-4c0e-9f8c-9adb90248e67,a6793f8e-40f4-4717-b48f-e707acc56be0,Fully Paid,304722,Short Term,731,558942,4 years,Rent,Debt Consolidation,8477.23,16.4,52,5,0,453473,1039742,0,0,N
6e9eb28c-d0e9-4110-bcf2-49cc82feaeb2,5ba3fc10-5312-4a91-8c35-6c4742c04b4a,Fully Paid,176660,Long Term,705,1844444,< 1 year,Home Mortgage,Business Loan,23347.58,28.9,14,16,0,1009394,2850672,0,0,Y
9baefe4e-d64e-4db9-a303-5ad61a7b7381,c18b046c-c153-4f10-8f20-b6c56355dcd3,Charged Off,220528,Short Term,664,914185,3 years,Rent,Other,13103.35,32.5,6,8,0,78261,187594,0,0,N
fc521f0d-5614-4f9b-baf3-cd38f2a0f1fe,2f7072c8-2f35-4601-9bfb-15b4a3c3b821,Fully Paid,179036,Short Term,723,1168129.5,7 years,Home Mortgage,Debt Consolidation,29207.18,21.5,33,16,0,587689,1283942,0,0,N
06a5be1e-b46b-44af-88f6-6ca12dd943ef,61279878-b0af-43e9-8d2a-12677c7af7f6,Fully Paid,133100,Short Term,723,1168129.5,10+ years,Own Home,Debt Consolidation,7548.89,28.1,33,7,0,195111,430298,0,0,Y
0b32cf88-c092-4ae3-845f-63b94cb3eb89,5baceee3-78d0-4ef7-af55-28b6dd72089d,Fully Paid,448624,Long Term,709,1356068,7 years,Rent,Debt Consolidation,15594.82,23.4,33,6,0,219488,531696,0,0,Y
5e37583d-24c6-4c45-b236-8bfa65caa3e8,f4720df9-8034-46d2-95cc-0b116c744d92,Fully Paid,460372,Long Term,701,1322153,10+ years,Home Mortgage,Debt Consolidation,10103.44,13.5,72,8,0,208354,334620,0,0,N
d7130112-5bf7-4471-8416-6a28de892dc7,a1f66da4-ba46-450c-9490-b42e54177fac,Fully Paid,233332,Short Term,724,921272,10+ years,Home Mortgage,Debt Consolidation,12437.21,17,34,10,0,123120,304612,0,0,Y
d21a4bc0-2c19-442c-8429-84086bfb38a5,cb33032d-3fad-4c2b-be9a-7d71515e09ac,Fully Paid,440572,Short Term,723,1168129.5,10+ years,Home Mortgage,Debt Consolidation,26634.58,17.3,33,10,0,1229167,1581382,0,0,N
8c28599f-12a0-4874-84be-365283c910bf,59fd5dec-c5c8-48ee-aef6-c41d6a2bad80,Fully Paid,281138,Short Term,723,1168129.5,3 years,Rent,Debt Consolidation,21366.45,12.9,64,10,0,121809,476498,0,0,Y
566ac1e5-7b09-42ff-a39c-c6cb7e0fdd60,46b21afc-7bde-4d1c-93f9-7de14ec52b12,Fully Paid,266871,Short Term,736,2649094,10+ years,Home Mortgage,Debt Consolidation,51657.39,28,34,22,0,699067,1140062,0,0,Y
cb5a08fa-2ecf-49bf-bf7b-7033ef9aab72,74181236-8090-46e6-8ff5-345636aaf806,Fully Paid,266871,Short Term,738,1223030,4 years,Home Mortgage,Debt Consolidation,16714.49,27,59,12,0,419482,1029050,0,0,Y
70624ef2-7eb7-4961-a169-5080559b636b,366c3cf0-cf9a-4fbf-8e42-c3e6a16af8a8,Fully Paid,144848,Short Term,723,1168129.5,10+ years,Home Mortgage,Debt Consolidation,4193.11,12.3,26,7,1,123785,528880,1,0,Y
215a0be5-f799-41df-bda7-e847c3fd95a1,03e5d6ac-db4c-43de-b896-d20c77d8c56d,Fully Paid,266871,Short Term,749,1025981,7 years,Home Mortgage,Debt Consolidation,19151.62,13.1,33,8,0,144267,431640,0,0,N
6c20d6b9-3b43-4a29-9219-492baac97213,b0bba69d-dc08-4e12-9098-cf375be2b9ee,Charged Off,380314,Long Term,723,1168129.5,7 years,Home Mortgage,Debt Consolidation,32346.36,17.5,33,12,0,380893,598422,0,0,Y
a1583021-ba7e-4b83-9c25-bc63bfb7d3f2,c06a4fdd-4893-49a3-bf19-b9af1d23e97f,Fully Paid,174284,Short Term,751,1625678,10+ years,Home Mortgage,Buy a Car,9916.67,34.2,33,17,0,145559,3064402,0,0,Y
949ed6bf-2075-4013-99d8-d4740c6d97a9,fc0054df-047a-4a37-a3d3-16147bceac69,Fully Paid,553080,Long Term,657,2178122,10+ years,Home Mortgage,Debt Consolidation,24631.03,16.4,62,9,0,605302,787512,0,0,N
4e9303c8-6312-4de3-8c32-87445eb44132,3fc8fb61-574e-42c4-a9ce-6e5bb3b6dd60,Fully Paid,77506,Short Term,723,1168129.5,3 years,Own Home,Debt Consolidation,26428.62,23,51,9,0,393167,701448,0,0,Y
fe2685cc-2442-4bcc-9927-75c99a58638d,99d451ca-47a0-46f6-bf98-19511d43891d,Fully Paid,234102,Short Term,728,1141710,10+ years,Rent,Debt Consolidation,5423.17,17,33,6,0,124146,151932,0,0,Y
3dcac6f6-4e44-40f2-baf5-47b01b4bbe00,4d450bf0-9372-4462-8e7b-21922366b1d5,Fully Paid,163548,Short Term,739,405859,10+ years,Rent,Debt Consolidation,4160.05,12.4,66,11,1,63460,247390,1,0,N
eb818c1e-8b5f-48ed-aa2e-5abededc10cd,c4470d10-a92a-406d-b5c7-2860bacd9041,Fully Paid,295966,Short Term,723,1168129.5,4 years,Home Mortgage,Debt Consolidation,6380.01,29,33,6,0,263644,444356,0,0,Y
a1fa2b55-1884-41d0-8c7d-1b6fcbb6ece9,05f78068-1064-46ed-9463-01a574e96196,Fully Paid,219648,Long Term,681,777822,3 years,Rent,Debt Consolidation,8232.13,14,33,5,0,43833,131846,0,0,N
fb2f3cfe-d08b-43e4-9c6d-5da283f8b827,703264c2-e077-4081-934a-b1c320c2092e,Fully Paid,181192,Short Term,723,1168129.5,10+ years,Home Mortgage,Debt Consolidation,14566.73,20.2,38,8,0,138700,176682,0,0,Y
3e892fba-e1af-4fd9-b41f-32b5f962eba9,167f6b3b-11c3-424f-b2e7-8765fb05e6a2,Fully Paid,262284,Short Term,738,1653589,6 years,Rent,Other,19705.09,9.3,33,10,0,389804,732710,0,0,Y
8998c928-a066-4b8d-8c5c-5265cce415f8,9afc8fec-2360-42e4-93b9-c3746f342218,Fully Paid,66770,Short Term,733,358701,10+ years,Rent,Debt Consolidation,4573.49,19.4,33,8,0,121410,182336,0,0,N
da8d7156-c15b-4b13-933b-29ab02e6fbba,687a242e-2127-45af-a616-8b869244a464,Fully Paid,328944,Short Term,663,1231048,< 1 year,Rent,Debt Consolidation,25954.57,22.5,27,17,0,205523,401302,0,0,Y
15e1fc53-dfd9-477a-b4df-3927a32b12a6,09fc9d20-236f-40e6-b388-c714337c319e,Fully Paid,288508,Short Term,661,808583,7 years,Home Mortgage,Debt Consolidation,3591.38,11.4,1,4,0,102714,172106,0,0,N
813ba684-60e8-4029-9d3b-e615bc94df27,26853fe1-2a98-4852-8ec6-8946ab8c223e,Charged Off,173492,Short Term,728,561906,3 years,Rent,Debt Consolidation,7258,23.6,33,5,0,229178,305008,0,0,Y
7b2c0742-bdb5-4a7d-ae31-ff4cb321cfb5,0e2a24d3-2cb5-4a11-8a49-81fc770a2d63,Charged Off,131384,Short Term,739,945630,1 year,Rent,Debt Consolidation,23483.24,18.3,33,9,0,157662,310992,0,0,Y
bdd0c682-8882-45b3-9c51-f13033ce57e5,57d5e3fa-bd51-4ef4-8251-83cc8eb4f7cc,Fully Paid,649374,Short Term,675,1682469,3 years,Rent,Debt Consolidation,33088.5,18,40,20,0,261098,439428,0,0,N
56c57a39-da9b-4835-956c-678a5338c322,c33ac172-49f7-4766-8e8c-858621ab4f33,Fully Paid,772024,Short Term,723,2908748,1 year,Home Mortgage,Debt Consolidation,34662.65,12,33,17,1,572812,741070,1,0,N
0684e532-97ae-42b2-896d-f445f086caca,db3c9de4-ae89-4796-8fa6-42aab7e2654f,Charged Off,26708,Short Term,715,192166,2 years,Rent,Debt Consolidation,1326.01,12.7,6,4,0,15409,283250,0,0,N
09997824-a068-4fb6-85dd-3ee8d6c0b532,98fbe987-4102-4f0e-91c3-19f7e80e1f08,Fully Paid,322740,Short Term,717,1765290,10+ years,Home Mortgage,Debt Consolidation,43985,20.7,33,16,1,446329,891022,1,0,N
ab35eef5-e662-4599-85d6-522515b1ab60,1ef230bc-76eb-4c7c-92f0-35d92fd0492c,Fully Paid,223608,Short Term,739,869022,3 years,Home Mortgage,Debt Consolidation,12745.58,12.4,33,9,0,195700,272690,0,0,Y
14de96b6-e3ca-4070-9583-86823f922cea,f738301c-62e3-45b7-a7e6-73f78887096d,Fully Paid,182358,Short Term,724,648508,3 years,Home Mortgage,other,7133.55,35.4,33,14,0,74860,291852,0,0,Y
3e0bfb9b-166d-452c-82ea-e153b2f0ef7c,8e2c22a7-51dc-4cfa-9739-d2222d7a7854,Charged Off,557040,Short Term,640,1828104,4 years,Rent,Other,18281.04,19.2,33,4,0,123557,364980,0,0,Y
43c9894b-0999-49a7-aaee-a7a8e9a511b6,7e83d1cc-ea59-4db8-9b3a-01ed5a1ec4dc,Fully Paid,94358,Short Term,681,379050,10+ years,Rent,Debt Consolidation,2577.54,7,51,7,0,47861,179916,0,0,Y
9f6b6bf8-9989-45df-8937-dc47584e4947,ac1a7711-2b3b-4f33-b288-0f8fccbb0a19,Fully Paid,549450,Short Term,728,2372625,1 year,Rent,Debt Consolidation,26098.97,21.7,46,10,0,574218,1183050,0,0,Y
15a7f4ea-627d-4a66-aab2-fa9db02d119d,fb23508f-e762-496e-a854-97f15d806254,Fully Paid,628144,Long Term,723,1168129.5,1 year,Rent,Debt Consolidation,19793.44,22.5,32,6,0,298566,909744,0,0,Y
8ab73b1d-f497-4246-9233-fc376faec5d6,6d28365f-17e9-4206-bb3f-0613285ad791,Fully Paid,266871,Short Term,730,965770,10+ years,Home Mortgage,Debt Consolidation,23822.2,20.9,33,15,0,462555,577126,0,0,N
c78a31d9-f438-4873-b215-2a7e49b77b74,8ff8af7c-4658-467d-96b4-06f68a9fc489,Fully Paid,263846,Short Term,724,759544,2 years,Rent,Debt Consolidation,13355.29,12.5,25,10,0,123253,248622,0,0,N
ef76759b-b0d7-4a96-9a54-8908a159cf4d,6d0d9fe9-e992-4521-819b-6342246f0104,Fully Paid,189310,Short Term,735,488262,10+ years,Rent,Debt Consolidation,12816.83,22.5,71,13,0,247608,666754,0,0,Y
791599dd-9c7b-4f9b-b41b-c211d4c55e56,b1c928bd-4928-4df6-bb56-7a0d94489226,Fully Paid,199914,Short Term,723,1168129.5,5 years,Rent,Debt Consolidation,10356.33,12.4,33,7,0,274512,810854,0,0,Y
8f4806d3-c991-4fa0-8e69-3ea78614f6a3,197faede-c725-430a-bcdb-68c97625af7c,Fully Paid,545006,Long Term,716,1331444,3 years,Home Mortgage,Debt Consolidation,32842.64,22.4,33,7,0,640642,772706,0,0,N
290aee49-4427-42ef-817c-7129ea77f269,80396301-b0ac-417c-8e58-faf83f80a07e,Fully Paid,371822,Long Term,731,2198110,6 years,Home Mortgage,Debt Consolidation,34803.25,18.5,50,10,0,154242,391666,0,0,Y
7b424659-1283-4126-9280-7fe6072cd49f,4bba7bfc-965b-4648-915e-54ca7e32e759,Fully Paid,337040,Short Term,724,1086667,10+ years,Rent,Debt Consolidation,9598.99,13.6,33,5,0,344014,435798,0,0,Y
f6e5b387-d280-4868-b230-bbf02813649a,145c77a3-a407-4161-85f8-67ae951a35f1,Fully Paid,240328,Short Term,696,1124496,< 1 year,Home Mortgage,Debt Consolidation,29611.69,17.2,2,13,0,294728,689436,0,0,N
4d16abce-8e40-4b51-8173-2ada1234c723,1bb59090-ee78-45ba-8568-f66da087d5d8,Charged Off,68662,Short Term,720,807595,1 year,Rent,Debt Consolidation,26179.91,9.5,33,15,0,204079,283338,0,0,N
a5d1a57a-2026-4b98-b91a-1b920bc9d1fb,93ca1f42-39fb-4fff-b665-cc68d2d4e422,Charged Off,414194,Long Term,713,797012,7 years,Rent,Debt Consolidation,20987.78,9.6,33,13,0,246430,458018,0,0,N
c1ffca36-e48e-404b-adc3-90bbe4727f9b,b64f1334-0b0e-46d9-b4b0-7de2eb2f81fb,Fully Paid,352462,Long Term,721,2187850,4 years,Home Mortgage,Debt Consolidation,40839.74,21.8,68,14,1,208240,339130,0,1,N
8662f849-9f7f-4d92-b43b-f67418bb1603,32d66015-938a-4bb7-8f96-2d7ce8b2e476,Fully Paid,675048,Short Term,732,2444806,10+ years,Rent,Debt Consolidation,27504.02,16,33,8,0,268964,339636,0,0,Y
02502737-ca73-4e68-a4a5-40984d8e3d21,1fb2387f-9ed7-4978-9cdc-79b46bbb7eda,Fully Paid,620620,Short Term,712,1835058,8 years,Rent,Debt Consolidation,27372.92,16.8,33,10,0,592800,825000,0,0,Y
f794ae28-0f84-4782-9cd2-916bdf678534,c5aebfd0-7545-4d98-8875-bc835da4f9d4,Fully Paid,313874,Short Term,742,2129919,7 years,Rent,Debt Consolidation,24316.58,12.6,33,8,0,336642,508882,0,0,Y
3ac08c05-5128-4137-964f-3a10d1e4b999,90b6a3db-4808-4131-a0d1-5dbbb66af4d4,Fully Paid,474144,Long Term,657,1139601,7 years,Home Mortgage,Debt Consolidation,23457.02,18.7,23,19,0,270921,637582,0,0,N
fb60896f-b2b6-4dd4-abbb-832bfa428c80,bb51fa53-de03-452c-9642-e794fec1a9ae,Fully Paid,120912,Short Term,735,801154,4 years,Rent,Debt Consolidation,4406.29,14.4,13,11,1,97622,359986,0,1,N
54f74093-112e-4098-80f6-0ac931e9f5b1,ab53ab60-b284-45b4-965b-2dc5dd87d3bf,Charged Off,103686,Short Term,723,1168129.5,10+ years,Rent,Debt Consolidation,9779.87,9.4,33,12,0,114152,380864,0,0,Y
2895fdaa-d8f1-40f4-a3c9-f1bc83c3941a,50511f43-9a8f-4e9b-8e69-0f7cbcd7fbea,Fully Paid,440660,Short Term,723,1168129.5,7 years,Own Home,Debt Consolidation,17442.95,12.1,15,9,0,273885,592746,0,0,Y
d0c3bb6f-5934-465c-828b-92eadc739455,d351c139-4aa5-4ff6-a0da-7fbf467fd80c,Fully Paid,448404,Long Term,717,968145,8 years,Home Mortgage,Debt Consolidation,17265.3,24.7,7,12,0,583661,1132010,0,0,Y
934a26be-0262-487b-bba0-c3859a6c627a,92c8d2cf-9e0c-4c29-898e-2a191f1045d1,Fully Paid,266871,Short Term,704,1236444,< 1 year,Home Mortgage,Medical Bills,31323.21,14.6,33,17,0,272460,486112,0,0,Y
22df2053-db48-4a63-ae39-019ee0bbf040,cf835aa5-6820-4152-80d5-4d0aa3507bc5,Fully Paid,78034,Short Term,732,936130,1 year,Home Mortgage,Home Improvements,1739.64,13,33,2,0,39615,82368,0,0,Y
0b15976c-9145-47a5-87aa-709e99c74ef7,b701c72f-a67a-4bb0-85b0-a48287ab8e9f,Charged Off,326084,Short Term,723,1168129.5,10+ years,Home Mortgage,Home Improvements,15112.98,46.2,33,13,0,677445,71309216,0,0,Y
f399a36e-edac-4751-875f-566097f6e92e,b66d5ba5-f729-4282-93cf-83ec060a4088,Charged Off,115434,Short Term,737,722019,10+ years,Home Mortgage,Buy a Car,17749.61,21.4,39,7,0,798,306350,0,0,Y
5b062d06-2fd4-45e2-b0dd-f99f6405b7a2,70b37d05-48fc-4079-8567-f09dfe69d22d,Fully Paid,264946,Short Term,746,858078,< 1 year,Own Home,Debt Consolidation,11155.09,13.7,33,11,0,57437,588522,0,0,Y
53dbf18a-5611-49f6-8d5a-663b64c7e0a9,90e43776-79d2-45c4-ad89-13b148c95e4d,Fully Paid,254034,Short Term,674,1304198,3 years,Rent,Debt Consolidation,35539.31,12.7,49,12,0,43852,280588,0,0,N
049f23bc-d8c6-4e07-b7a9-ae749bccd942,18ca1522-d603-4b4e-811b-ecdfb2d249b3,Fully Paid,146322,Short Term,704,595384,8 years,Rent,Debt Consolidation,6499.52,10,33,14,0,149549,335610,0,0,Y
6fc0c397-64b9-404a-9edc-17ddb36d6044,39e68e74-15af-406c-a32f-6a4546a90154,Fully Paid,687170,Short Term,734,2132788,10+ years,Home Mortgage,Debt Consolidation,58829.13,18.5,69,20,0,826804,2849242,0,0,Y
1c44abab-2c24-49ea-97b8-c2037cc9eb5d,c964919c-8f7f-4872-a8e0-b9110349b22a,Charged Off,220858,Long Term,704,1907410,2 years,Rent,Business Loan,20504.61,12.3,20,9,0,92872,185416,0,0,Y
b21a62a2-6f17-4980-ac74-8f45d043983b,cb6a4ea4-83ec-4185-a9dd-0fc472450fb2,Fully Paid,429880,Short Term,748,1949115,10+ years,Home Mortgage,Debt Consolidation,22252.42,22.2,33,22,0,302575,1283348,0,0,Y
296094fb-3403-4dff-af07-04912c23faf6,69a39e2e-a3cc-45fc-b256-a72aac52e928,Fully Paid,343200,Long Term,726,1389375,10+ years,Home Mortgage,other,16440.89,23.2,33,7,0,355661,591690,0,0,Y
fe6a2a54-5cb5-4755-8273-9ee290a03223,c36b7534-1046-46a9-941b-c6fbd137676a,Fully Paid,194920,Short Term,740,1253145,2 years,Rent,Debt Consolidation,19423.7,12,20,13,0,215517,572374,0,0,N
8a1052e8-d373-46fa-aa99-b3fb700254f2,fe551c0b-7e40-4258-b9f3-357ce95dccb6,Charged Off,178156,Short Term,723,1168129.5,2 years,Own Home,Home Improvements,12955.91,20.4,33,19,0,271035,2149510,0,0,Y
a9a8d465-a139-4d3a-96c8-b934d27d0eb7,c5fe1722-fe80-4e3b-bd50-26f49068b3ef,Fully Paid,159962,Short Term,747,690764,1 year,Rent,Buy a Car,8001.47,17.2,33,7,0,232940,322256,0,0,Y
f1f5c935-4f92-49df-8734-d46ff6296a75,8c3e2b19-860e-4367-8aae-12d03200e05e,Fully Paid,358688,Long Term,721,1770173,4 years,Rent,Debt Consolidation,36288.29,13.9,33,14,0,160816,694826,0,0,Y
1c771d2b-8f79-49aa-8705-10aad5123f2d,cb87b478-27fd-42bc-9324-57e044dbbe17,Fully Paid,661716,Long Term,717,1619199,10+ years,Home Mortgage,Debt Consolidation,35757.24,19.7,5,15,0,568784,1081410,0,0,Y
f444187b-2c02-4b66-b9fb-c79132d4177f,146f1b5b-8372-4ead-a912-8a5a166d7593,Fully Paid,698236,Short Term,747,3203514,10+ years,Home Mortgage,Debt Consolidation,24159.83,21.6,33,17,0,446424,1872838,0,0,Y
7b8be317-a50e-40ce-9563-3278161c69d4,33ea67f5-abd0-4a59-9e22-0525e226c7cb,Fully Paid,222662,Short Term,716,1538392,5 years,Home Mortgage,Debt Consolidation,19358.15,16.4,33,10,0,284582,338316,0,0,N
81c0e4f1-9c04-4285-87e2-2f4ffdb29162,277ce792-7895-4df7-ae9b-6349b7e48261,Fully Paid,440044,Short Term,745,1900190,6 years,Own Home,Debt Consolidation,24860.74,20.6,33,10,0,66120,204732,0,0,Y
b0658535-12ce-4ada-a801-17b2e1d1b31d,a4a5ad5b-bc2a-4c16-aff0-f14baf1ec1d6,Charged Off,556292,Short Term,729,1683400,10+ years,Rent,Debt Consolidation,24830.34,19.9,51,8,0,483968,706684,0,0,Y
0b95b96b-0b61-44a2-8dbd-95676319583f,1c7ced74-b1c5-4728-b25c-f69ddfa5a060,Fully Paid,225192,Short Term,710,1166904,8 years,Home Mortgage,Debt Consolidation,10307.69,20.1,45,14,0,431319,603174,0,0,Y
719e3498-ed44-4caf-8f7d-6b2465fe8d24,66ed9248-b192-4286-8b87-13fe055cdf92,Fully Paid,358688,Short Term,729,1161660,4 years,Home Mortgage,Debt Consolidation,7783.16,23.2,12,11,0,278882,767008,0,0,Y
5a0f3120-5e2b-4992-962f-bfd6d33e3b91,5757e8a3-0615-4fb7-9033-7cae3458aa6f,Fully Paid,450208,Long Term,738,4374180,10+ years,Own Home,other,44033.45,22.6,33,14,0,2693554,6900146,0,0,Y
364658a0-0bc0-4393-bc52-0f0e3fb3afa2,b5122a31-c91e-461d-b678-8215eeacc69c,Fully Paid,133848,Short Term,750,2620176,10+ years,Home Mortgage,Debt Consolidation,6681.54,25,33,14,0,870504,14822676,0,0,Y
bacb4e7c-25f0-4c4d-91f7-ff4ed66da8a2,d93d5503-1a71-4160-a04d-9f75f01d863e,Fully Paid,453508,Short Term,723,1168129.5,10+ years,Own Home,Debt Consolidation,35435.76,33.5,33,16,0,477869,1808202,0,0,Y
19dadfa4-471d-4d3e-9a19-e15dfe02da06,0820ef0b-c1d9-40a1-ad87-225e7cfc72f5,Fully Paid,528836,Short Term,718,1140912,5 years,Rent,Debt Consolidation,19899.65,13.9,33,11,0,272403,517066,0,0,N
c30062e4-078f-4023-b799-4c6edc7cabb6,1f76e90b-5417-497a-b134-8f4d2478f3f0,Fully Paid,261140,Short Term,723,1168129.5,< 1 year,Home Mortgage,Debt Consolidation,13720.28,42.7,19,8,0,147307,245784,0,0,Y
edb7bbba-aae3-44b5-af7f-fd4b0b0a0a20,f36523d1-3060-47e1-be7c-33ff7abca005,Fully Paid,219846,Short Term,711,572451,1 year,Rent,Debt Consolidation,13118.74,12.8,10,10,0,113525,150216,0,0,Y
89ca5d47-38f4-4fbe-8fa1-a712c9b53e5b,04facb53-8f64-4aea-980c-3a3febb0dbe3,Fully Paid,200882,Long Term,672,1044639,5 years,Home Mortgage,Debt Consolidation,19499.7,12.1,33,14,0,231876,334774,0,0,N
7c07069b-ed2d-46b2-8135-6dd184ab7030,01f8453b-bc09-413c-aef9-fbded7f9d375,Charged Off,165616,Long Term,740,1087009,5 years,Home Mortgage,Home Improvements,4212.3,15.2,33,4,0,24054,66286,0,0,N
19332657-da61-4aaa-a1d4-eb0ad43279a3,ca3c336d-32c3-4cf4-bbad-4967f3e60eb8,Fully Paid,445588,Long Term,723,1168129.5,2 years,Home Mortgage,Debt Consolidation,26681.32,23.1,33,8,0,220267,378972,0,0,Y
e423a371-84a4-4e1b-a107-824ba9cdde0e,4c9d4eae-19ea-43cd-bc45-6c35c0cbc8ee,Fully Paid,219208,Short Term,745,1448275,1 year,Home Mortgage,Debt Consolidation,17499.95,13.8,33,10,0,391457,1076614,0,0,Y
2521accb-8c92-4891-b382-4af663ae647e,c02351cb-9530-4340-b05f-8621040428f9,Fully Paid,99616,Short Term,741,1926467,4 years,Home Mortgage,Debt Consolidation,10964.71,22,0,6,0,22515,30316,0,0,Y
c4b3a79e-506c-4b07-868c-e577426058f5,6a6d91c6-e8ff-4ad2-9207-78f886ccba91,Charged Off,261734,Short Term,742,941830,10+ years,Rent,Debt Consolidation,13421.03,17.2,33,9,0,295830,588566,0,0,N
89f31314-868e-4239-8008-a27c0c93d460,e2f79824-9225-40cd-bac6-daa068722f29,Fully Paid,323840,Short Term,723,1168129.5,6 years,Home Mortgage,Debt Consolidation,22577.89,23.3,33,16,0,360791,553322,0,0,Y
eb492c62-bf38-416c-9f94-e34231cca485,0b945b76-a670-4e55-8528-dee971bac49e,Fully Paid,202488,Short Term,687,668002,10+ years,Rent,Debt Consolidation,10799.22,16.3,6,11,0,88521,206250,0,0,N
7f65478c-b787-4541-8bc1-0754bc7ea79f,5e818401-25c4-42c4-b8c9-4a769945ba71,Fully Paid,760144,Short Term,735,2607199,10+ years,Home Mortgage,Debt Consolidation,48798.08,25.2,33,9,0,1666984,2188428,0,0,Y
9f3b6b71-2c3c-42e3-a34f-ed0841240205,cb8000e4-3993-4bad-ae0f-533302d4361d,Fully Paid,655138,Short Term,700,1874844,8 years,Home Mortgage,Debt Consolidation,36247.06,15.4,30,19,0,269819,797016,0,0,Y
a7de01cb-ca17-4b88-b2d8-2e570cb68f80,5a2a5685-477e-4470-aa22-aa85467d17ff,Charged Off,142912,Short Term,711,1060675,10+ years,Rent,Debt Consolidation,6885.6,14.7,33,7,0,138016,197560,0,0,N
041cd2dc-b0a3-4fc0-9be1-e4057540a370,bf77fdc1-24fb-427a-9a0d-fe8552ec57fa,Charged Off,224224,Short Term,718,1084425,10+ years,Home Mortgage,Debt Consolidation,23947.79,16.4,33,17,1,327826,511566,1,0,N
70913dbf-aca8-454f-a7a4-b66459e52657,e11932bb-38c9-4a31-b470-cf101a5bd5a5,Fully Paid,66836,Short Term,715,692550,3 years,Rent,Business Loan,11831.11,28.3,33,10,0,423605,638660,0,0,Y
b79034f6-b91a-4294-94ff-861c057ae9b5,bb5aae8a-6389-4583-8aeb-4524cd3c1358,Fully Paid,218988,Short Term,736,1365131,2 years,Rent,Debt Consolidation,14902.65,10.4,33,11,0,92758,206536,0,0,Y
6296497f-945c-43a1-8194-c96d11107a05,d2b6ea87-e5c3-476e-81e8-65c286318457,Fully Paid,172744,Short Term,725,1398647,10+ years,Rent,Debt Consolidation,6119.14,16.3,5,4,0,149625,319638,0,0,Y
c8ffed19-dfe5-4397-b4d8-eb1f6c8bc806,03e63399-7b68-4979-a4ba-78faf7731cf7,Fully Paid,346478,Long Term,744,2094598,9 years,Home Mortgage,Home Improvements,13806.92,20.5,59,16,4,220704,443652,4,0,N
5943f96d-2dca-4967-a259-09a467167607,79e9d1de-914a-472f-9384-709afccaa175,Charged Off,106062,Short Term,723,1168129.5,< 1 year,Rent,Debt Consolidation,3417.15,17.7,32,10,1,80940,261074,1,0,N
3d208f7b-c52e-4fb4-9ea2-b506af63220e,906f970d-681e-4bdd-ad4b-08a0ab9c89a6,Fully Paid,266871,Long Term,689,845861,10+ years,Home Mortgage,Debt Consolidation,15578.1,32.8,33,10,0,412623,552354,0,0,Y
bcf2b88d-9157-4c52-a1d7-7761d15b6e31,a2f50f00-44a7-4b19-8d90-99d7590f8537,Charged Off,671946,Long Term,723,1168129.5,7 years,Rent,Debt Consolidation,38760.38,17.3,33,13,0,880593,1234442,0,0,N
617e1701-67c7-4599-9ae9-5891a58fec50,96aa1b52-496d-40dd-b2ee-5305559684b6,Charged Off,48488,Short Term,683,1142166,2 years,Rent,other,13420.46,16.4,29,11,0,169803,768020,0,0,Y
5e512cb7-e071-4310-9c3d-e56205616c86,9e0bf23e-a657-4052-adc3-a9a4e406608d,Fully Paid,332486,Long Term,657,593427,3 years,Rent,Debt Consolidation,5533.75,13.7,43,2,0,198360,286022,0,0,N
38604a29-37e4-4f9e-9df1-794ddaa0093b,0969ef37-1387-4cf2-bf5a-569fb3510066,Fully Paid,782716,Short Term,703,2510755,4 years,Home Mortgage,Debt Consolidation,36405.9,20.8,33,8,0,448305,650496,0,0,Y
2cd935a9-a901-4295-8471-9bdcfcec1a38,a72ce732-1028-40bf-be2d-a92d0ad157bc,Fully Paid,133254,Short Term,723,1168129.5,7 years,Home Mortgage,Debt Consolidation,26944.09,21.8,33,7,0,563217,756558,0,0,Y
b16498ff-b2ce-4818-8e54-a79a5b0b23d9,a66452df-4938-44e9-bf48-1f5f61780dff,Fully Paid,266871,Short Term,737,3451464,< 1 year,Home Mortgage,Debt Consolidation,22233.23,16.9,24,9,0,374338,539770,0,0,Y
5826e8e8-d49b-448f-bc8f-442c65814ccd,4592eec7-7939-4448-b040-0182f5b85a86,Charged Off,788634,Long Term,683,1731926,10+ years,Home Mortgage,Debt Consolidation,25834.49,30.9,33,18,0,881524,1883244,0,0,Y
56b911e6-873b-4589-8f54-66668639fb60,5c828bae-028e-4c5c-a1d8-a2748735b6d6,Charged Off,273922,Short Term,704,1038616,10+ years,Rent,Debt Consolidation,13069.34,16.2,33,11,0,201970,244882,0,0,N
027e4946-fce2-4741-8743-112de92fe35f,f98274b4-c2a3-4542-a04d-104b0225e231,Fully Paid,266871,Short Term,750,2705220,8 years,Home Mortgage,Home Improvements,13751.63,18.9,54,8,0,721829,1592008,0,0,Y
f2e36a1c-c802-4795-b691-52a216ed1854,978586ee-05e8-4d9e-a01e-e844538ffcc2,Fully Paid,101926,Long Term,711,511442,< 1 year,Home Mortgage,Home Improvements,9653.52,18.7,16,8,1,165547,276628,1,0,N
c25d3124-8415-41b5-8817-51885283c860,4adc8ca4-ed21-4567-bda2-e6caef29bd4b,Fully Paid,266871,Short Term,744,1331064,1 year,Rent,Debt Consolidation,6145.17,13.7,29,3,0,2337,58872,0,0,Y
a5b3a876-b3ec-4ae2-836a-45bd09be2ea9,7b3250d2-400e-4a96-a912-972495ee464d,Fully Paid,467940,Short Term,725,1010325,8 years,Rent,Debt Consolidation,6524.98,18,36,5,0,214871,321860,0,0,Y
3bbf0bde-b3cc-4184-9bde-19675e9ce3b6,729aa0fe-b5c2-4c9e-9bda-bbbae9a472d9,Fully Paid,245234,Long Term,705,813162,< 1 year,Rent,Debt Consolidation,18567.18,7.4,33,9,0,206568,422576,0,0,Y
424d0ec1-9b33-41e9-83a3-21c7f710434e,8ea60eb5-c8c2-4557-a107-662b31021e28,Fully Paid,88352,Long Term,696,992047,4 years,Rent,Buy a Car,1777.45,20.5,37,6,0,67032,103774,0,0,N
6a9dc9df-1d80-4995-96b1-5b7b8b23f1b3,4863932d-8653-419c-86a7-64b78bc966b6,Charged Off,450296,Long Term,739,864120,10+ years,Home Mortgage,Debt Consolidation,18578.77,22.5,38,7,0,59280,367004,0,0,Y
f35273d0-f6c0-4a73-ba03-65d4ad356d1f,b8701e4d-a8b3-41e3-b800-ec88e2781c4e,Charged Off,234278,Short Term,734,2081583,10+ years,Rent,Debt Consolidation,30529.96,16.3,74,25,0,154888,838090,0,0,Y
daa0fd5f-a43f-46e6-8063-0f242f57c8ca,ece59f5c-b40e-4867-965e-4b3337934660,Fully Paid,445104,Short Term,672,2104630,10+ years,Home Mortgage,Debt Consolidation,27851.34,22.4,33,17,0,541158,832128,0,0,Y
a1a5d600-b078-4cfd-a705-68f57d447fb9,0cc91c49-d4fb-4917-91a3-0ccfe423d7d5,Fully Paid,266871,Short Term,717,2315872,3 years,Rent,Debt Consolidation,13605.71,15.2,33,10,0,480738,722920,0,0,Y
9cee7dd6-7f9e-460b-a3b9-ab215ca56154,1c7523f0-f98a-4eff-9507-ad2b333aa311,Charged Off,179080,Short Term,727,502645,< 1 year,Rent,Debt Consolidation,13529.52,13,49,10,0,197011,333520,0,0,N
e056ac53-bcb9-49e5-8367-a86fbc62cd5a,b8c577ae-aafe-47f0-abc7-b9f0785b20cc,Fully Paid,516538,Long Term,721,2323472,6 years,Home Mortgage,Debt Consolidation,36594.57,17.3,33,14,0,774782,1125630,0,0,Y
68db976d-8f37-479b-992f-4819697f3797,e95d8b59-2907-47a8-9a76-39221da3997c,Fully Paid,268466,Long Term,722,2318532,5 years,Rent,Buy House,21639.67,14.5,33,9,1,121296,282018,1,0,Y
f971d8b6-5552-4c5a-9504-6c4d6f93b9fe,6d5448de-74b8-4dc3-a893-d07c30ca6ff8,Fully Paid,287430,Short Term,723,1168129.5,5 years,Home Mortgage,Debt Consolidation,31683.83,21.7,14,16,1,217018,330638,1,0,N
35f8f1fe-2244-4d5c-bf21-eb8e149527a8,9e0b33f9-067a-4979-8e9e-3c169484518a,Charged Off,502810,Long Term,636,1453937,9 years,Home Mortgage,Debt Consolidation,22293.65,20.2,23,6,0,69331,94314,0,0,N
55b9a30e-7a16-4483-b35a-6656531b4c8d,a7f3171e-b94f-4ee2-8806-962cc8244450,Fully Paid,109406,Short Term,732,944775,7 years,Home Mortgage,Debt Consolidation,17084.8,21.2,27,6,0,58653,72182,0,0,Y
02a17652-846b-4ca8-8a7c-1dce678ca459,4341e5fc-e0e4-4919-89b9-d6afd56e5424,Fully Paid,402094,Long Term,745,1504819,5 years,Home Mortgage,Debt Consolidation,14170.39,22.8,51,14,0,292087,1142614,0,0,Y
81342a95-5a03-4f80-af51-e59d520c3a2f,911525d9-a6bd-4fa2-b50e-80c3df52dc37,Fully Paid,134288,Short Term,721,1198387,9 years,Rent,Debt Consolidation,10286.22,23.6,28,8,0,93119,109692,0,0,Y
a2c2bc87-f86c-4ab3-ace4-6c25d13fef8d,786dbaee-3c3f-4210-b4fe-e9cdeabc8894,Fully Paid,206756,Short Term,726,529872,10+ years,Rent,Debt Consolidation,12981.75,15.2,33,6,0,120859,157586,0,0,Y
86fc1225-6e5e-4269-97fe-b6caf344b4f3,c7a44e80-b739-4317-8c2b-b9060a8c02a4,Fully Paid,266871,Short Term,732,1318695,10+ years,Home Mortgage,Debt Consolidation,30879.56,14.2,33,12,0,237215,305536,0,0,Y
219d11dc-7fc2-460b-a8f8-f4d9f55fdb82,6e3ddedf-8484-48f5-becd-2248c7d0e0d9,Fully Paid,37598,Short Term,690,222718,2 years,Own Home,Debt Consolidation,3433.49,9,33,6,0,82194,105270,0,0,N
0cfcd648-fd1e-49f4-b8e3-d259584f50f0,ba1bc983-aa8b-4712-a4c6-ea3d837759e5,Fully Paid,157080,Short Term,720,1280125,10+ years,Rent,Debt Consolidation,20588.59,22.7,5,10,0,127756,283404,0,0,Y
611ff936-d4da-43d2-ad26-37c50c922489,56e718a0-92d5-4f8b-8539-89ad35ce7169,Fully Paid,33484,Short Term,722,1530108,1 year,Rent,Other,18871.37,10,24,19,0,21964,69102,0,0,Y
963f48fe-f9cc-4f33-bc1e-805bfa4af96a,8bd7e755-6d55-414b-bdce-2cc4561bb223,Fully Paid,109978,Short Term,751,1044696,< 1 year,Rent,Debt Consolidation,16540.83,18.9,32,18,0,42826,378598,0,0,Y
172d6746-5fdf-4587-858d-3a86f03aa298,98ae6bad-e4a5-4844-b8ea-291cf132ea45,Fully Paid,66132,Short Term,718,761520,10+ years,Own Home,Debt Consolidation,7107.52,21.5,27,6,0,52934,147664,0,0,Y
37fb5e64-bf64-41b8-94c6-82813ee199ff,5708f88b-a42c-4c68-99d6-8e7f37ced52a,Fully Paid,505252,Long Term,725,975555,2 years,Home Mortgage,Debt Consolidation,18291.68,13.6,33,17,0,275785,1013760,0,0,Y
8e204144-e04d-46cf-89da-6f9bfb8c0687,0480a681-8935-4cf0-8699-789696ce470a,Fully Paid,108570,Short Term,742,720119,10+ years,Rent,vacation,6505.03,30.5,62,8,0,26087,97746,0,0,Y
f435d1a9-8111-49a0-a2f5-170897375f19,0aadfb40-c02e-4a7c-a5f2-a2890ce0d796,Charged Off,179806,Short Term,723,1168129.5,8 years,Home Mortgage,Debt Consolidation,15034.89,34,10,13,0,288667,415756,0,0,Y
4217545a-d369-4ee4-9430-87c6c5083833,96ffb210-6dd6-4c56-80d1-1044185301ea,Fully Paid,130064,Short Term,736,936035,3 years,Rent,other,8658.3,16,33,9,0,140106,318714,0,0,Y
afc6bd92-fb01-489e-b72c-2f2653e76243,3190471a-ea53-44f5-b0bf-8a5e1bc8c948,Fully Paid,255156,Short Term,737,862277,10+ years,Rent,Debt Consolidation,8622.77,38.3,73,11,1,297654,618772,1,0,N
c0f0f2cc-f503-4a6e-b472-9d8acb73f3ec,47fa3c11-2e10-48b0-b59b-cda6f7f3c161,Fully Paid,474166,Short Term,747,2885226,4 years,Rent,Debt Consolidation,35824.69,20.1,33,8,0,753882,1142548,0,0,Y
c28a87cd-1dc2-40f0-9104-a48b87fef151,feb567e7-9746-4cbf-a939-de2d0412ef84,Fully Paid,139414,Short Term,726,526794,< 1 year,Home Mortgage,Debt Consolidation,7989.69,6.5,33,14,0,187625,400840,0,0,N
ad9c4d10-0f1c-4629-a7db-c5e23b9983b6,9f35f3f5-b9bc-40a1-b82f-d77570315445,Fully Paid,765314,Short Term,740,4060091,< 1 year,Home Mortgage,Other,22161.22,20.9,33,7,0,587879,1409320,0,0,Y
c66cd5a2-7ec7-4ed1-8fc7-135ce97ea0a0,17931585-63b3-49bf-897e-b14b61d3285e,Fully Paid,175890,Short Term,706,856900,9 years,Own Home,Debt Consolidation,15638.52,12,33,12,0,86412,232144,0,0,Y
da795dc7-9960-49d9-9ef4-94a28a51f168,cc4bd6b1-d485-4bad-ad6b-f856fa20f2d1,Fully Paid,388168,Short Term,693,1042929,2 years,Own Home,Business Loan,0,19.8,33,2,0,0,0,0,0,Y
a0b7bf00-e4dd-4ac7-a3b1-a428c6867a20,534279fb-e7bc-48ee-b3e6-4ff4b03a994f,Charged Off,132682,Short Term,718,630268,7 years,Rent,Debt Consolidation,4432.89,9.8,53,8,0,47557,136972,0,0,Y
cb4bd449-07f1-458f-bfbd-bbd33c49c68c,075960b3-4f1a-40f2-a2aa-af722916315b,Fully Paid,108702,Short Term,747,600761,5 years,Rent,Debt Consolidation,8711.12,10.4,33,5,0,94620,258412,0,0,Y
376136db-32d1-4881-a6f8-2b6d9d90f5de,9e229a36-73ca-4eb3-bfde-bec3273ddd4c,Fully Paid,218944,Short Term,727,718542,10+ years,Rent,Take a Trip,11616.22,16.8,33,12,0,10564,532114,0,0,N
966e89eb-1d91-44bb-9ff3-bcc2e00dacb6,683873ce-b81f-4254-b33e-0e5c815d796a,Fully Paid,448228,Short Term,723,1168129.5,2 years,Home Mortgage,Debt Consolidation,19103.74,15.4,33,13,0,411654,791780,0,0,Y
ea0f993d-1a56-419b-81fc-4a284e84a217,6415b38b-67e7-4a34-988e-f2916b982dc2,Fully Paid,132660,Short Term,720,553755,2 years,Home Mortgage,Debt Consolidation,4203.94,6.8,33,5,0,171456,287298,0,0,Y
51645b1b-025e-4d5a-b3d6-37d319d0d172,f522c40d-88cf-4d54-90ab-90d9670cfae0,Charged Off,337634,Long Term,728,653144,5 years,Rent,Business Loan,4376.08,13.1,33,3,0,209,61908,0,0,Y
f1ee9ce0-50ea-4fbe-991b-2220513b4713,c63bc59d-51f1-4534-9288-a10136b48a2f,Fully Paid,431420,Short Term,749,1490360,5 years,Home Mortgage,Home Improvements,2744.74,30.8,33,10,0,784871,11957990,0,0,Y
9dfcdcd2-5a77-438e-8b7c-913fc7043626,2fdbe282-15ad-4d2c-a48d-e60e4b339a47,Fully Paid,54098,Short Term,739,411027,< 1 year,Rent,Debt Consolidation,5857.13,16,19,12,0,184015,479864,0,0,Y
09240909-1f4a-4be5-bcbd-0146bd5f8521,fb5dd724-701e-4537-b641-2cb76a9610ac,Fully Paid,49038,Short Term,716,577467,2 years,Rent,Debt Consolidation,7795.89,8.6,33,7,0,47652,77066,0,0,Y
a6d1e549-cacf-4386-a18b-b96be66cfa70,8e019b6a-7659-4fd9-989a-20bdece85ab5,Charged Off,553080,Short Term,740,1910640,1 year,Rent,Business Loan,2499.64,26,28,9,0,323,376090,0,0,Y
a36278d6-2bb3-461f-b803-5e1c84cafe44,7eeae236-23ee-4a6d-ad6b-d21f91121529,Fully Paid,321750,Short Term,723,1168129.5,6 years,Rent,Debt Consolidation,3002.19,19,33,4,1,66063,173844,1,0,N
92264b0f-6c2e-4be5-89f5-2eac7007f9c7,aee8ae64-29a4-4a0d-8896-03f613eabbe5,Fully Paid,178860,Short Term,681,714457,10+ years,Home Mortgage,Home Improvements,11371.88,14.2,49,8,2,57570,270952,2,0,N
ba5cf34b-49b4-4dff-89b4-266f9bf7db5e,4343b7d7-1e92-4df4-ae50-060b4faf11f8,Fully Paid,573936,Long Term,723,2001783,< 1 year,Rent,Debt Consolidation,39868.84,21.6,33,14,0,305653,941226,0,0,Y
